<?xml version="1.0" encoding="UTF-8"?>
<osm version="0.6" generator="openstreetmap-cgimap 2.1.0 (917561 spike-06.openstreetmap.org)" copyright="OpenStreetMap and contributors" attribution="http://www.openstreetmap.org/copyright" license="http://opendatacommons.org/licenses/odbl/1-0/">
 <bounds minlat="31.3894910" minlon="120.9408580" maxlat="31.3959290" maxlon="120.9527030"/>
 <node id="854844292" visible="true" version="5" changeset="92478434" timestamp="2020-10-14T14:17:05Z" user="Spartan117GW" uid="11987453" lat="31.3936431" lon="120.9528984"/>
 <node id="854844719" visible="true" version="2" changeset="32534404" timestamp="2015-07-10T05:03:16Z" user="schulf" uid="1825040" lat="31.3929291" lon="120.9811447">
  <tag k="source" v="PGS"/>
 </node>
 <node id="3385449266" visible="true" version="2" changeset="115006155" timestamp="2021-12-16T12:02:05Z" user="神諭者" uid="6591408" lat="31.3936158" lon="120.9462558">
  <tag k="name" v="玉峰山"/>
  <tag k="natural" v="peak"/>
 </node>
 <node id="3392411527" visible="true" version="2" changeset="33172641" timestamp="2015-08-07T07:29:12Z" user="Sharkmouse" uid="598053" lat="31.3957929" lon="120.9486848"/>
 <node id="3392411528" visible="true" version="2" changeset="33172641" timestamp="2015-08-07T07:29:12Z" user="Sharkmouse" uid="598053" lat="31.3932555" lon="120.9387873"/>
 <node id="3392411529" visible="true" version="2" changeset="33172641" timestamp="2015-08-07T07:29:12Z" user="Sharkmouse" uid="598053" lat="31.3925461" lon="120.9495440"/>
 <node id="3392411531" visible="true" version="2" changeset="33172641" timestamp="2015-08-07T07:29:12Z" user="Sharkmouse" uid="598053" lat="31.3890113" lon="120.9414322"/>
 <node id="3392414040" visible="true" version="3" changeset="33089080" timestamp="2015-08-04T07:07:24Z" user="Sharkmouse" uid="598053" lat="31.3904604" lon="120.9465019"/>
 <node id="3392414041" visible="true" version="2" changeset="134940968" timestamp="2023-04-15T13:40:49Z" user="shanhulittle" uid="11213533" lat="31.3902394" lon="120.9492156"/>
 <node id="3392414042" visible="true" version="3" changeset="134940968" timestamp="2023-04-15T13:40:49Z" user="shanhulittle" uid="11213533" lat="31.3887214" lon="120.9471707"/>
 <node id="3392414044" visible="true" version="3" changeset="134940968" timestamp="2023-04-15T13:40:49Z" user="shanhulittle" uid="11213533" lat="31.3907559" lon="120.9474563"/>
 <node id="3392418061" visible="true" version="3" changeset="29780826" timestamp="2015-03-27T15:55:36Z" user="daiquping" uid="2286161" lat="31.3898790" lon="120.9512935"/>
 <node id="3392418062" visible="true" version="2" changeset="29778936" timestamp="2015-03-27T14:48:33Z" user="daiquping" uid="2286161" lat="31.3902703" lon="120.9536107"/>
 <node id="3392418066" visible="true" version="4" changeset="53000003" timestamp="2017-10-17T04:15:58Z" user="Austin Zhu" uid="4816761" lat="31.3901223" lon="120.9597847"/>
 <node id="3392418072" visible="true" version="3" changeset="115860615" timestamp="2022-01-07T03:53:23Z" user="神諭者" uid="6591408" lat="31.3901612" lon="120.9450920"/>
 <node id="3392418076" visible="true" version="2" changeset="29778936" timestamp="2015-03-27T14:48:33Z" user="daiquping" uid="2286161" lat="31.3908235" lon="120.9573878"/>
 <node id="3421669895" visible="true" version="2" changeset="123542487" timestamp="2022-07-13T04:20:35Z" user="shanhulittle" uid="11213533" lat="31.3852678" lon="120.9518215"/>
 <node id="3421669910" visible="true" version="1" changeset="29778936" timestamp="2015-03-27T14:48:31Z" user="daiquping" uid="2286161" lat="31.3897563" lon="120.9503049"/>
 <node id="3421669914" visible="true" version="1" changeset="29778936" timestamp="2015-03-27T14:48:31Z" user="daiquping" uid="2286161" lat="31.3864866" lon="120.9514475"/>
 <node id="3421669915" visible="true" version="1" changeset="29778936" timestamp="2015-03-27T14:48:31Z" user="daiquping" uid="2286161" lat="31.3878925" lon="120.9509647"/>
 <node id="3421669922" visible="true" version="3" changeset="115860615" timestamp="2022-01-07T03:53:23Z" user="神諭者" uid="6591408" lat="31.3916126" lon="120.9494664"/>
 <node id="3421669937" visible="true" version="1" changeset="29778936" timestamp="2015-03-27T14:48:31Z" user="daiquping" uid="2286161" lat="31.3903974" lon="120.9499776"/>
 <node id="3421669948" visible="true" version="2" changeset="115860615" timestamp="2022-01-07T03:53:23Z" user="神諭者" uid="6591408" lat="31.3911392" lon="120.9495902"/>
 <node id="3421669966" visible="true" version="1" changeset="29778936" timestamp="2015-03-27T14:48:32Z" user="daiquping" uid="2286161" lat="31.3886802" lon="120.9507018"/>
 <node id="3421756902" visible="true" version="3" changeset="134940968" timestamp="2023-04-15T13:40:49Z" user="shanhulittle" uid="11213533" lat="31.3917746" lon="120.9499656"/>
 <node id="3421756903" visible="true" version="1" changeset="29780826" timestamp="2015-03-27T15:55:34Z" user="daiquping" uid="2286161" lat="31.3897034" lon="120.9503244"/>
 <node id="3421756906" visible="true" version="1" changeset="29780826" timestamp="2015-03-27T15:55:34Z" user="daiquping" uid="2286161" lat="31.3958090" lon="120.9501380"/>
 <node id="3421756912" visible="true" version="2" changeset="143761026" timestamp="2023-11-08T03:12:11Z" user="Lepuse" uid="9560399" lat="31.3935616" lon="120.9377521"/>
 <node id="3421756922" visible="true" version="1" changeset="29780826" timestamp="2015-03-27T15:55:34Z" user="daiquping" uid="2286161" lat="31.3945269" lon="120.9513826"/>
 <node id="3421756925" visible="true" version="1" changeset="29780826" timestamp="2015-03-27T15:55:34Z" user="daiquping" uid="2286161" lat="31.3945205" lon="120.9417298"/>
 <node id="3421756927" visible="true" version="1" changeset="29780826" timestamp="2015-03-27T15:55:34Z" user="daiquping" uid="2286161" lat="31.3955892" lon="120.9446459"/>
 <node id="3421756929" visible="true" version="1" changeset="29780826" timestamp="2015-03-27T15:55:34Z" user="daiquping" uid="2286161" lat="31.3919442" lon="120.9621329"/>
 <node id="3421756936" visible="true" version="1" changeset="29780826" timestamp="2015-03-27T15:55:34Z" user="daiquping" uid="2286161" lat="31.3919259" lon="120.9582276"/>
 <node id="3421756947" visible="true" version="1" changeset="29780826" timestamp="2015-03-27T15:55:35Z" user="daiquping" uid="2286161" lat="31.3919626" lon="120.9703726"/>
 <node id="3421756948" visible="true" version="1" changeset="29780826" timestamp="2015-03-27T15:55:35Z" user="daiquping" uid="2286161" lat="31.3960838" lon="120.9492368"/>
 <node id="3421756951" visible="true" version="1" changeset="29780826" timestamp="2015-03-27T15:55:35Z" user="daiquping" uid="2286161" lat="31.3959858" lon="120.9464934"/>
 <node id="3421756955" visible="true" version="1" changeset="29780826" timestamp="2015-03-27T15:55:35Z" user="daiquping" uid="2286161" lat="31.3923839" lon="120.9560818"/>
 <node id="3422801459" visible="true" version="3" changeset="140460977" timestamp="2023-08-27T17:04:31Z" user="ParadoX_ZLWC" uid="2507347" lat="31.3880510" lon="120.9509118"/>
 <node id="3422801481" visible="true" version="2" changeset="96436567" timestamp="2020-12-25T22:37:06Z" user="lorenzo23622" uid="476483" lat="31.3945779" lon="120.9490386"/>
 <node id="3422801482" visible="true" version="1" changeset="29798440" timestamp="2015-03-28T03:19:53Z" user="daiquping" uid="2286161" lat="31.3931905" lon="120.9494626"/>
 <node id="3422801703" visible="true" version="3" changeset="134940968" timestamp="2023-04-15T13:40:49Z" user="shanhulittle" uid="11213533" lat="31.3980298" lon="120.9484325"/>
 <node id="3422801728" visible="true" version="2" changeset="88728756" timestamp="2020-07-30T11:02:17Z" user="IjRiver" uid="10811276" lat="31.3874262" lon="120.9465250"/>
 <node id="3643592285" visible="true" version="1" changeset="32534404" timestamp="2015-07-10T05:03:13Z" user="schulf" uid="1825040" lat="31.3920932" lon="120.9770167"/>
 <node id="3643592286" visible="true" version="1" changeset="32534404" timestamp="2015-07-10T05:03:13Z" user="schulf" uid="1825040" lat="31.3925188" lon="120.9793580"/>
 <node id="3643931415" visible="true" version="1" changeset="32536803" timestamp="2015-07-10T08:08:33Z" user="schulf" uid="1825040" lat="31.3919614" lon="120.9698317"/>
 <node id="3644248493" visible="true" version="2" changeset="57031262" timestamp="2018-03-09T12:41:53Z" user="JamesDHMok" uid="7682626" lat="31.3713048" lon="120.9417738"/>
 <node id="3644248494" visible="true" version="1" changeset="32539094" timestamp="2015-07-10T10:10:53Z" user="schulf" uid="1825040" lat="31.3723814" lon="120.9417960"/>
 <node id="3644248495" visible="true" version="1" changeset="32539094" timestamp="2015-07-10T10:10:53Z" user="schulf" uid="1825040" lat="31.3747165" lon="120.9423610"/>
 <node id="3644248496" visible="true" version="1" changeset="32539094" timestamp="2015-07-10T10:10:53Z" user="schulf" uid="1825040" lat="31.3778577" lon="120.9434989"/>
 <node id="3644248497" visible="true" version="1" changeset="32539094" timestamp="2015-07-10T10:10:53Z" user="schulf" uid="1825040" lat="31.3782158" lon="120.9438001"/>
 <node id="3644248498" visible="true" version="1" changeset="32539094" timestamp="2015-07-10T10:10:53Z" user="schulf" uid="1825040" lat="31.3808917" lon="120.9445686"/>
 <node id="3644248499" visible="true" version="1" changeset="32539094" timestamp="2015-07-10T10:10:53Z" user="schulf" uid="1825040" lat="31.3819787" lon="120.9446892"/>
 <node id="3644248500" visible="true" version="1" changeset="32539094" timestamp="2015-07-10T10:10:53Z" user="schulf" uid="1825040" lat="31.3826220" lon="120.9446816"/>
 <node id="3644248501" visible="true" version="1" changeset="32539094" timestamp="2015-07-10T10:10:53Z" user="schulf" uid="1825040" lat="31.3847703" lon="120.9444857"/>
 <node id="3644248502" visible="true" version="1" changeset="32539094" timestamp="2015-07-10T10:10:53Z" user="schulf" uid="1825040" lat="31.3866227" lon="120.9440713"/>
 <node id="3644248503" visible="true" version="1" changeset="32539094" timestamp="2015-07-10T10:10:53Z" user="schulf" uid="1825040" lat="31.3868092" lon="120.9438754"/>
 <node id="3644248504" visible="true" version="1" changeset="32539094" timestamp="2015-07-10T10:10:53Z" user="schulf" uid="1825040" lat="31.3871758" lon="120.9439056"/>
 <node id="3644248505" visible="true" version="1" changeset="32539094" timestamp="2015-07-10T10:10:53Z" user="schulf" uid="1825040" lat="31.3889896" lon="120.9430693"/>
 <node id="3644248506" visible="true" version="1" changeset="32539094" timestamp="2015-07-10T10:10:53Z" user="schulf" uid="1825040" lat="31.3927006" lon="120.9409973"/>
 <node id="3644248507" visible="true" version="1" changeset="32539094" timestamp="2015-07-10T10:10:53Z" user="schulf" uid="1825040" lat="31.3947442" lon="120.9423403"/>
 <node id="3645587497" visible="true" version="1" changeset="32559036" timestamp="2015-07-11T07:18:04Z" user="schulf" uid="1825040" lat="31.3907706" lon="120.9570266"/>
 <node id="3645587513" visible="true" version="1" changeset="32559036" timestamp="2015-07-11T07:18:04Z" user="schulf" uid="1825040" lat="31.3919342" lon="120.9600080"/>
 <node id="3649281849" visible="true" version="1" changeset="32608013" timestamp="2015-07-13T17:00:00Z" user="schulf" uid="1825040" lat="31.3920129" lon="120.9729303"/>
 <node id="3659659344" visible="true" version="1" changeset="32767954" timestamp="2015-07-21T04:49:17Z" user="schulf" uid="1825040" lat="31.3917048" lon="120.9698699"/>
 <node id="3659659354" visible="true" version="1" changeset="32767954" timestamp="2015-07-21T04:49:17Z" user="schulf" uid="1825040" lat="31.3923430" lon="120.9699626"/>
 <node id="3665538593" visible="true" version="1" changeset="32866216" timestamp="2015-07-25T08:07:16Z" user="schulf" uid="1825040" lat="31.3915865" lon="120.9583018"/>
 <node id="3665538594" visible="true" version="1" changeset="32866216" timestamp="2015-07-25T08:07:16Z" user="schulf" uid="1825040" lat="31.3916187" lon="120.9578622"/>
 <node id="3665538595" visible="true" version="1" changeset="32866216" timestamp="2015-07-25T08:07:16Z" user="schulf" uid="1825040" lat="31.3916759" lon="120.9586032"/>
 <node id="3665538596" visible="true" version="1" changeset="32866216" timestamp="2015-07-25T08:07:16Z" user="schulf" uid="1825040" lat="31.3916902" lon="120.9595620"/>
 <node id="3665538597" visible="true" version="1" changeset="32866216" timestamp="2015-07-25T08:07:16Z" user="schulf" uid="1825040" lat="31.3917080" lon="120.9646615"/>
 <node id="3665538598" visible="true" version="1" changeset="32866216" timestamp="2015-07-25T08:07:16Z" user="schulf" uid="1825040" lat="31.3917509" lon="120.9688524"/>
 <node id="3665538599" visible="true" version="1" changeset="32866216" timestamp="2015-07-25T08:07:17Z" user="schulf" uid="1825040" lat="31.3917759" lon="120.9606882"/>
 <node id="3665538600" visible="true" version="1" changeset="32866216" timestamp="2015-07-25T08:07:17Z" user="schulf" uid="1825040" lat="31.3918260" lon="120.9575440"/>
 <node id="3665538601" visible="true" version="1" changeset="32866216" timestamp="2015-07-25T08:07:17Z" user="schulf" uid="1825040" lat="31.3919403" lon="120.9574812"/>
 <node id="3665538602" visible="true" version="1" changeset="32866216" timestamp="2015-07-25T08:07:17Z" user="schulf" uid="1825040" lat="31.3921939" lon="120.9662622"/>
 <node id="3665538603" visible="true" version="1" changeset="32866216" timestamp="2015-07-25T08:07:17Z" user="schulf" uid="1825040" lat="31.3922275" lon="120.9694869"/>
 <node id="3665538604" visible="true" version="1" changeset="32866216" timestamp="2015-07-25T08:07:17Z" user="schulf" uid="1825040" lat="31.3922572" lon="120.9695048"/>
 <node id="3665538605" visible="true" version="1" changeset="32866216" timestamp="2015-07-25T08:07:17Z" user="schulf" uid="1825040" lat="31.3922589" lon="120.9576939"/>
 <node id="3665538606" visible="true" version="1" changeset="32866216" timestamp="2015-07-25T08:07:17Z" user="schulf" uid="1825040" lat="31.3922622" lon="120.9696336"/>
 <node id="3665538607" visible="true" version="1" changeset="32866216" timestamp="2015-07-25T08:07:17Z" user="schulf" uid="1825040" lat="31.3922761" lon="120.9581116"/>
 <node id="3665538608" visible="true" version="1" changeset="32866216" timestamp="2015-07-25T08:07:17Z" user="schulf" uid="1825040" lat="31.3922799" lon="120.9697727"/>
 <node id="3665538609" visible="true" version="1" changeset="32866216" timestamp="2015-07-25T08:07:17Z" user="schulf" uid="1825040" lat="31.3922811" lon="120.9599507"/>
 <node id="3665538610" visible="true" version="1" changeset="32866216" timestamp="2015-07-25T08:07:17Z" user="schulf" uid="1825040" lat="31.3922976" lon="120.9698704"/>
 <node id="3665538611" visible="true" version="1" changeset="32866216" timestamp="2015-07-25T08:07:17Z" user="schulf" uid="1825040" lat="31.3923120" lon="120.9553417"/>
 <node id="3665538612" visible="true" version="1" changeset="32866216" timestamp="2015-07-25T08:07:17Z" user="schulf" uid="1825040" lat="31.3923322" lon="120.9574197"/>
 <node id="3665538613" visible="true" version="1" changeset="32866216" timestamp="2015-07-25T08:07:17Z" user="schulf" uid="1825040" lat="31.3923375" lon="120.9577798"/>
 <node id="3665538614" visible="true" version="1" changeset="32866216" timestamp="2015-07-25T08:07:17Z" user="schulf" uid="1825040" lat="31.3923750" lon="120.9574218"/>
 <node id="3665538615" visible="true" version="1" changeset="32866216" timestamp="2015-07-25T08:07:17Z" user="schulf" uid="1825040" lat="31.3925407" lon="120.9373261"/>
 <node id="3665538616" visible="true" version="1" changeset="32866216" timestamp="2015-07-25T08:07:17Z" user="schulf" uid="1825040" lat="31.3925931" lon="120.9562118"/>
 <node id="3665538617" visible="true" version="1" changeset="32866216" timestamp="2015-07-25T08:07:17Z" user="schulf" uid="1825040" lat="31.3926216" lon="120.9562369"/>
 <node id="3665538618" visible="true" version="1" changeset="32866216" timestamp="2015-07-25T08:07:17Z" user="schulf" uid="1825040" lat="31.3927402" lon="120.9548850"/>
 <node id="3665538619" visible="true" version="1" changeset="32866216" timestamp="2015-07-25T08:07:17Z" user="schulf" uid="1825040" lat="31.3928410" lon="120.9540397"/>
 <node id="3665538620" visible="true" version="1" changeset="32866216" timestamp="2015-07-25T08:07:17Z" user="schulf" uid="1825040" lat="31.3928838" lon="120.9371670"/>
 <node id="3665538621" visible="true" version="1" changeset="32866216" timestamp="2015-07-25T08:07:17Z" user="schulf" uid="1825040" lat="31.3929410" lon="120.9539559"/>
 <node id="3665538623" visible="true" version="1" changeset="32866216" timestamp="2015-07-25T08:07:17Z" user="schulf" uid="1825040" lat="31.3930911" lon="120.9535121"/>
 <node id="3665538624" visible="true" version="1" changeset="32866216" timestamp="2015-07-25T08:07:17Z" user="schulf" uid="1825040" lat="31.3931410" lon="120.9545311"/>
 <node id="3665607326" visible="true" version="1" changeset="32866216" timestamp="2015-07-25T08:07:17Z" user="schulf" uid="1825040" lat="31.3932913" lon="120.9523357"/>
 <node id="3665607328" visible="true" version="1" changeset="32866216" timestamp="2015-07-25T08:07:17Z" user="schulf" uid="1825040" lat="31.3935627" lon="120.9538236"/>
 <node id="3665607330" visible="true" version="1" changeset="32866216" timestamp="2015-07-25T08:07:17Z" user="schulf" uid="1825040" lat="31.3936415" lon="120.9367148"/>
 <node id="3665607331" visible="true" version="1" changeset="32866216" timestamp="2015-07-25T08:07:17Z" user="schulf" uid="1825040" lat="31.3936665" lon="120.9365306"/>
 <node id="3665607332" visible="true" version="1" changeset="32866216" timestamp="2015-07-25T08:07:17Z" user="schulf" uid="1825040" lat="31.3936699" lon="120.9537482"/>
 <node id="3665607334" visible="true" version="1" changeset="32866216" timestamp="2015-07-25T08:07:17Z" user="schulf" uid="1825040" lat="31.3938988" lon="120.9511131"/>
 <node id="3665607335" visible="true" version="1" changeset="32866216" timestamp="2015-07-25T08:07:17Z" user="schulf" uid="1825040" lat="31.3939105" lon="120.9383702"/>
 <node id="3665607337" visible="true" version="1" changeset="32866216" timestamp="2015-07-25T08:07:17Z" user="schulf" uid="1825040" lat="31.3939426" lon="120.9380395"/>
 <node id="3665607338" visible="true" version="1" changeset="32866216" timestamp="2015-07-25T08:07:17Z" user="schulf" uid="1825040" lat="31.3939426" lon="120.9389438"/>
 <node id="3665607340" visible="true" version="1" changeset="32866216" timestamp="2015-07-25T08:07:17Z" user="schulf" uid="1825040" lat="31.3940141" lon="120.9377255"/>
 <node id="3665607341" visible="true" version="1" changeset="32866216" timestamp="2015-07-25T08:07:17Z" user="schulf" uid="1825040" lat="31.3940199" lon="120.9392556"/>
 <node id="3665607342" visible="true" version="1" changeset="32866216" timestamp="2015-07-25T08:07:17Z" user="schulf" uid="1825040" lat="31.3940847" lon="120.9508828"/>
 <node id="3665607343" visible="true" version="1" changeset="32866216" timestamp="2015-07-25T08:07:17Z" user="schulf" uid="1825040" lat="31.3940892" lon="120.9394755"/>
 <node id="3665607344" visible="true" version="1" changeset="32866216" timestamp="2015-07-25T08:07:17Z" user="schulf" uid="1825040" lat="31.3941738" lon="120.9529653"/>
 <node id="3665607345" visible="true" version="1" changeset="32866216" timestamp="2015-07-25T08:07:17Z" user="schulf" uid="1825040" lat="31.3942357" lon="120.9372105"/>
 <node id="3665607346" visible="true" version="1" changeset="32866216" timestamp="2015-07-25T08:07:17Z" user="schulf" uid="1825040" lat="31.3942631" lon="120.9529025"/>
 <node id="3665607348" visible="true" version="1" changeset="32866216" timestamp="2015-07-25T08:07:17Z" user="schulf" uid="1825040" lat="31.3945921" lon="120.9354798"/>
 <node id="3665607350" visible="true" version="1" changeset="32866216" timestamp="2015-07-25T08:07:17Z" user="schulf" uid="1825040" lat="31.3946350" lon="120.9354881"/>
 <node id="3665607351" visible="true" version="1" changeset="32866216" timestamp="2015-07-25T08:07:17Z" user="schulf" uid="1825040" lat="31.3946485" lon="120.9522301"/>
 <node id="3665607352" visible="true" version="1" changeset="32866216" timestamp="2015-07-25T08:07:17Z" user="schulf" uid="1825040" lat="31.3946636" lon="120.9355928"/>
 <node id="3665607353" visible="true" version="1" changeset="32866216" timestamp="2015-07-25T08:07:17Z" user="schulf" uid="1825040" lat="31.3947351" lon="120.9356975"/>
 <node id="3665607355" visible="true" version="1" changeset="32866216" timestamp="2015-07-25T08:07:17Z" user="schulf" uid="1825040" lat="31.3948352" lon="120.9356598"/>
 <node id="3665607356" visible="true" version="1" changeset="32866216" timestamp="2015-07-25T08:07:17Z" user="schulf" uid="1825040" lat="31.3952221" lon="120.9357661"/>
 <node id="3665607357" visible="true" version="1" changeset="32866216" timestamp="2015-07-25T08:07:17Z" user="schulf" uid="1825040" lat="31.3952649" lon="120.9356446"/>
 <node id="3665607359" visible="true" version="1" changeset="32866216" timestamp="2015-07-25T08:07:17Z" user="schulf" uid="1825040" lat="31.3954401" lon="120.9353976"/>
 <node id="3665607360" visible="true" version="1" changeset="32866216" timestamp="2015-07-25T08:07:17Z" user="schulf" uid="1825040" lat="31.3955642" lon="120.9500455"/>
 <node id="3665607363" visible="true" version="1" changeset="32866216" timestamp="2015-07-25T08:07:17Z" user="schulf" uid="1825040" lat="31.3956786" lon="120.9344247"/>
 <node id="3665607364" visible="true" version="1" changeset="32866216" timestamp="2015-07-25T08:07:17Z" user="schulf" uid="1825040" lat="31.3956822" lon="120.9499325"/>
 <node id="3665607365" visible="true" version="1" changeset="32866216" timestamp="2015-07-25T08:07:17Z" user="schulf" uid="1825040" lat="31.3956831" lon="120.9351674"/>
 <node id="3665607367" visible="true" version="1" changeset="32866216" timestamp="2015-07-25T08:07:17Z" user="schulf" uid="1825040" lat="31.3957715" lon="120.9494677"/>
 <node id="3665607371" visible="true" version="1" changeset="32866216" timestamp="2015-07-25T08:07:17Z" user="schulf" uid="1825040" lat="31.3958260" lon="120.9444117"/>
 <node id="3665607372" visible="true" version="1" changeset="32866216" timestamp="2015-07-25T08:07:17Z" user="schulf" uid="1825040" lat="31.3959272" lon="120.9502880"/>
 <node id="3665607373" visible="true" version="1" changeset="32866216" timestamp="2015-07-25T08:07:17Z" user="schulf" uid="1825040" lat="31.3960226" lon="120.9452784"/>
 <node id="3665607374" visible="true" version="1" changeset="32866216" timestamp="2015-07-25T08:07:17Z" user="schulf" uid="1825040" lat="31.3961334" lon="120.9345770"/>
 <node id="3665607375" visible="true" version="1" changeset="32866216" timestamp="2015-07-25T08:07:18Z" user="schulf" uid="1825040" lat="31.3961597" lon="120.9498558"/>
 <node id="3665607377" visible="true" version="1" changeset="32866216" timestamp="2015-07-25T08:07:18Z" user="schulf" uid="1825040" lat="31.3963568" lon="120.9483785"/>
 <node id="3665607378" visible="true" version="1" changeset="32866216" timestamp="2015-07-25T08:07:18Z" user="schulf" uid="1825040" lat="31.3963644" lon="120.9487989"/>
 <node id="3665607379" visible="true" version="1" changeset="32866216" timestamp="2015-07-25T08:07:18Z" user="schulf" uid="1825040" lat="31.3967373" lon="120.9342212"/>
 <node id="3665607380" visible="true" version="1" changeset="32866216" timestamp="2015-07-25T08:07:18Z" user="schulf" uid="1825040" lat="31.3967579" lon="120.9335120"/>
 <node id="3665607381" visible="true" version="3" changeset="96436725" timestamp="2020-12-25T22:48:19Z" user="lorenzo23622" uid="476483" lat="31.3971227" lon="120.9334037"/>
 <node id="3665607382" visible="true" version="1" changeset="32866216" timestamp="2015-07-25T08:07:18Z" user="schulf" uid="1825040" lat="31.3972591" lon="120.9339867"/>
 <node id="3665607383" visible="true" version="1" changeset="32866216" timestamp="2015-07-25T08:07:18Z" user="schulf" uid="1825040" lat="31.3975298" lon="120.9333361"/>
 <node id="3665607384" visible="true" version="1" changeset="32866216" timestamp="2015-07-25T08:07:18Z" user="schulf" uid="1825040" lat="31.3976737" lon="120.9338946"/>
 <node id="3665607385" visible="true" version="1" changeset="32866216" timestamp="2015-07-25T08:07:18Z" user="schulf" uid="1825040" lat="31.3983606" lon="120.9338299"/>
 <node id="3665607387" visible="true" version="1" changeset="32866216" timestamp="2015-07-25T08:07:18Z" user="schulf" uid="1825040" lat="31.3988592" lon="120.9332356"/>
 <node id="3665607388" visible="true" version="1" changeset="32866216" timestamp="2015-07-25T08:07:18Z" user="schulf" uid="1825040" lat="31.3991808" lon="120.9332022"/>
 <node id="3665607389" visible="true" version="1" changeset="32866216" timestamp="2015-07-25T08:07:18Z" user="schulf" uid="1825040" lat="31.3992523" lon="120.9331310"/>
 <node id="3665607390" visible="true" version="1" changeset="32866216" timestamp="2015-07-25T08:07:18Z" user="schulf" uid="1825040" lat="31.3994102" lon="120.9338335"/>
 <node id="3665607395" visible="true" version="1" changeset="32866216" timestamp="2015-07-25T08:07:18Z" user="schulf" uid="1825040" lat="31.3996275" lon="120.9331477"/>
 <node id="3665607396" visible="true" version="1" changeset="32866216" timestamp="2015-07-25T08:07:18Z" user="schulf" uid="1825040" lat="31.3996347" lon="120.9328002"/>
 <node id="3665607399" visible="true" version="1" changeset="32866216" timestamp="2015-07-25T08:07:18Z" user="schulf" uid="1825040" lat="31.3998562" lon="120.9327877"/>
 <node id="3665607400" visible="true" version="1" changeset="32866216" timestamp="2015-07-25T08:07:18Z" user="schulf" uid="1825040" lat="31.3998741" lon="120.9332398"/>
 <node id="3665607401" visible="true" version="2" changeset="96436725" timestamp="2020-12-25T22:48:19Z" user="lorenzo23622" uid="476483" lat="31.3999138" lon="120.9333274"/>
 <node id="3665607402" visible="true" version="2" changeset="96436725" timestamp="2020-12-25T22:48:19Z" user="lorenzo23622" uid="476483" lat="31.3999715" lon="120.9333370"/>
 <node id="3665607403" visible="true" version="1" changeset="32866216" timestamp="2015-07-25T08:07:18Z" user="schulf" uid="1825040" lat="31.4010477" lon="120.9339252"/>
 <node id="3665607404" visible="true" version="1" changeset="32866216" timestamp="2015-07-25T08:07:18Z" user="schulf" uid="1825040" lat="31.4010477" lon="120.9339756"/>
 <node id="3665607407" visible="true" version="1" changeset="32866216" timestamp="2015-07-25T08:07:18Z" user="schulf" uid="1825040" lat="31.4013607" lon="120.9331561"/>
 <node id="3665607408" visible="true" version="1" changeset="32866216" timestamp="2015-07-25T08:07:18Z" user="schulf" uid="1825040" lat="31.4013714" lon="120.9333403"/>
 <node id="3665607409" visible="true" version="1" changeset="32866216" timestamp="2015-07-25T08:07:18Z" user="schulf" uid="1825040" lat="31.4015657" lon="120.9340288"/>
 <node id="3665607410" visible="true" version="1" changeset="32866216" timestamp="2015-07-25T08:07:18Z" user="schulf" uid="1825040" lat="31.4015834" lon="120.9339548"/>
 <node id="3665607411" visible="true" version="1" changeset="32866216" timestamp="2015-07-25T08:07:18Z" user="schulf" uid="1825040" lat="31.4020938" lon="120.9331792"/>
 <node id="3665607412" visible="true" version="1" changeset="32866216" timestamp="2015-07-25T08:07:18Z" user="schulf" uid="1825040" lat="31.4021216" lon="120.9334190"/>
 <node id="3665607413" visible="true" version="1" changeset="32866216" timestamp="2015-07-25T08:07:18Z" user="schulf" uid="1825040" lat="31.4021999" lon="120.9334249"/>
 <node id="3665607414" visible="true" version="1" changeset="32866216" timestamp="2015-07-25T08:07:18Z" user="schulf" uid="1825040" lat="31.4022429" lon="120.9333687"/>
 <node id="3665607415" visible="true" version="1" changeset="32866216" timestamp="2015-07-25T08:07:18Z" user="schulf" uid="1825040" lat="31.4022479" lon="120.9331703"/>
 <node id="3665607416" visible="true" version="1" changeset="32866216" timestamp="2015-07-25T08:07:18Z" user="schulf" uid="1825040" lat="31.4031551" lon="120.9332798"/>
 <node id="3665607417" visible="true" version="1" changeset="32866216" timestamp="2015-07-25T08:07:18Z" user="schulf" uid="1825040" lat="31.4032612" lon="120.9334160"/>
 <node id="3665607418" visible="true" version="1" changeset="32866216" timestamp="2015-07-25T08:07:18Z" user="schulf" uid="1825040" lat="31.4033395" lon="120.9340081"/>
 <node id="3665607419" visible="true" version="1" changeset="32866216" timestamp="2015-07-25T08:07:18Z" user="schulf" uid="1825040" lat="31.4033435" lon="120.9334268"/>
 <node id="3679866400" visible="true" version="2" changeset="134940968" timestamp="2023-04-15T13:40:49Z" user="shanhulittle" uid="11213533" lat="31.3879390" lon="120.9488588"/>
 <node id="3679866401" visible="true" version="2" changeset="134940968" timestamp="2023-04-15T13:40:49Z" user="shanhulittle" uid="11213533" lat="31.3902053" lon="120.9493207"/>
 <node id="3679866402" visible="true" version="1" changeset="33089080" timestamp="2015-08-04T07:07:23Z" user="Sharkmouse" uid="598053" lat="31.3901639" lon="120.9467559"/>
 <node id="3679866403" visible="true" version="1" changeset="33089080" timestamp="2015-08-04T07:07:23Z" user="Sharkmouse" uid="598053" lat="31.3893275" lon="120.9470701"/>
 <node id="3679866404" visible="true" version="1" changeset="33089080" timestamp="2015-08-04T07:07:23Z" user="Sharkmouse" uid="598053" lat="31.3891802" lon="120.9471626"/>
 <node id="3679866405" visible="true" version="1" changeset="33089080" timestamp="2015-08-04T07:07:23Z" user="Sharkmouse" uid="598053" lat="31.3891487" lon="120.9472149"/>
 <node id="3679866406" visible="true" version="1" changeset="33089080" timestamp="2015-08-04T07:07:23Z" user="Sharkmouse" uid="598053" lat="31.3891039" lon="120.9473197"/>
 <node id="3679866407" visible="true" version="1" changeset="33089080" timestamp="2015-08-04T07:07:23Z" user="Sharkmouse" uid="598053" lat="31.3890855" lon="120.9474337"/>
 <node id="3679866408" visible="true" version="1" changeset="33089080" timestamp="2015-08-04T07:07:23Z" user="Sharkmouse" uid="598053" lat="31.3890829" lon="120.9475538"/>
 <node id="3679866409" visible="true" version="1" changeset="33089080" timestamp="2015-08-04T07:07:23Z" user="Sharkmouse" uid="598053" lat="31.3891013" lon="120.9476463"/>
 <node id="3679866410" visible="true" version="1" changeset="33089080" timestamp="2015-08-04T07:07:23Z" user="Sharkmouse" uid="598053" lat="31.3891513" lon="120.9477726"/>
 <node id="3679866411" visible="true" version="1" changeset="33089080" timestamp="2015-08-04T07:07:23Z" user="Sharkmouse" uid="598053" lat="31.3892223" lon="120.9478712"/>
 <node id="3679866412" visible="true" version="1" changeset="33089080" timestamp="2015-08-04T07:07:23Z" user="Sharkmouse" uid="598053" lat="31.3893485" lon="120.9479698"/>
 <node id="3679866413" visible="true" version="1" changeset="33089080" timestamp="2015-08-04T07:07:23Z" user="Sharkmouse" uid="598053" lat="31.3894090" lon="120.9479790"/>
 <node id="3679866414" visible="true" version="1" changeset="33089080" timestamp="2015-08-04T07:07:23Z" user="Sharkmouse" uid="598053" lat="31.3895826" lon="120.9479729"/>
 <node id="3679866415" visible="true" version="1" changeset="33089080" timestamp="2015-08-04T07:07:23Z" user="Sharkmouse" uid="598053" lat="31.3903927" lon="120.9476925"/>
 <node id="3679866416" visible="true" version="1" changeset="33089080" timestamp="2015-08-04T07:07:23Z" user="Sharkmouse" uid="598053" lat="31.3904979" lon="120.9476155"/>
 <node id="3679866417" visible="true" version="1" changeset="33089080" timestamp="2015-08-04T07:07:23Z" user="Sharkmouse" uid="598053" lat="31.3905716" lon="120.9475230"/>
 <node id="3679866418" visible="true" version="1" changeset="33089080" timestamp="2015-08-04T07:07:23Z" user="Sharkmouse" uid="598053" lat="31.3906242" lon="120.9474183"/>
 <node id="3679866419" visible="true" version="1" changeset="33089080" timestamp="2015-08-04T07:07:23Z" user="Sharkmouse" uid="598053" lat="31.3906636" lon="120.9472519"/>
 <node id="3679866420" visible="true" version="1" changeset="33089080" timestamp="2015-08-04T07:07:23Z" user="Sharkmouse" uid="598053" lat="31.3906633" lon="120.9471303"/>
 <node id="3679866421" visible="true" version="1" changeset="33089080" timestamp="2015-08-04T07:07:24Z" user="Sharkmouse" uid="598053" lat="31.3906089" lon="120.9469617"/>
 <node id="3679866422" visible="true" version="1" changeset="33089080" timestamp="2015-08-04T07:07:24Z" user="Sharkmouse" uid="598053" lat="31.3905032" lon="120.9468144"/>
 <node id="3679866423" visible="true" version="1" changeset="33089080" timestamp="2015-08-04T07:07:24Z" user="Sharkmouse" uid="598053" lat="31.3904190" lon="120.9467589"/>
 <node id="3679866424" visible="true" version="1" changeset="33089080" timestamp="2015-08-04T07:07:24Z" user="Sharkmouse" uid="598053" lat="31.3903191" lon="120.9467189"/>
 <node id="3679867225" visible="true" version="1" changeset="33089080" timestamp="2015-08-04T07:07:24Z" user="Sharkmouse" uid="598053" lat="31.3902375" lon="120.9467250"/>
 <node id="3680259737" visible="true" version="1" changeset="33094439" timestamp="2015-08-04T11:08:29Z" user="Sharkmouse" uid="598053" lat="31.3946493" lon="120.9522639"/>
 <node id="3680259738" visible="true" version="1" changeset="33094439" timestamp="2015-08-04T11:08:29Z" user="Sharkmouse" uid="598053" lat="31.3946584" lon="120.9522922"/>
 <node id="3680259739" visible="true" version="1" changeset="33094439" timestamp="2015-08-04T11:08:29Z" user="Sharkmouse" uid="598053" lat="31.3946886" lon="120.9523294"/>
 <node id="3680259740" visible="true" version="1" changeset="33094439" timestamp="2015-08-04T11:08:29Z" user="Sharkmouse" uid="598053" lat="31.3947732" lon="120.9524055"/>
 <node id="3680259741" visible="true" version="1" changeset="33094439" timestamp="2015-08-04T11:08:29Z" user="Sharkmouse" uid="598053" lat="31.3949408" lon="120.9523772"/>
 <node id="3680259742" visible="true" version="1" changeset="33094439" timestamp="2015-08-04T11:08:29Z" user="Sharkmouse" uid="598053" lat="31.3951251" lon="120.9523135"/>
 <node id="3680259743" visible="true" version="1" changeset="33094439" timestamp="2015-08-04T11:08:29Z" user="Sharkmouse" uid="598053" lat="31.3954408" lon="120.9522126"/>
 <node id="3680259744" visible="true" version="1" changeset="33094439" timestamp="2015-08-04T11:08:29Z" user="Sharkmouse" uid="598053" lat="31.3954438" lon="120.9521754"/>
 <node id="3680259745" visible="true" version="1" changeset="33094439" timestamp="2015-08-04T11:08:29Z" user="Sharkmouse" uid="598053" lat="31.3960148" lon="120.9519135"/>
 <node id="3680259746" visible="true" version="1" changeset="33094439" timestamp="2015-08-04T11:08:29Z" user="Sharkmouse" uid="598053" lat="31.3960375" lon="120.9519702"/>
 <node id="3680259747" visible="true" version="1" changeset="33094439" timestamp="2015-08-04T11:08:29Z" user="Sharkmouse" uid="598053" lat="31.3963834" lon="120.9518905"/>
 <node id="3680259748" visible="true" version="1" changeset="33094439" timestamp="2015-08-04T11:08:29Z" user="Sharkmouse" uid="598053" lat="31.3965601" lon="120.9518463"/>
 <node id="3680259749" visible="true" version="1" changeset="33094439" timestamp="2015-08-04T11:08:29Z" user="Sharkmouse" uid="598053" lat="31.3968652" lon="120.9517649"/>
 <node id="3680259750" visible="true" version="1" changeset="33094439" timestamp="2015-08-04T11:08:29Z" user="Sharkmouse" uid="598053" lat="31.3968773" lon="120.9518038"/>
 <node id="3680259751" visible="true" version="1" changeset="33094439" timestamp="2015-08-04T11:08:29Z" user="Sharkmouse" uid="598053" lat="31.3969891" lon="120.9517755"/>
 <node id="3680259752" visible="true" version="1" changeset="33094439" timestamp="2015-08-04T11:08:29Z" user="Sharkmouse" uid="598053" lat="31.3969891" lon="120.9517153"/>
 <node id="3680259753" visible="true" version="2" changeset="49741536" timestamp="2017-06-22T09:34:28Z" user="schulf" uid="1825040" lat="31.4030027" lon="120.9499664"/>
 <node id="3680259754" visible="true" version="2" changeset="49741536" timestamp="2017-06-22T09:34:28Z" user="schulf" uid="1825040" lat="31.4031272" lon="120.9504047"/>
 <node id="3680259755" visible="true" version="1" changeset="33094439" timestamp="2015-08-04T11:08:29Z" user="Sharkmouse" uid="598053" lat="31.3958682" lon="120.9523762"/>
 <node id="3680259756" visible="true" version="1" changeset="33094439" timestamp="2015-08-04T11:08:29Z" user="Sharkmouse" uid="598053" lat="31.3950326" lon="120.9526390"/>
 <node id="3680259757" visible="true" version="1" changeset="33094439" timestamp="2015-08-04T11:08:29Z" user="Sharkmouse" uid="598053" lat="31.3944693" lon="120.9528161"/>
 <node id="3680259758" visible="true" version="1" changeset="33094439" timestamp="2015-08-04T11:08:29Z" user="Sharkmouse" uid="598053" lat="31.3943297" lon="120.9528697"/>
 <node id="3683282586" visible="true" version="1" changeset="33145406" timestamp="2015-08-06T04:48:06Z" user="KUNSHAN_Sam" uid="3126748" lat="31.3790466" lon="120.9440387"/>
 <node id="3683282588" visible="true" version="1" changeset="33145406" timestamp="2015-08-06T04:48:06Z" user="KUNSHAN_Sam" uid="3126748" lat="31.3789814" lon="120.9440200"/>
 <node id="3685004720" visible="true" version="1" changeset="33172641" timestamp="2015-08-07T07:29:11Z" user="Sharkmouse" uid="598053" lat="31.3930232" lon="120.9385445"/>
 <node id="3685004721" visible="true" version="1" changeset="33172641" timestamp="2015-08-07T07:29:11Z" user="Sharkmouse" uid="598053" lat="31.3926304" lon="120.9382365"/>
 <node id="3685004722" visible="true" version="1" changeset="33172641" timestamp="2015-08-07T07:29:11Z" user="Sharkmouse" uid="598053" lat="31.3924112" lon="120.9381758"/>
 <node id="3685062825" visible="true" version="1" changeset="33172641" timestamp="2015-08-07T07:29:11Z" user="Sharkmouse" uid="598053" lat="31.3910899" lon="120.9385004"/>
 <node id="3685062826" visible="true" version="1" changeset="33172641" timestamp="2015-08-07T07:29:11Z" user="Sharkmouse" uid="598053" lat="31.3912923" lon="120.9389158"/>
 <node id="3685062827" visible="true" version="1" changeset="33172641" timestamp="2015-08-07T07:29:11Z" user="Sharkmouse" uid="598053" lat="31.3911020" lon="120.9393547"/>
 <node id="3685062828" visible="true" version="1" changeset="33172641" timestamp="2015-08-07T07:29:11Z" user="Sharkmouse" uid="598053" lat="31.3908150" lon="120.9397121"/>
 <node id="3685062829" visible="true" version="1" changeset="33172641" timestamp="2015-08-07T07:29:11Z" user="Sharkmouse" uid="598053" lat="31.3904645" lon="120.9401404"/>
 <node id="3685062830" visible="true" version="1" changeset="33172641" timestamp="2015-08-07T07:29:11Z" user="Sharkmouse" uid="598053" lat="31.3888814" lon="120.9410358"/>
 <node id="3685062831" visible="true" version="1" changeset="33172641" timestamp="2015-08-07T07:29:11Z" user="Sharkmouse" uid="598053" lat="31.3897727" lon="120.9436583"/>
 <node id="3685062832" visible="true" version="1" changeset="33172641" timestamp="2015-08-07T07:29:11Z" user="Sharkmouse" uid="598053" lat="31.3908633" lon="120.9465428"/>
 <node id="3685062833" visible="true" version="2" changeset="134940968" timestamp="2023-04-15T13:40:49Z" user="shanhulittle" uid="11213533" lat="31.3920060" lon="120.9497571"/>
 <node id="3685062834" visible="true" version="1" changeset="33172641" timestamp="2015-08-07T07:29:11Z" user="Sharkmouse" uid="598053" lat="31.3947922" lon="120.9489014"/>
 <node id="3685062835" visible="true" version="1" changeset="33172641" timestamp="2015-08-07T07:29:11Z" user="Sharkmouse" uid="598053" lat="31.3957143" lon="120.9485718"/>
 <node id="3685062836" visible="true" version="1" changeset="33172641" timestamp="2015-08-07T07:29:11Z" user="Sharkmouse" uid="598053" lat="31.3956000" lon="120.9485885"/>
 <node id="3685062837" visible="true" version="1" changeset="33172641" timestamp="2015-08-07T07:29:11Z" user="Sharkmouse" uid="598053" lat="31.3955714" lon="120.9482996"/>
 <node id="3685062838" visible="true" version="1" changeset="33172641" timestamp="2015-08-07T07:29:11Z" user="Sharkmouse" uid="598053" lat="31.3958108" lon="120.9481489"/>
 <node id="3685062839" visible="true" version="1" changeset="33172641" timestamp="2015-08-07T07:29:11Z" user="Sharkmouse" uid="598053" lat="31.3957751" lon="120.9462355"/>
 <node id="3685062840" visible="true" version="1" changeset="33172641" timestamp="2015-08-07T07:29:11Z" user="Sharkmouse" uid="598053" lat="31.3953652" lon="120.9445817"/>
 <node id="3685062841" visible="true" version="1" changeset="33172641" timestamp="2015-08-07T07:29:11Z" user="Sharkmouse" uid="598053" lat="31.3953820" lon="120.9446236"/>
 <node id="3685062842" visible="true" version="1" changeset="33172641" timestamp="2015-08-07T07:29:11Z" user="Sharkmouse" uid="598053" lat="31.3945921" lon="120.9426559"/>
 <node id="3685062843" visible="true" version="1" changeset="33172641" timestamp="2015-08-07T07:29:11Z" user="Sharkmouse" uid="598053" lat="31.3943563" lon="120.9416343"/>
 <node id="3685062844" visible="true" version="1" changeset="33172641" timestamp="2015-08-07T07:29:11Z" user="Sharkmouse" uid="598053" lat="31.3939917" lon="120.9407174"/>
 <node id="3685062845" visible="true" version="1" changeset="33172641" timestamp="2015-08-07T07:29:11Z" user="Sharkmouse" uid="598053" lat="31.3939417" lon="120.9404955"/>
 <node id="3685062846" visible="true" version="1" changeset="33172641" timestamp="2015-08-07T07:29:11Z" user="Sharkmouse" uid="598053" lat="31.3936951" lon="120.9398591"/>
 <node id="3685062847" visible="true" version="1" changeset="33172641" timestamp="2015-08-07T07:29:11Z" user="Sharkmouse" uid="598053" lat="31.3935915" lon="120.9394990"/>
 <node id="3685062848" visible="true" version="1" changeset="33172641" timestamp="2015-08-07T07:29:11Z" user="Sharkmouse" uid="598053" lat="31.3934235" lon="120.9390804"/>
 <node id="3686769953" visible="true" version="1" changeset="33199412" timestamp="2015-08-08T11:45:18Z" user="Sharkmouse" uid="598053" lat="31.3943692" lon="120.9416900"/>
 <node id="3686769954" visible="true" version="1" changeset="33199412" timestamp="2015-08-08T11:45:18Z" user="Sharkmouse" uid="598053" lat="31.3943479" lon="120.9417155"/>
 <node id="3686769955" visible="true" version="1" changeset="33199412" timestamp="2015-08-08T11:45:18Z" user="Sharkmouse" uid="598053" lat="31.3943026" lon="120.9417721"/>
 <node id="3686769956" visible="true" version="1" changeset="33199412" timestamp="2015-08-08T11:45:18Z" user="Sharkmouse" uid="598053" lat="31.3942723" lon="120.9417863"/>
 <node id="3686769957" visible="true" version="1" changeset="33199412" timestamp="2015-08-08T11:45:18Z" user="Sharkmouse" uid="598053" lat="31.3942270" lon="120.9417863"/>
 <node id="3686769958" visible="true" version="1" changeset="33199412" timestamp="2015-08-08T11:45:18Z" user="Sharkmouse" uid="598053" lat="31.3940518" lon="120.9416695"/>
 <node id="3686769959" visible="true" version="1" changeset="33199412" timestamp="2015-08-08T11:45:18Z" user="Sharkmouse" uid="598053" lat="31.3939068" lon="120.9415845"/>
 <node id="3686769960" visible="true" version="1" changeset="33199412" timestamp="2015-08-08T11:45:18Z" user="Sharkmouse" uid="598053" lat="31.3937255" lon="120.9414819"/>
 <node id="3686769961" visible="true" version="1" changeset="33199412" timestamp="2015-08-08T11:45:18Z" user="Sharkmouse" uid="598053" lat="31.3935503" lon="120.9413757"/>
 <node id="3686769962" visible="true" version="1" changeset="33199412" timestamp="2015-08-08T11:45:18Z" user="Sharkmouse" uid="598053" lat="31.3934415" lon="120.9412943"/>
 <node id="3686769963" visible="true" version="1" changeset="33199412" timestamp="2015-08-08T11:45:18Z" user="Sharkmouse" uid="598053" lat="31.3932512" lon="120.9411704"/>
 <node id="3686769964" visible="true" version="1" changeset="33199412" timestamp="2015-08-08T11:45:18Z" user="Sharkmouse" uid="598053" lat="31.3931304" lon="120.9410466"/>
 <node id="3686769965" visible="true" version="1" changeset="33199412" timestamp="2015-08-08T11:45:18Z" user="Sharkmouse" uid="598053" lat="31.3929944" lon="120.9408696"/>
 <node id="3686769966" visible="true" version="1" changeset="33199412" timestamp="2015-08-08T11:45:18Z" user="Sharkmouse" uid="598053" lat="31.3929159" lon="120.9407103"/>
 <node id="3686769967" visible="true" version="1" changeset="33199412" timestamp="2015-08-08T11:45:18Z" user="Sharkmouse" uid="598053" lat="31.3927739" lon="120.9403918"/>
 <node id="3686769968" visible="true" version="1" changeset="33199412" timestamp="2015-08-08T11:45:18Z" user="Sharkmouse" uid="598053" lat="31.3926289" lon="120.9401689"/>
 <node id="3686769969" visible="true" version="1" changeset="33199412" timestamp="2015-08-08T11:45:18Z" user="Sharkmouse" uid="598053" lat="31.3925413" lon="120.9400485"/>
 <node id="3686769970" visible="true" version="1" changeset="33199412" timestamp="2015-08-08T11:45:18Z" user="Sharkmouse" uid="598053" lat="31.3924687" lon="120.9399388"/>
 <node id="3686769971" visible="true" version="1" changeset="33199412" timestamp="2015-08-08T11:45:18Z" user="Sharkmouse" uid="598053" lat="31.3924174" lon="120.9398255"/>
 <node id="3686769972" visible="true" version="1" changeset="33199412" timestamp="2015-08-08T11:45:18Z" user="Sharkmouse" uid="598053" lat="31.3920730" lon="120.9400874"/>
 <node id="3686769973" visible="true" version="1" changeset="33199412" timestamp="2015-08-08T11:45:18Z" user="Sharkmouse" uid="598053" lat="31.3922029" lon="120.9403812"/>
 <node id="3686769974" visible="true" version="1" changeset="33199412" timestamp="2015-08-08T11:45:18Z" user="Sharkmouse" uid="598053" lat="31.3922633" lon="120.9404803"/>
 <node id="3686769975" visible="true" version="1" changeset="33199412" timestamp="2015-08-08T11:45:18Z" user="Sharkmouse" uid="598053" lat="31.3922965" lon="120.9405511"/>
 <node id="3686769976" visible="true" version="1" changeset="33199412" timestamp="2015-08-08T11:45:18Z" user="Sharkmouse" uid="598053" lat="31.3923086" lon="120.9405936"/>
 <node id="3686769977" visible="true" version="1" changeset="33199412" timestamp="2015-08-08T11:45:18Z" user="Sharkmouse" uid="598053" lat="31.3923268" lon="120.9406750"/>
 <node id="3686769978" visible="true" version="1" changeset="33199412" timestamp="2015-08-08T11:45:18Z" user="Sharkmouse" uid="598053" lat="31.3923177" lon="120.9408059"/>
 <node id="3686769979" visible="true" version="1" changeset="33199412" timestamp="2015-08-08T11:45:18Z" user="Sharkmouse" uid="598053" lat="31.3922935" lon="120.9409298"/>
 <node id="3686769980" visible="true" version="1" changeset="33199412" timestamp="2015-08-08T11:45:18Z" user="Sharkmouse" uid="598053" lat="31.3922512" lon="120.9410253"/>
 <node id="3686769981" visible="true" version="1" changeset="33199412" timestamp="2015-08-08T11:45:18Z" user="Sharkmouse" uid="598053" lat="31.3922029" lon="120.9410926"/>
 <node id="3686769982" visible="true" version="1" changeset="33199412" timestamp="2015-08-08T11:45:18Z" user="Sharkmouse" uid="598053" lat="31.3921062" lon="120.9411740"/>
 <node id="3686769983" visible="true" version="1" changeset="33199412" timestamp="2015-08-08T11:45:19Z" user="Sharkmouse" uid="598053" lat="31.3917316" lon="120.9413014"/>
 <node id="3686769984" visible="true" version="1" changeset="33199412" timestamp="2015-08-08T11:45:19Z" user="Sharkmouse" uid="598053" lat="31.3914627" lon="120.9413863"/>
 <node id="3686769985" visible="true" version="1" changeset="33199412" timestamp="2015-08-08T11:45:19Z" user="Sharkmouse" uid="598053" lat="31.3912452" lon="120.9415491"/>
 <node id="3686769986" visible="true" version="1" changeset="33199412" timestamp="2015-08-08T11:45:19Z" user="Sharkmouse" uid="598053" lat="31.3907255" lon="120.9419066"/>
 <node id="3686769987" visible="true" version="1" changeset="33199412" timestamp="2015-08-08T11:45:19Z" user="Sharkmouse" uid="598053" lat="31.3905171" lon="120.9420482"/>
 <node id="3686769988" visible="true" version="1" changeset="33199412" timestamp="2015-08-08T11:45:19Z" user="Sharkmouse" uid="598053" lat="31.3895714" lon="120.9425366"/>
 <node id="3686769989" visible="true" version="2" changeset="33674772" timestamp="2015-08-30T02:01:10Z" user="KUNSHAN_Sam" uid="3126748" lat="31.3893970" lon="120.9426077"/>
 <node id="3686769990" visible="true" version="1" changeset="33199412" timestamp="2015-08-08T11:45:19Z" user="Sharkmouse" uid="598053" lat="31.3895046" lon="120.9428744"/>
 <node id="3686769991" visible="true" version="1" changeset="33199412" timestamp="2015-08-08T11:45:19Z" user="Sharkmouse" uid="598053" lat="31.3899400" lon="120.9426392"/>
 <node id="3686769992" visible="true" version="1" changeset="33199412" timestamp="2015-08-08T11:45:19Z" user="Sharkmouse" uid="598053" lat="31.3905745" lon="120.9423348"/>
 <node id="3686769993" visible="true" version="1" changeset="33199412" timestamp="2015-08-08T11:45:19Z" user="Sharkmouse" uid="598053" lat="31.3913751" lon="120.9418783"/>
 <node id="3686769994" visible="true" version="1" changeset="33199412" timestamp="2015-08-08T11:45:19Z" user="Sharkmouse" uid="598053" lat="31.3919098" lon="120.9415845"/>
 <node id="3686769995" visible="true" version="1" changeset="33199412" timestamp="2015-08-08T11:45:19Z" user="Sharkmouse" uid="598053" lat="31.3921878" lon="120.9414642"/>
 <node id="3686769996" visible="true" version="1" changeset="33199412" timestamp="2015-08-08T11:45:19Z" user="Sharkmouse" uid="598053" lat="31.3923449" lon="120.9413899"/>
 <node id="3686769997" visible="true" version="1" changeset="33199412" timestamp="2015-08-08T11:45:19Z" user="Sharkmouse" uid="598053" lat="31.3924536" lon="120.9413863"/>
 <node id="3686769998" visible="true" version="1" changeset="33199412" timestamp="2015-08-08T11:45:19Z" user="Sharkmouse" uid="598053" lat="31.3925987" lon="120.9413828"/>
 <node id="3686769999" visible="true" version="1" changeset="33199412" timestamp="2015-08-08T11:45:19Z" user="Sharkmouse" uid="598053" lat="31.3927014" lon="120.9414217"/>
 <node id="3686770000" visible="true" version="1" changeset="33199412" timestamp="2015-08-08T11:45:19Z" user="Sharkmouse" uid="598053" lat="31.3928645" lon="120.9415527"/>
 <node id="3686770001" visible="true" version="1" changeset="33199412" timestamp="2015-08-08T11:45:19Z" user="Sharkmouse" uid="598053" lat="31.3932089" lon="120.9417155"/>
 <node id="3686770002" visible="true" version="1" changeset="33199412" timestamp="2015-08-08T11:45:19Z" user="Sharkmouse" uid="598053" lat="31.3935684" lon="120.9418783"/>
 <node id="3686770003" visible="true" version="1" changeset="33199412" timestamp="2015-08-08T11:45:19Z" user="Sharkmouse" uid="598053" lat="31.3938705" lon="120.9421119"/>
 <node id="3686770004" visible="true" version="1" changeset="33199412" timestamp="2015-08-08T11:45:19Z" user="Sharkmouse" uid="598053" lat="31.3942331" lon="120.9424056"/>
 <node id="3686770005" visible="true" version="1" changeset="33199412" timestamp="2015-08-08T11:45:19Z" user="Sharkmouse" uid="598053" lat="31.3944566" lon="120.9425649"/>
 <node id="3686770006" visible="true" version="1" changeset="33199412" timestamp="2015-08-08T11:45:19Z" user="Sharkmouse" uid="598053" lat="31.3941643" lon="120.9417445"/>
 <node id="3686770007" visible="true" version="1" changeset="33199412" timestamp="2015-08-08T11:45:19Z" user="Sharkmouse" uid="598053" lat="31.3939714" lon="120.9421936"/>
 <node id="3686770008" visible="true" version="2" changeset="167374000" timestamp="2025-06-09T00:04:02Z" user="Maps Man" uid="10216874" lat="31.3941019" lon="120.9419182">
  <tag k="seamark:type" v="gate"/>
  <tag k="waterway" v="lock_gate"/>
 </node>
 <node id="3686770015" visible="true" version="2" changeset="33646527" timestamp="2015-08-28T15:27:51Z" user="KUNSHAN_Sam" uid="3126748" lat="31.3922158" lon="120.9382271"/>
 <node id="3686770016" visible="true" version="2" changeset="33646527" timestamp="2015-08-28T15:27:51Z" user="KUNSHAN_Sam" uid="3126748" lat="31.3920779" lon="120.9382035"/>
 <node id="3686770017" visible="true" version="2" changeset="33646527" timestamp="2015-08-28T15:27:51Z" user="KUNSHAN_Sam" uid="3126748" lat="31.3919349" lon="120.9381789"/>
 <node id="3686770018" visible="true" version="2" changeset="33646527" timestamp="2015-08-28T15:27:51Z" user="KUNSHAN_Sam" uid="3126748" lat="31.3917560" lon="120.9381483"/>
 <node id="3686770019" visible="true" version="2" changeset="33646527" timestamp="2015-08-28T15:27:51Z" user="KUNSHAN_Sam" uid="3126748" lat="31.3915608" lon="120.9381148"/>
 <node id="3686770020" visible="true" version="2" changeset="33646527" timestamp="2015-08-28T15:27:51Z" user="KUNSHAN_Sam" uid="3126748" lat="31.3913986" lon="120.9380870"/>
 <node id="3686770021" visible="true" version="2" changeset="33646527" timestamp="2015-08-28T15:27:51Z" user="KUNSHAN_Sam" uid="3126748" lat="31.3913308" lon="120.9381524"/>
 <node id="3686772927" visible="true" version="1" changeset="33199412" timestamp="2015-08-08T11:45:19Z" user="Sharkmouse" uid="598053" lat="31.3896425" lon="120.9406053"/>
 <node id="3686772942" visible="true" version="1" changeset="33199412" timestamp="2015-08-08T11:45:20Z" user="Sharkmouse" uid="598053" lat="31.3907126" lon="120.9423824"/>
 <node id="3686772943" visible="true" version="1" changeset="33199412" timestamp="2015-08-08T11:45:20Z" user="Sharkmouse" uid="598053" lat="31.3907837" lon="120.9424616"/>
 <node id="3686772944" visible="true" version="1" changeset="33199412" timestamp="2015-08-08T11:45:20Z" user="Sharkmouse" uid="598053" lat="31.3909260" lon="120.9424027"/>
 <node id="3686772945" visible="true" version="1" changeset="33199412" timestamp="2015-08-08T11:45:20Z" user="Sharkmouse" uid="598053" lat="31.3910874" lon="120.9423498"/>
 <node id="3686772946" visible="true" version="1" changeset="33199412" timestamp="2015-08-08T11:45:20Z" user="Sharkmouse" uid="598053" lat="31.3911481" lon="120.9423661"/>
 <node id="3686772947" visible="true" version="1" changeset="33199412" timestamp="2015-08-08T11:45:20Z" user="Sharkmouse" uid="598053" lat="31.3912366" lon="120.9424230"/>
 <node id="3686772948" visible="true" version="1" changeset="33199412" timestamp="2015-08-08T11:45:20Z" user="Sharkmouse" uid="598053" lat="31.3912817" lon="120.9424718"/>
 <node id="3686772949" visible="true" version="1" changeset="33199412" timestamp="2015-08-08T11:45:20Z" user="Sharkmouse" uid="598053" lat="31.3913060" lon="120.9425287"/>
 <node id="3686772950" visible="true" version="1" changeset="33199412" timestamp="2015-08-08T11:45:20Z" user="Sharkmouse" uid="598053" lat="31.3913164" lon="120.9426141"/>
 <node id="3686772951" visible="true" version="1" changeset="33199412" timestamp="2015-08-08T11:45:20Z" user="Sharkmouse" uid="598053" lat="31.3912956" lon="120.9426588"/>
 <node id="3686772952" visible="true" version="1" changeset="33199412" timestamp="2015-08-08T11:45:20Z" user="Sharkmouse" uid="598053" lat="31.3912661" lon="120.9426873"/>
 <node id="3686772953" visible="true" version="1" changeset="33199412" timestamp="2015-08-08T11:45:20Z" user="Sharkmouse" uid="598053" lat="31.3912245" lon="120.9427015"/>
 <node id="3686772954" visible="true" version="1" changeset="33199412" timestamp="2015-08-08T11:45:20Z" user="Sharkmouse" uid="598053" lat="31.3911013" lon="120.9426710"/>
 <node id="3686772955" visible="true" version="1" changeset="33199412" timestamp="2015-08-08T11:45:20Z" user="Sharkmouse" uid="598053" lat="31.3910197" lon="120.9426649"/>
 <node id="3686772956" visible="true" version="1" changeset="33199412" timestamp="2015-08-08T11:45:20Z" user="Sharkmouse" uid="598053" lat="31.3908566" lon="120.9427218"/>
 <node id="3686772957" visible="true" version="1" changeset="33199412" timestamp="2015-08-08T11:45:20Z" user="Sharkmouse" uid="598053" lat="31.3907681" lon="120.9427259"/>
 <node id="3686772958" visible="true" version="1" changeset="33199412" timestamp="2015-08-08T11:45:20Z" user="Sharkmouse" uid="598053" lat="31.3907004" lon="120.9427970"/>
 <node id="3686772959" visible="true" version="1" changeset="33199412" timestamp="2015-08-08T11:45:20Z" user="Sharkmouse" uid="598053" lat="31.3906779" lon="120.9428804"/>
 <node id="3686772960" visible="true" version="1" changeset="33199412" timestamp="2015-08-08T11:45:20Z" user="Sharkmouse" uid="598053" lat="31.3906831" lon="120.9430044"/>
 <node id="3686772961" visible="true" version="1" changeset="33199412" timestamp="2015-08-08T11:45:20Z" user="Sharkmouse" uid="598053" lat="31.3907386" lon="120.9432625"/>
 <node id="3686772962" visible="true" version="1" changeset="33199412" timestamp="2015-08-08T11:45:20Z" user="Sharkmouse" uid="598053" lat="31.3907490" lon="120.9433845"/>
 <node id="3686772963" visible="true" version="1" changeset="33199412" timestamp="2015-08-08T11:45:20Z" user="Sharkmouse" uid="598053" lat="31.3907438" lon="120.9434475"/>
 <node id="3686772964" visible="true" version="1" changeset="33199412" timestamp="2015-08-08T11:45:20Z" user="Sharkmouse" uid="598053" lat="31.3908098" lon="120.9434902"/>
 <node id="3686772965" visible="true" version="1" changeset="33199412" timestamp="2015-08-08T11:45:20Z" user="Sharkmouse" uid="598053" lat="31.3908254" lon="120.9435837"/>
 <node id="3686772966" visible="true" version="1" changeset="33199412" timestamp="2015-08-08T11:45:20Z" user="Sharkmouse" uid="598053" lat="31.3908375" lon="120.9436630"/>
 <node id="3686772967" visible="true" version="1" changeset="33199412" timestamp="2015-08-08T11:45:20Z" user="Sharkmouse" uid="598053" lat="31.3908288" lon="120.9437463"/>
 <node id="3686772968" visible="true" version="1" changeset="33199412" timestamp="2015-08-08T11:45:20Z" user="Sharkmouse" uid="598053" lat="31.3908393" lon="120.9438317"/>
 <node id="3686772969" visible="true" version="1" changeset="33199412" timestamp="2015-08-08T11:45:20Z" user="Sharkmouse" uid="598053" lat="31.3908410" lon="120.9439211"/>
 <node id="3686772970" visible="true" version="1" changeset="33199412" timestamp="2015-08-08T11:45:20Z" user="Sharkmouse" uid="598053" lat="31.3908445" lon="120.9439842"/>
 <node id="3686772971" visible="true" version="1" changeset="33199412" timestamp="2015-08-08T11:45:20Z" user="Sharkmouse" uid="598053" lat="31.3908341" lon="120.9441956"/>
 <node id="3686772972" visible="true" version="1" changeset="33199412" timestamp="2015-08-08T11:45:20Z" user="Sharkmouse" uid="598053" lat="31.3908150" lon="120.9443318"/>
 <node id="3686772973" visible="true" version="1" changeset="33199412" timestamp="2015-08-08T11:45:20Z" user="Sharkmouse" uid="598053" lat="31.3907993" lon="120.9443805"/>
 <node id="3686772974" visible="true" version="1" changeset="33199412" timestamp="2015-08-08T11:45:20Z" user="Sharkmouse" uid="598053" lat="31.3907872" lon="120.9444131"/>
 <node id="3686772975" visible="true" version="1" changeset="33199412" timestamp="2015-08-08T11:45:20Z" user="Sharkmouse" uid="598053" lat="31.3907473" lon="120.9445574"/>
 <node id="3686772976" visible="true" version="1" changeset="33199412" timestamp="2015-08-08T11:45:20Z" user="Sharkmouse" uid="598053" lat="31.3906761" lon="120.9445472"/>
 <node id="3686772977" visible="true" version="1" changeset="33199412" timestamp="2015-08-08T11:45:20Z" user="Sharkmouse" uid="598053" lat="31.3907126" lon="120.9443013"/>
 <node id="3686772978" visible="true" version="1" changeset="33199412" timestamp="2015-08-08T11:45:20Z" user="Sharkmouse" uid="598053" lat="31.3906709" lon="120.9441407"/>
 <node id="3686772979" visible="true" version="1" changeset="33199412" timestamp="2015-08-08T11:45:20Z" user="Sharkmouse" uid="598053" lat="31.3906119" lon="120.9440634"/>
 <node id="3686772980" visible="true" version="1" changeset="33199412" timestamp="2015-08-08T11:45:20Z" user="Sharkmouse" uid="598053" lat="31.3905738" lon="120.9440533"/>
 <node id="3686772981" visible="true" version="1" changeset="33199412" timestamp="2015-08-08T11:45:20Z" user="Sharkmouse" uid="598053" lat="31.3904297" lon="120.9441021"/>
 <node id="3686772982" visible="true" version="1" changeset="33199412" timestamp="2015-08-08T11:45:20Z" user="Sharkmouse" uid="598053" lat="31.3903794" lon="120.9441508"/>
 <node id="3686772983" visible="true" version="1" changeset="33199412" timestamp="2015-08-08T11:45:20Z" user="Sharkmouse" uid="598053" lat="31.3903569" lon="120.9441915"/>
 <node id="3686772984" visible="true" version="1" changeset="33199412" timestamp="2015-08-08T11:45:20Z" user="Sharkmouse" uid="598053" lat="31.3902996" lon="120.9443541"/>
 <node id="3686772985" visible="true" version="1" changeset="33199412" timestamp="2015-08-08T11:45:20Z" user="Sharkmouse" uid="598053" lat="31.3902840" lon="120.9444131"/>
 <node id="3686772986" visible="true" version="1" changeset="33199412" timestamp="2015-08-08T11:45:20Z" user="Sharkmouse" uid="598053" lat="31.3902718" lon="120.9444497"/>
 <node id="3686772987" visible="true" version="1" changeset="33199412" timestamp="2015-08-08T11:45:20Z" user="Sharkmouse" uid="598053" lat="31.3902545" lon="120.9444598"/>
 <node id="3686772988" visible="true" version="1" changeset="33199412" timestamp="2015-08-08T11:45:20Z" user="Sharkmouse" uid="598053" lat="31.3902111" lon="120.9444598"/>
 <node id="3686772989" visible="true" version="1" changeset="33199412" timestamp="2015-08-08T11:45:20Z" user="Sharkmouse" uid="598053" lat="31.3901990" lon="120.9444049"/>
 <node id="3686772990" visible="true" version="1" changeset="33199412" timestamp="2015-08-08T11:45:20Z" user="Sharkmouse" uid="598053" lat="31.3901747" lon="120.9442342"/>
 <node id="3686772991" visible="true" version="1" changeset="33199412" timestamp="2015-08-08T11:45:21Z" user="Sharkmouse" uid="598053" lat="31.3900636" lon="120.9440553"/>
 <node id="3686772992" visible="true" version="1" changeset="33199412" timestamp="2015-08-08T11:45:21Z" user="Sharkmouse" uid="598053" lat="31.3899612" lon="120.9437118"/>
 <node id="3686772993" visible="true" version="1" changeset="33199412" timestamp="2015-08-08T11:45:21Z" user="Sharkmouse" uid="598053" lat="31.3899126" lon="120.9435085"/>
 <node id="3686772994" visible="true" version="1" changeset="33199412" timestamp="2015-08-08T11:45:21Z" user="Sharkmouse" uid="598053" lat="31.3898398" lon="120.9432137"/>
 <node id="3686772995" visible="true" version="1" changeset="33199412" timestamp="2015-08-08T11:45:21Z" user="Sharkmouse" uid="598053" lat="31.3899109" lon="120.9430552"/>
 <node id="3686772996" visible="true" version="1" changeset="33199412" timestamp="2015-08-08T11:45:21Z" user="Sharkmouse" uid="598053" lat="31.3899734" lon="120.9430084"/>
 <node id="3686772997" visible="true" version="1" changeset="33199412" timestamp="2015-08-08T11:45:21Z" user="Sharkmouse" uid="598053" lat="31.3900497" lon="120.9430145"/>
 <node id="3686772998" visible="true" version="1" changeset="33199412" timestamp="2015-08-08T11:45:21Z" user="Sharkmouse" uid="598053" lat="31.3901695" lon="120.9430389"/>
 <node id="3686772999" visible="true" version="1" changeset="33199412" timestamp="2015-08-08T11:45:21Z" user="Sharkmouse" uid="598053" lat="31.3902528" lon="120.9428987"/>
 <node id="3686773000" visible="true" version="1" changeset="33199412" timestamp="2015-08-08T11:45:21Z" user="Sharkmouse" uid="598053" lat="31.3902979" lon="120.9427869"/>
 <node id="3686773001" visible="true" version="1" changeset="33199412" timestamp="2015-08-08T11:45:21Z" user="Sharkmouse" uid="598053" lat="31.3903569" lon="120.9427300"/>
 <node id="3686773002" visible="true" version="1" changeset="33199412" timestamp="2015-08-08T11:45:21Z" user="Sharkmouse" uid="598053" lat="31.3904974" lon="120.9427137"/>
 <node id="3686773003" visible="true" version="1" changeset="33199412" timestamp="2015-08-08T11:45:21Z" user="Sharkmouse" uid="598053" lat="31.3905894" lon="120.9426669"/>
 <node id="3686773004" visible="true" version="1" changeset="33199412" timestamp="2015-08-08T11:45:21Z" user="Sharkmouse" uid="598053" lat="31.3906085" lon="120.9426121"/>
 <node id="3686773005" visible="true" version="1" changeset="33199412" timestamp="2015-08-08T11:45:21Z" user="Sharkmouse" uid="598053" lat="31.3906189" lon="120.9425125"/>
 <node id="3686773006" visible="true" version="1" changeset="33199412" timestamp="2015-08-08T11:45:21Z" user="Sharkmouse" uid="598053" lat="31.3906050" lon="120.9424494"/>
 <node id="3686773007" visible="true" version="1" changeset="33199412" timestamp="2015-08-08T11:45:21Z" user="Sharkmouse" uid="598053" lat="31.3910993" lon="120.9432491"/>
 <node id="3686773008" visible="true" version="1" changeset="33199412" timestamp="2015-08-08T11:45:21Z" user="Sharkmouse" uid="598053" lat="31.3910309" lon="120.9432614"/>
 <node id="3686773009" visible="true" version="1" changeset="33199412" timestamp="2015-08-08T11:45:21Z" user="Sharkmouse" uid="598053" lat="31.3910020" lon="120.9432768"/>
 <node id="3686773010" visible="true" version="1" changeset="33199412" timestamp="2015-08-08T11:45:21Z" user="Sharkmouse" uid="598053" lat="31.3909468" lon="120.9432799"/>
 <node id="3686773011" visible="true" version="1" changeset="33199412" timestamp="2015-08-08T11:45:21Z" user="Sharkmouse" uid="598053" lat="31.3909284" lon="120.9432953"/>
 <node id="3686773012" visible="true" version="1" changeset="33199412" timestamp="2015-08-08T11:45:21Z" user="Sharkmouse" uid="598053" lat="31.3909126" lon="120.9433353"/>
 <node id="3686773013" visible="true" version="1" changeset="33199412" timestamp="2015-08-08T11:45:21Z" user="Sharkmouse" uid="598053" lat="31.3908863" lon="120.9434216"/>
 <node id="3686773014" visible="true" version="1" changeset="33199412" timestamp="2015-08-08T11:45:21Z" user="Sharkmouse" uid="598053" lat="31.3908889" lon="120.9435171"/>
 <node id="3686773015" visible="true" version="1" changeset="33199412" timestamp="2015-08-08T11:45:21Z" user="Sharkmouse" uid="598053" lat="31.3909468" lon="120.9437451"/>
 <node id="3686773016" visible="true" version="1" changeset="33199412" timestamp="2015-08-08T11:45:21Z" user="Sharkmouse" uid="598053" lat="31.3910152" lon="120.9437574"/>
 <node id="3686773017" visible="true" version="1" changeset="33199412" timestamp="2015-08-08T11:45:21Z" user="Sharkmouse" uid="598053" lat="31.3910309" lon="120.9438930"/>
 <node id="3686773018" visible="true" version="1" changeset="33199412" timestamp="2015-08-08T11:45:21Z" user="Sharkmouse" uid="598053" lat="31.3913334" lon="120.9441056"/>
 <node id="3686773019" visible="true" version="1" changeset="33199412" timestamp="2015-08-08T11:45:21Z" user="Sharkmouse" uid="598053" lat="31.3913834" lon="120.9440471"/>
 <node id="3686773020" visible="true" version="1" changeset="33199412" timestamp="2015-08-08T11:45:21Z" user="Sharkmouse" uid="598053" lat="31.3914149" lon="120.9439916"/>
 <node id="3686773021" visible="true" version="1" changeset="33199412" timestamp="2015-08-08T11:45:21Z" user="Sharkmouse" uid="598053" lat="31.3914255" lon="120.9438684"/>
 <node id="3686773022" visible="true" version="1" changeset="33199412" timestamp="2015-08-08T11:45:21Z" user="Sharkmouse" uid="598053" lat="31.3914255" lon="120.9435294"/>
 <node id="3686773023" visible="true" version="1" changeset="33199412" timestamp="2015-08-08T11:45:21Z" user="Sharkmouse" uid="598053" lat="31.3913544" lon="120.9434000"/>
 <node id="3686773024" visible="true" version="1" changeset="33199412" timestamp="2015-08-08T11:45:21Z" user="Sharkmouse" uid="598053" lat="31.3912177" lon="120.9432706"/>
 <node id="3688796324" visible="true" version="1" changeset="33230626" timestamp="2015-08-10T04:43:08Z" user="KUNSHAN_MAHUR1" uid="3137659" lat="31.3904096" lon="120.9588480"/>
 <node id="3688817412" visible="true" version="1" changeset="33230890" timestamp="2015-08-10T05:15:26Z" user="KUNSHAN_MAHUR1" uid="3137659" lat="31.3931125" lon="120.9526779"/>
 <node id="3688817413" visible="true" version="1" changeset="33230890" timestamp="2015-08-10T05:15:26Z" user="KUNSHAN_MAHUR1" uid="3137659" lat="31.3930181" lon="120.9527130"/>
 <node id="3688817414" visible="true" version="1" changeset="33230890" timestamp="2015-08-10T05:15:26Z" user="KUNSHAN_MAHUR1" uid="3137659" lat="31.3929349" lon="120.9524063"/>
 <node id="3688817415" visible="true" version="1" changeset="33230890" timestamp="2015-08-10T05:15:26Z" user="KUNSHAN_MAHUR1" uid="3137659" lat="31.3930293" lon="120.9523711"/>
 <node id="3688817416" visible="true" version="1" changeset="33230890" timestamp="2015-08-10T05:15:26Z" user="KUNSHAN_MAHUR1" uid="3137659" lat="31.3928840" lon="120.9527594"/>
 <node id="3688817417" visible="true" version="1" changeset="33230890" timestamp="2015-08-10T05:15:26Z" user="KUNSHAN_MAHUR1" uid="3137659" lat="31.3927896" lon="120.9527945"/>
 <node id="3688817418" visible="true" version="1" changeset="33230890" timestamp="2015-08-10T05:15:26Z" user="KUNSHAN_MAHUR1" uid="3137659" lat="31.3927063" lon="120.9524878"/>
 <node id="3688817419" visible="true" version="1" changeset="33230890" timestamp="2015-08-10T05:15:26Z" user="KUNSHAN_MAHUR1" uid="3137659" lat="31.3928007" lon="120.9524526"/>
 <node id="3688817420" visible="true" version="1" changeset="33230890" timestamp="2015-08-10T05:15:26Z" user="KUNSHAN_MAHUR1" uid="3137659" lat="31.3926684" lon="120.9528248"/>
 <node id="3688817421" visible="true" version="1" changeset="33230890" timestamp="2015-08-10T05:15:26Z" user="KUNSHAN_MAHUR1" uid="3137659" lat="31.3925740" lon="120.9528600"/>
 <node id="3688817422" visible="true" version="1" changeset="33230890" timestamp="2015-08-10T05:15:26Z" user="KUNSHAN_MAHUR1" uid="3137659" lat="31.3924908" lon="120.9525532"/>
 <node id="3688817423" visible="true" version="1" changeset="33230890" timestamp="2015-08-10T05:15:26Z" user="KUNSHAN_MAHUR1" uid="3137659" lat="31.3925852" lon="120.9525181"/>
 <node id="3688817424" visible="true" version="1" changeset="33230890" timestamp="2015-08-10T05:15:26Z" user="KUNSHAN_MAHUR1" uid="3137659" lat="31.3924394" lon="120.9529080"/>
 <node id="3688819925" visible="true" version="1" changeset="33230890" timestamp="2015-08-10T05:15:26Z" user="KUNSHAN_MAHUR1" uid="3137659" lat="31.3923450" lon="120.9529431"/>
 <node id="3688819926" visible="true" version="1" changeset="33230890" timestamp="2015-08-10T05:15:26Z" user="KUNSHAN_MAHUR1" uid="3137659" lat="31.3922618" lon="120.9526364"/>
 <node id="3688819927" visible="true" version="1" changeset="33230890" timestamp="2015-08-10T05:15:26Z" user="KUNSHAN_MAHUR1" uid="3137659" lat="31.3923562" lon="120.9526012"/>
 <node id="3688819928" visible="true" version="1" changeset="33230890" timestamp="2015-08-10T05:15:26Z" user="KUNSHAN_MAHUR1" uid="3137659" lat="31.3922215" lon="120.9529865"/>
 <node id="3688819929" visible="true" version="1" changeset="33230890" timestamp="2015-08-10T05:15:26Z" user="KUNSHAN_MAHUR1" uid="3137659" lat="31.3921271" lon="120.9530216"/>
 <node id="3688819930" visible="true" version="1" changeset="33230890" timestamp="2015-08-10T05:15:26Z" user="KUNSHAN_MAHUR1" uid="3137659" lat="31.3920439" lon="120.9527148"/>
 <node id="3688819931" visible="true" version="1" changeset="33230890" timestamp="2015-08-10T05:15:26Z" user="KUNSHAN_MAHUR1" uid="3137659" lat="31.3921383" lon="120.9526797"/>
 <node id="3688819940" visible="true" version="1" changeset="33230890" timestamp="2015-08-10T05:15:26Z" user="KUNSHAN_MAHUR1" uid="3137659" lat="31.3915396" lon="120.9522764"/>
 <node id="3688819941" visible="true" version="1" changeset="33230890" timestamp="2015-08-10T05:15:26Z" user="KUNSHAN_MAHUR1" uid="3137659" lat="31.3914199" lon="120.9523138"/>
 <node id="3688819942" visible="true" version="1" changeset="33230890" timestamp="2015-08-10T05:15:26Z" user="KUNSHAN_MAHUR1" uid="3137659" lat="31.3913480" lon="120.9520107"/>
 <node id="3688819943" visible="true" version="1" changeset="33230890" timestamp="2015-08-10T05:15:26Z" user="KUNSHAN_MAHUR1" uid="3137659" lat="31.3914662" lon="120.9519677"/>
 <node id="3688819944" visible="true" version="1" changeset="33230890" timestamp="2015-08-10T05:15:26Z" user="KUNSHAN_MAHUR1" uid="3137659" lat="31.3916195" lon="120.9526514"/>
 <node id="3688819945" visible="true" version="1" changeset="33230890" timestamp="2015-08-10T05:15:26Z" user="KUNSHAN_MAHUR1" uid="3137659" lat="31.3914997" lon="120.9526888"/>
 <node id="3688819946" visible="true" version="1" changeset="33230890" timestamp="2015-08-10T05:15:26Z" user="KUNSHAN_MAHUR1" uid="3137659" lat="31.3914279" lon="120.9523858"/>
 <node id="3688819947" visible="true" version="1" changeset="33230890" timestamp="2015-08-10T05:15:26Z" user="KUNSHAN_MAHUR1" uid="3137659" lat="31.3915460" lon="120.9523428"/>
 <node id="3688819952" visible="true" version="1" changeset="33230890" timestamp="2015-08-10T05:15:26Z" user="KUNSHAN_MAHUR1" uid="3137659" lat="31.3912954" lon="120.9523596"/>
 <node id="3688819953" visible="true" version="1" changeset="33230890" timestamp="2015-08-10T05:15:26Z" user="KUNSHAN_MAHUR1" uid="3137659" lat="31.3911756" lon="120.9523970"/>
 <node id="3688819954" visible="true" version="1" changeset="33230890" timestamp="2015-08-10T05:15:26Z" user="KUNSHAN_MAHUR1" uid="3137659" lat="31.3911037" lon="120.9520940"/>
 <node id="3688819955" visible="true" version="1" changeset="33230890" timestamp="2015-08-10T05:15:26Z" user="KUNSHAN_MAHUR1" uid="3137659" lat="31.3912219" lon="120.9520510"/>
 <node id="3688819956" visible="true" version="1" changeset="33230890" timestamp="2015-08-10T05:15:26Z" user="KUNSHAN_MAHUR1" uid="3137659" lat="31.3913624" lon="120.9527430"/>
 <node id="3688819957" visible="true" version="1" changeset="33230890" timestamp="2015-08-10T05:15:26Z" user="KUNSHAN_MAHUR1" uid="3137659" lat="31.3912427" lon="120.9527805"/>
 <node id="3688819958" visible="true" version="1" changeset="33230890" timestamp="2015-08-10T05:15:26Z" user="KUNSHAN_MAHUR1" uid="3137659" lat="31.3911708" lon="120.9524774"/>
 <node id="3688819959" visible="true" version="1" changeset="33230890" timestamp="2015-08-10T05:15:27Z" user="KUNSHAN_MAHUR1" uid="3137659" lat="31.3912890" lon="120.9524344"/>
 <node id="3688819964" visible="true" version="1" changeset="33230890" timestamp="2015-08-10T05:15:27Z" user="KUNSHAN_MAHUR1" uid="3137659" lat="31.3910681" lon="120.9524602"/>
 <node id="3688819965" visible="true" version="1" changeset="33230890" timestamp="2015-08-10T05:15:27Z" user="KUNSHAN_MAHUR1" uid="3137659" lat="31.3909484" lon="120.9524976"/>
 <node id="3688819966" visible="true" version="1" changeset="33230890" timestamp="2015-08-10T05:15:27Z" user="KUNSHAN_MAHUR1" uid="3137659" lat="31.3908765" lon="120.9521946"/>
 <node id="3688819967" visible="true" version="1" changeset="33230890" timestamp="2015-08-10T05:15:27Z" user="KUNSHAN_MAHUR1" uid="3137659" lat="31.3909947" lon="120.9521515"/>
 <node id="3688832447" visible="true" version="1" changeset="33231168" timestamp="2015-08-10T05:37:06Z" user="KUNSHAN_MAHUR1" uid="3137659" lat="31.3903002" lon="120.9528201"/>
 <node id="3688832448" visible="true" version="1" changeset="33231168" timestamp="2015-08-10T05:37:06Z" user="KUNSHAN_MAHUR1" uid="3137659" lat="31.3903776" lon="120.9528040"/>
 <node id="3688832449" visible="true" version="1" changeset="33231168" timestamp="2015-08-10T05:37:06Z" user="KUNSHAN_MAHUR1" uid="3137659" lat="31.3903240" lon="120.9524493"/>
 <node id="3688832450" visible="true" version="1" changeset="33231168" timestamp="2015-08-10T05:37:06Z" user="KUNSHAN_MAHUR1" uid="3137659" lat="31.3903490" lon="120.9524441"/>
 <node id="3688832451" visible="true" version="1" changeset="33231168" timestamp="2015-08-10T05:37:06Z" user="KUNSHAN_MAHUR1" uid="3137659" lat="31.3903385" lon="120.9523745"/>
 <node id="3688832452" visible="true" version="1" changeset="33231168" timestamp="2015-08-10T05:37:06Z" user="KUNSHAN_MAHUR1" uid="3137659" lat="31.3902361" lon="120.9523958"/>
 <node id="3688832453" visible="true" version="1" changeset="33231168" timestamp="2015-08-10T05:37:06Z" user="KUNSHAN_MAHUR1" uid="3137659" lat="31.3905272" lon="120.9523672"/>
 <node id="3688832454" visible="true" version="1" changeset="33231168" timestamp="2015-08-10T05:37:06Z" user="KUNSHAN_MAHUR1" uid="3137659" lat="31.3905854" lon="120.9528074"/>
 <node id="3688832455" visible="true" version="1" changeset="33231168" timestamp="2015-08-10T05:37:06Z" user="KUNSHAN_MAHUR1" uid="3137659" lat="31.3904875" lon="120.9528252"/>
 <node id="3688832456" visible="true" version="1" changeset="33231168" timestamp="2015-08-10T05:37:06Z" user="KUNSHAN_MAHUR1" uid="3137659" lat="31.3904438" lon="120.9524943"/>
 <node id="3688832457" visible="true" version="1" changeset="33231168" timestamp="2015-08-10T05:37:06Z" user="KUNSHAN_MAHUR1" uid="3137659" lat="31.3904073" lon="120.9525009"/>
 <node id="3688832458" visible="true" version="1" changeset="33231168" timestamp="2015-08-10T05:37:06Z" user="KUNSHAN_MAHUR1" uid="3137659" lat="31.3903928" lon="120.9523916"/>
 <node id="3690972624" visible="true" version="2" changeset="33282205" timestamp="2015-08-12T03:56:00Z" user="Leonor Gausachs" uid="3139729" lat="31.3917775" lon="120.9400743"/>
 <node id="3690972625" visible="true" version="2" changeset="33282205" timestamp="2015-08-12T03:56:00Z" user="Leonor Gausachs" uid="3139729" lat="31.3916582" lon="120.9401635"/>
 <node id="3690972626" visible="true" version="2" changeset="33282205" timestamp="2015-08-12T03:56:00Z" user="Leonor Gausachs" uid="3139729" lat="31.3918396" lon="120.9404967"/>
 <node id="3690972627" visible="true" version="2" changeset="33282205" timestamp="2015-08-12T03:56:00Z" user="Leonor Gausachs" uid="3139729" lat="31.3917730" lon="120.9405466"/>
 <node id="3690972628" visible="true" version="2" changeset="33282205" timestamp="2015-08-12T03:56:00Z" user="Leonor Gausachs" uid="3139729" lat="31.3919862" lon="120.9409381"/>
 <node id="3690972629" visible="true" version="2" changeset="33282205" timestamp="2015-08-12T03:56:01Z" user="Leonor Gausachs" uid="3139729" lat="31.3921162" lon="120.9408409"/>
 <node id="3690972630" visible="true" version="2" changeset="33282205" timestamp="2015-08-12T03:56:01Z" user="Leonor Gausachs" uid="3139729" lat="31.3919483" lon="120.9405326"/>
 <node id="3690972631" visible="true" version="2" changeset="33282205" timestamp="2015-08-12T03:56:01Z" user="Leonor Gausachs" uid="3139729" lat="31.3920043" lon="120.9404907"/>
 <node id="3690972632" visible="true" version="2" changeset="33282205" timestamp="2015-08-12T03:56:00Z" user="Leonor Gausachs" uid="3139729" lat="31.3913605" lon="120.9405819"/>
 <node id="3690972633" visible="true" version="2" changeset="33282205" timestamp="2015-08-12T03:56:00Z" user="Leonor Gausachs" uid="3139729" lat="31.3916215" lon="120.9411134"/>
 <node id="3690972634" visible="true" version="2" changeset="33282205" timestamp="2015-08-12T03:56:00Z" user="Leonor Gausachs" uid="3139729" lat="31.3914607" lon="120.9412218"/>
 <node id="3690972635" visible="true" version="2" changeset="33282205" timestamp="2015-08-12T03:56:00Z" user="Leonor Gausachs" uid="3139729" lat="31.3911996" lon="120.9406903"/>
 <node id="3690972636" visible="true" version="1" changeset="33260337" timestamp="2015-08-11T08:34:04Z" user="Leonor Gausachs" uid="3139729" lat="31.3910539" lon="120.9408329"/>
 <node id="3690972637" visible="true" version="1" changeset="33260337" timestamp="2015-08-11T08:34:04Z" user="Leonor Gausachs" uid="3139729" lat="31.3911501" lon="120.9410608"/>
 <node id="3690972638" visible="true" version="1" changeset="33260337" timestamp="2015-08-11T08:34:04Z" user="Leonor Gausachs" uid="3139729" lat="31.3909921" lon="120.9411494"/>
 <node id="3690972639" visible="true" version="1" changeset="33260337" timestamp="2015-08-11T08:34:04Z" user="Leonor Gausachs" uid="3139729" lat="31.3909005" lon="120.9409241"/>
 <node id="3690972656" visible="true" version="2" changeset="33282205" timestamp="2015-08-12T03:56:01Z" user="Leonor Gausachs" uid="3139729" lat="31.3905007" lon="120.9412850"/>
 <node id="3690972657" visible="true" version="2" changeset="33282205" timestamp="2015-08-12T03:56:01Z" user="Leonor Gausachs" uid="3139729" lat="31.3906036" lon="120.9415029"/>
 <node id="3690972658" visible="true" version="2" changeset="33282205" timestamp="2015-08-12T03:56:01Z" user="Leonor Gausachs" uid="3139729" lat="31.3904669" lon="120.9415915"/>
 <node id="3690972659" visible="true" version="2" changeset="33282205" timestamp="2015-08-12T03:56:01Z" user="Leonor Gausachs" uid="3139729" lat="31.3903640" lon="120.9413737"/>
 <node id="3690972660" visible="true" version="2" changeset="33282205" timestamp="2015-08-12T03:56:01Z" user="Leonor Gausachs" uid="3139729" lat="31.3903498" lon="120.9410866"/>
 <node id="3690972661" visible="true" version="2" changeset="33282205" timestamp="2015-08-12T03:56:01Z" user="Leonor Gausachs" uid="3139729" lat="31.3902408" lon="120.9411639"/>
 <node id="3690972662" visible="true" version="2" changeset="33282205" timestamp="2015-08-12T03:56:01Z" user="Leonor Gausachs" uid="3139729" lat="31.3900294" lon="120.9407548"/>
 <node id="3690972663" visible="true" version="2" changeset="33282205" timestamp="2015-08-12T03:56:01Z" user="Leonor Gausachs" uid="3139729" lat="31.3904124" lon="120.9404832"/>
 <node id="3690972664" visible="true" version="2" changeset="33282205" timestamp="2015-08-12T03:56:01Z" user="Leonor Gausachs" uid="3139729" lat="31.3906261" lon="120.9408967"/>
 <node id="3690972665" visible="true" version="2" changeset="33282205" timestamp="2015-08-12T03:56:01Z" user="Leonor Gausachs" uid="3139729" lat="31.3905397" lon="120.9409580"/>
 <node id="3690972666" visible="true" version="2" changeset="33282205" timestamp="2015-08-12T03:56:01Z" user="Leonor Gausachs" uid="3139729" lat="31.3903811" lon="120.9406511"/>
 <node id="3690972667" visible="true" version="2" changeset="33282205" timestamp="2015-08-12T03:56:01Z" user="Leonor Gausachs" uid="3139729" lat="31.3901935" lon="120.9407841"/>
 <node id="3690972670" visible="true" version="2" changeset="33282205" timestamp="2015-08-12T03:56:01Z" user="Leonor Gausachs" uid="3139729" lat="31.3904616" lon="120.9405785"/>
 <node id="3690972672" visible="true" version="2" changeset="33282205" timestamp="2015-08-12T03:56:01Z" user="Leonor Gausachs" uid="3139729" lat="31.3904973" lon="120.9416520"/>
 <node id="3690972673" visible="true" version="2" changeset="33282205" timestamp="2015-08-12T03:56:01Z" user="Leonor Gausachs" uid="3139729" lat="31.3905852" lon="120.9418255"/>
 <node id="3690972674" visible="true" version="2" changeset="33282205" timestamp="2015-08-12T03:56:01Z" user="Leonor Gausachs" uid="3139729" lat="31.3904459" lon="120.9419223"/>
 <node id="3690972675" visible="true" version="2" changeset="33282205" timestamp="2015-08-12T03:56:01Z" user="Leonor Gausachs" uid="3139729" lat="31.3903580" lon="120.9417489"/>
 <node id="3690972676" visible="true" version="2" changeset="33282205" timestamp="2015-08-12T03:56:01Z" user="Leonor Gausachs" uid="3139729" lat="31.3898630" lon="120.9411583"/>
 <node id="3690972677" visible="true" version="2" changeset="33282205" timestamp="2015-08-12T03:56:01Z" user="Leonor Gausachs" uid="3139729" lat="31.3897279" lon="120.9412199"/>
 <node id="3690972678" visible="true" version="2" changeset="33282205" timestamp="2015-08-12T03:56:01Z" user="Leonor Gausachs" uid="3139729" lat="31.3899847" lon="120.9419927"/>
 <node id="3690972679" visible="true" version="2" changeset="33282205" timestamp="2015-08-12T03:56:01Z" user="Leonor Gausachs" uid="3139729" lat="31.3901190" lon="120.9419315"/>
 <node id="3690972680" visible="true" version="2" changeset="33282205" timestamp="2015-08-12T03:56:01Z" user="Leonor Gausachs" uid="3139729" lat="31.3900573" lon="120.9417456"/>
 <node id="3690972681" visible="true" version="2" changeset="33282205" timestamp="2015-08-12T03:56:01Z" user="Leonor Gausachs" uid="3139729" lat="31.3902281" lon="120.9416678"/>
 <node id="3690972682" visible="true" version="2" changeset="33282205" timestamp="2015-08-12T03:56:01Z" user="Leonor Gausachs" uid="3139729" lat="31.3901066" lon="120.9413021"/>
 <node id="3690972683" visible="true" version="2" changeset="33282205" timestamp="2015-08-12T03:56:01Z" user="Leonor Gausachs" uid="3139729" lat="31.3899365" lon="120.9413797"/>
 <node id="3690972684" visible="true" version="1" changeset="33260337" timestamp="2015-08-11T08:34:05Z" user="Leonor Gausachs" uid="3139729" lat="31.3891849" lon="120.9419398"/>
 <node id="3690972685" visible="true" version="1" changeset="33260337" timestamp="2015-08-11T08:34:05Z" user="Leonor Gausachs" uid="3139729" lat="31.3897373" lon="120.9416831"/>
 <node id="3690972686" visible="true" version="1" changeset="33260337" timestamp="2015-08-11T08:34:05Z" user="Leonor Gausachs" uid="3139729" lat="31.3898816" lon="120.9420962"/>
 <node id="3690972687" visible="true" version="1" changeset="33260337" timestamp="2015-08-11T08:34:05Z" user="Leonor Gausachs" uid="3139729" lat="31.3899961" lon="120.9421659"/>
 <node id="3690972688" visible="true" version="1" changeset="33260337" timestamp="2015-08-11T08:34:05Z" user="Leonor Gausachs" uid="3139729" lat="31.3901861" lon="120.9421123"/>
 <node id="3690972689" visible="true" version="1" changeset="33260337" timestamp="2015-08-11T08:34:05Z" user="Leonor Gausachs" uid="3139729" lat="31.3902892" lon="120.9420399"/>
 <node id="3690972690" visible="true" version="1" changeset="33260337" timestamp="2015-08-11T08:34:05Z" user="Leonor Gausachs" uid="3139729" lat="31.3902914" lon="120.9418467"/>
 <node id="3690972691" visible="true" version="1" changeset="33260337" timestamp="2015-08-11T08:34:05Z" user="Leonor Gausachs" uid="3139729" lat="31.3902640" lon="120.9415839"/>
 <node id="3690972692" visible="true" version="1" changeset="33260337" timestamp="2015-08-11T08:34:05Z" user="Leonor Gausachs" uid="3139729" lat="31.3902182" lon="120.9413693"/>
 <node id="3690972693" visible="true" version="1" changeset="33260337" timestamp="2015-08-11T08:34:05Z" user="Leonor Gausachs" uid="3139729" lat="31.3900419" lon="120.9411494"/>
 <node id="3690972694" visible="true" version="1" changeset="33260337" timestamp="2015-08-11T08:34:05Z" user="Leonor Gausachs" uid="3139729" lat="31.3897648" lon="120.9408570"/>
 <node id="3690972695" visible="true" version="1" changeset="33260337" timestamp="2015-08-11T08:34:05Z" user="Leonor Gausachs" uid="3139729" lat="31.3889597" lon="120.9412747"/>
 <node id="3690972696" visible="true" version="1" changeset="33260337" timestamp="2015-08-11T08:34:05Z" user="Leonor Gausachs" uid="3139729" lat="31.3912253" lon="120.9410480"/>
 <node id="3690972697" visible="true" version="1" changeset="33260337" timestamp="2015-08-11T08:34:05Z" user="Leonor Gausachs" uid="3139729" lat="31.3913237" lon="120.9412572"/>
 <node id="3690972698" visible="true" version="1" changeset="33260337" timestamp="2015-08-11T08:34:05Z" user="Leonor Gausachs" uid="3139729" lat="31.3911635" lon="120.9413537"/>
 <node id="3690972699" visible="true" version="1" changeset="33260337" timestamp="2015-08-11T08:34:05Z" user="Leonor Gausachs" uid="3139729" lat="31.3910696" lon="120.9411579"/>
 <node id="3690972748" visible="true" version="1" changeset="33260337" timestamp="2015-08-11T08:34:06Z" user="Leonor Gausachs" uid="3139729" lat="31.3913443" lon="120.9461013"/>
 <node id="3690972749" visible="true" version="1" changeset="33260337" timestamp="2015-08-11T08:34:06Z" user="Leonor Gausachs" uid="3139729" lat="31.3915138" lon="120.9466913"/>
 <node id="3690972750" visible="true" version="1" changeset="33260337" timestamp="2015-08-11T08:34:06Z" user="Leonor Gausachs" uid="3139729" lat="31.3910559" lon="120.9468550"/>
 <node id="3690972751" visible="true" version="1" changeset="33260337" timestamp="2015-08-11T08:34:06Z" user="Leonor Gausachs" uid="3139729" lat="31.3908864" lon="120.9462783"/>
 <node id="3690972752" visible="true" version="1" changeset="33260337" timestamp="2015-08-11T08:34:06Z" user="Leonor Gausachs" uid="3139729" lat="31.3910123" lon="120.9458545"/>
 <node id="3690972753" visible="true" version="1" changeset="33260337" timestamp="2015-08-11T08:34:06Z" user="Leonor Gausachs" uid="3139729" lat="31.3910604" lon="120.9460288"/>
 <node id="3690972754" visible="true" version="1" changeset="33260337" timestamp="2015-08-11T08:34:06Z" user="Leonor Gausachs" uid="3139729" lat="31.3909414" lon="120.9460691"/>
 <node id="3690972755" visible="true" version="1" changeset="33260337" timestamp="2015-08-11T08:34:06Z" user="Leonor Gausachs" uid="3139729" lat="31.3908956" lon="120.9458947"/>
 <node id="3690972756" visible="true" version="1" changeset="33260337" timestamp="2015-08-11T08:34:06Z" user="Leonor Gausachs" uid="3139729" lat="31.3945475" lon="120.9480003"/>
 <node id="3690972757" visible="true" version="1" changeset="33260337" timestamp="2015-08-11T08:34:06Z" user="Leonor Gausachs" uid="3139729" lat="31.3946299" lon="120.9482417"/>
 <node id="3690972758" visible="true" version="1" changeset="33260337" timestamp="2015-08-11T08:34:06Z" user="Leonor Gausachs" uid="3139729" lat="31.3945269" lon="120.9482899"/>
 <node id="3690972759" visible="true" version="1" changeset="33260337" timestamp="2015-08-11T08:34:06Z" user="Leonor Gausachs" uid="3139729" lat="31.3944467" lon="120.9480539"/>
 <node id="3691056938" visible="true" version="1" changeset="33261733" timestamp="2015-08-11T09:51:37Z" user="Leonor Gausachs" uid="3139729" lat="31.3955195" lon="120.9407556"/>
 <node id="3691056939" visible="true" version="1" changeset="33261733" timestamp="2015-08-11T09:51:37Z" user="Leonor Gausachs" uid="3139729" lat="31.3955264" lon="120.9408817"/>
 <node id="3691056940" visible="true" version="1" changeset="33261733" timestamp="2015-08-11T09:51:37Z" user="Leonor Gausachs" uid="3139729" lat="31.3954325" lon="120.9408884"/>
 <node id="3691056941" visible="true" version="1" changeset="33261733" timestamp="2015-08-11T09:51:37Z" user="Leonor Gausachs" uid="3139729" lat="31.3954268" lon="120.9407636"/>
 <node id="3691056942" visible="true" version="2" changeset="46639163" timestamp="2017-03-07T01:47:00Z" user="James Millar" uid="5317567" lat="31.3957496" lon="120.9407589"/>
 <node id="3691056943" visible="true" version="2" changeset="46639163" timestamp="2017-03-07T01:47:00Z" user="James Millar" uid="5317567" lat="31.3957564" lon="120.9408843"/>
 <node id="3691056944" visible="true" version="2" changeset="46639163" timestamp="2017-03-07T01:47:00Z" user="James Millar" uid="5317567" lat="31.3956630" lon="120.9408911"/>
 <node id="3691056945" visible="true" version="2" changeset="46639163" timestamp="2017-03-07T01:47:00Z" user="James Millar" uid="5317567" lat="31.3956563" lon="120.9407658"/>
 <node id="3691057210" visible="true" version="1" changeset="33261733" timestamp="2015-08-11T09:51:40Z" user="Leonor Gausachs" uid="3139729" lat="31.3959545" lon="120.9407301"/>
 <node id="3691057211" visible="true" version="1" changeset="33261733" timestamp="2015-08-11T09:51:40Z" user="Leonor Gausachs" uid="3139729" lat="31.3959614" lon="120.9408562"/>
 <node id="3691057212" visible="true" version="1" changeset="33261733" timestamp="2015-08-11T09:51:40Z" user="Leonor Gausachs" uid="3139729" lat="31.3958675" lon="120.9408629"/>
 <node id="3691057213" visible="true" version="1" changeset="33261733" timestamp="2015-08-11T09:51:40Z" user="Leonor Gausachs" uid="3139729" lat="31.3958618" lon="120.9407382"/>
 <node id="3691057334" visible="true" version="1" changeset="33261733" timestamp="2015-08-11T09:51:40Z" user="Leonor Gausachs" uid="3139729" lat="31.3951039" lon="120.9408522"/>
 <node id="3691057335" visible="true" version="1" changeset="33261733" timestamp="2015-08-11T09:51:40Z" user="Leonor Gausachs" uid="3139729" lat="31.3951108" lon="120.9409782"/>
 <node id="3691057336" visible="true" version="1" changeset="33261733" timestamp="2015-08-11T09:51:40Z" user="Leonor Gausachs" uid="3139729" lat="31.3950169" lon="120.9409849"/>
 <node id="3691057337" visible="true" version="1" changeset="33261733" timestamp="2015-08-11T09:51:40Z" user="Leonor Gausachs" uid="3139729" lat="31.3950112" lon="120.9408602"/>
 <node id="3691057338" visible="true" version="1" changeset="33261733" timestamp="2015-08-11T09:51:40Z" user="Leonor Gausachs" uid="3139729" lat="31.3952425" lon="120.9410077"/>
 <node id="3691057339" visible="true" version="1" changeset="33261733" timestamp="2015-08-11T09:51:40Z" user="Leonor Gausachs" uid="3139729" lat="31.3952493" lon="120.9411338"/>
 <node id="3691057340" visible="true" version="1" changeset="33261733" timestamp="2015-08-11T09:51:40Z" user="Leonor Gausachs" uid="3139729" lat="31.3951555" lon="120.9411405"/>
 <node id="3691057341" visible="true" version="1" changeset="33261733" timestamp="2015-08-11T09:51:40Z" user="Leonor Gausachs" uid="3139729" lat="31.3951497" lon="120.9410158"/>
 <node id="3691057342" visible="true" version="1" changeset="33261733" timestamp="2015-08-11T09:51:40Z" user="Leonor Gausachs" uid="3139729" lat="31.3952757" lon="120.9411499"/>
 <node id="3691057343" visible="true" version="1" changeset="33261733" timestamp="2015-08-11T09:51:40Z" user="Leonor Gausachs" uid="3139729" lat="31.3952825" lon="120.9412759"/>
 <node id="3691057344" visible="true" version="1" changeset="33261733" timestamp="2015-08-11T09:51:40Z" user="Leonor Gausachs" uid="3139729" lat="31.3951887" lon="120.9412826"/>
 <node id="3691057345" visible="true" version="1" changeset="33261733" timestamp="2015-08-11T09:51:40Z" user="Leonor Gausachs" uid="3139729" lat="31.3951829" lon="120.9411579"/>
 <node id="3691057346" visible="true" version="1" changeset="33261733" timestamp="2015-08-11T09:51:41Z" user="Leonor Gausachs" uid="3139729" lat="31.3952940" lon="120.9413269"/>
 <node id="3691057347" visible="true" version="1" changeset="33261733" timestamp="2015-08-11T09:51:41Z" user="Leonor Gausachs" uid="3139729" lat="31.3953008" lon="120.9414530"/>
 <node id="3691057348" visible="true" version="1" changeset="33261733" timestamp="2015-08-11T09:51:41Z" user="Leonor Gausachs" uid="3139729" lat="31.3952070" lon="120.9414597"/>
 <node id="3691057349" visible="true" version="1" changeset="33261733" timestamp="2015-08-11T09:51:41Z" user="Leonor Gausachs" uid="3139729" lat="31.3952012" lon="120.9413349"/>
 <node id="3691057350" visible="true" version="1" changeset="33261733" timestamp="2015-08-11T09:51:41Z" user="Leonor Gausachs" uid="3139729" lat="31.3954897" lon="120.9409621"/>
 <node id="3691057351" visible="true" version="1" changeset="33261733" timestamp="2015-08-11T09:51:41Z" user="Leonor Gausachs" uid="3139729" lat="31.3954966" lon="120.9410882"/>
 <node id="3691057352" visible="true" version="1" changeset="33261733" timestamp="2015-08-11T09:51:41Z" user="Leonor Gausachs" uid="3139729" lat="31.3954027" lon="120.9410949"/>
 <node id="3691057353" visible="true" version="1" changeset="33261733" timestamp="2015-08-11T09:51:41Z" user="Leonor Gausachs" uid="3139729" lat="31.3953970" lon="120.9409702"/>
 <node id="3691057354" visible="true" version="1" changeset="33261733" timestamp="2015-08-11T09:51:41Z" user="Leonor Gausachs" uid="3139729" lat="31.3955092" lon="120.9411177"/>
 <node id="3691057355" visible="true" version="1" changeset="33261733" timestamp="2015-08-11T09:51:41Z" user="Leonor Gausachs" uid="3139729" lat="31.3955161" lon="120.9412438"/>
 <node id="3691057356" visible="true" version="1" changeset="33261733" timestamp="2015-08-11T09:51:41Z" user="Leonor Gausachs" uid="3139729" lat="31.3954222" lon="120.9412505"/>
 <node id="3691057357" visible="true" version="1" changeset="33261733" timestamp="2015-08-11T09:51:41Z" user="Leonor Gausachs" uid="3139729" lat="31.3954165" lon="120.9411257"/>
 <node id="3691057358" visible="true" version="1" changeset="33261733" timestamp="2015-08-11T09:51:41Z" user="Leonor Gausachs" uid="3139729" lat="31.3955389" lon="120.9412692"/>
 <node id="3691057359" visible="true" version="1" changeset="33261733" timestamp="2015-08-11T09:51:41Z" user="Leonor Gausachs" uid="3139729" lat="31.3955458" lon="120.9413953"/>
 <node id="3691057360" visible="true" version="1" changeset="33261733" timestamp="2015-08-11T09:51:41Z" user="Leonor Gausachs" uid="3139729" lat="31.3954519" lon="120.9414020"/>
 <node id="3691057361" visible="true" version="1" changeset="33261733" timestamp="2015-08-11T09:51:41Z" user="Leonor Gausachs" uid="3139729" lat="31.3954462" lon="120.9412773"/>
 <node id="3691057362" visible="true" version="1" changeset="33261733" timestamp="2015-08-11T09:51:41Z" user="Leonor Gausachs" uid="3139729" lat="31.3953764" lon="120.9416528"/>
 <node id="3691057363" visible="true" version="1" changeset="33261733" timestamp="2015-08-11T09:51:41Z" user="Leonor Gausachs" uid="3139729" lat="31.3953833" lon="120.9417789"/>
 <node id="3691057364" visible="true" version="1" changeset="33261733" timestamp="2015-08-11T09:51:41Z" user="Leonor Gausachs" uid="3139729" lat="31.3952894" lon="120.9417856"/>
 <node id="3691057365" visible="true" version="1" changeset="33261733" timestamp="2015-08-11T09:51:41Z" user="Leonor Gausachs" uid="3139729" lat="31.3952837" lon="120.9416608"/>
 <node id="3691057366" visible="true" version="1" changeset="33261733" timestamp="2015-08-11T09:51:41Z" user="Leonor Gausachs" uid="3139729" lat="31.3955767" lon="120.9414999"/>
 <node id="3691057367" visible="true" version="1" changeset="33261733" timestamp="2015-08-11T09:51:41Z" user="Leonor Gausachs" uid="3139729" lat="31.3955836" lon="120.9416260"/>
 <node id="3691057368" visible="true" version="1" changeset="33261733" timestamp="2015-08-11T09:51:41Z" user="Leonor Gausachs" uid="3139729" lat="31.3954897" lon="120.9416327"/>
 <node id="3691057369" visible="true" version="1" changeset="33261733" timestamp="2015-08-11T09:51:41Z" user="Leonor Gausachs" uid="3139729" lat="31.3954840" lon="120.9415080"/>
 <node id="3691057370" visible="true" version="1" changeset="33261733" timestamp="2015-08-11T09:51:41Z" user="Leonor Gausachs" uid="3139729" lat="31.3955950" lon="120.9416635"/>
 <node id="3691057371" visible="true" version="1" changeset="33261733" timestamp="2015-08-11T09:51:41Z" user="Leonor Gausachs" uid="3139729" lat="31.3956019" lon="120.9417896"/>
 <node id="3691057372" visible="true" version="1" changeset="33261733" timestamp="2015-08-11T09:51:41Z" user="Leonor Gausachs" uid="3139729" lat="31.3955080" lon="120.9417963"/>
 <node id="3691057373" visible="true" version="1" changeset="33261733" timestamp="2015-08-11T09:51:41Z" user="Leonor Gausachs" uid="3139729" lat="31.3955023" lon="120.9416716"/>
 <node id="3691057374" visible="true" version="1" changeset="33261733" timestamp="2015-08-11T09:51:41Z" user="Leonor Gausachs" uid="3139729" lat="31.3958269" lon="120.9409279"/>
 <node id="3691057375" visible="true" version="1" changeset="33261733" timestamp="2015-08-11T09:51:41Z" user="Leonor Gausachs" uid="3139729" lat="31.3958452" lon="120.9410178"/>
 <node id="3691057376" visible="true" version="1" changeset="33261733" timestamp="2015-08-11T09:51:41Z" user="Leonor Gausachs" uid="3139729" lat="31.3957376" lon="120.9410473"/>
 <node id="3691057377" visible="true" version="1" changeset="33261733" timestamp="2015-08-11T09:51:41Z" user="Leonor Gausachs" uid="3139729" lat="31.3957204" lon="120.9409615"/>
 <node id="3691057378" visible="true" version="1" changeset="33261733" timestamp="2015-08-11T09:51:41Z" user="Leonor Gausachs" uid="3139729" lat="31.3958417" lon="120.9411472"/>
 <node id="3691057379" visible="true" version="1" changeset="33261733" timestamp="2015-08-11T09:51:41Z" user="Leonor Gausachs" uid="3139729" lat="31.3958601" lon="120.9412370"/>
 <node id="3691057380" visible="true" version="1" changeset="33261733" timestamp="2015-08-11T09:51:41Z" user="Leonor Gausachs" uid="3139729" lat="31.3957524" lon="120.9412666"/>
 <node id="3691057381" visible="true" version="1" changeset="33261733" timestamp="2015-08-11T09:51:41Z" user="Leonor Gausachs" uid="3139729" lat="31.3957353" lon="120.9411807"/>
 <node id="3691057382" visible="true" version="1" changeset="33261733" timestamp="2015-08-11T09:51:41Z" user="Leonor Gausachs" uid="3139729" lat="31.3958509" lon="120.9413336"/>
 <node id="3691057383" visible="true" version="1" changeset="33261733" timestamp="2015-08-11T09:51:41Z" user="Leonor Gausachs" uid="3139729" lat="31.3958692" lon="120.9414235"/>
 <node id="3691057384" visible="true" version="1" changeset="33261733" timestamp="2015-08-11T09:51:41Z" user="Leonor Gausachs" uid="3139729" lat="31.3957616" lon="120.9414530"/>
 <node id="3691057385" visible="true" version="1" changeset="33261733" timestamp="2015-08-11T09:51:41Z" user="Leonor Gausachs" uid="3139729" lat="31.3957444" lon="120.9413671"/>
 <node id="3691057386" visible="true" version="1" changeset="33261733" timestamp="2015-08-11T09:51:41Z" user="Leonor Gausachs" uid="3139729" lat="31.3958589" lon="120.9415187"/>
 <node id="3691057387" visible="true" version="1" changeset="33261733" timestamp="2015-08-11T09:51:41Z" user="Leonor Gausachs" uid="3139729" lat="31.3958772" lon="120.9416085"/>
 <node id="3691057388" visible="true" version="1" changeset="33261733" timestamp="2015-08-11T09:51:41Z" user="Leonor Gausachs" uid="3139729" lat="31.3957696" lon="120.9416380"/>
 <node id="3691057389" visible="true" version="1" changeset="33261733" timestamp="2015-08-11T09:51:41Z" user="Leonor Gausachs" uid="3139729" lat="31.3957524" lon="120.9415522"/>
 <node id="3691057390" visible="true" version="1" changeset="33261733" timestamp="2015-08-11T09:51:41Z" user="Leonor Gausachs" uid="3139729" lat="31.3958852" lon="120.9416863"/>
 <node id="3691057391" visible="true" version="1" changeset="33261733" timestamp="2015-08-11T09:51:41Z" user="Leonor Gausachs" uid="3139729" lat="31.3959036" lon="120.9417762"/>
 <node id="3691057392" visible="true" version="1" changeset="33261733" timestamp="2015-08-11T09:51:41Z" user="Leonor Gausachs" uid="3139729" lat="31.3957959" lon="120.9418057"/>
 <node id="3691057393" visible="true" version="1" changeset="33261733" timestamp="2015-08-11T09:51:41Z" user="Leonor Gausachs" uid="3139729" lat="31.3957788" lon="120.9417198"/>
 <node id="3691092250" visible="true" version="1" changeset="33262279" timestamp="2015-08-11T10:20:56Z" user="Leonor Gausachs" uid="3139729" lat="31.3947662" lon="120.9407784"/>
 <node id="3691092251" visible="true" version="1" changeset="33262279" timestamp="2015-08-11T10:20:56Z" user="Leonor Gausachs" uid="3139729" lat="31.3947971" lon="120.9408642"/>
 <node id="3691092252" visible="true" version="1" changeset="33262279" timestamp="2015-08-11T10:20:56Z" user="Leonor Gausachs" uid="3139729" lat="31.3948498" lon="120.9408361"/>
 <node id="3691092253" visible="true" version="1" changeset="33262279" timestamp="2015-08-11T10:20:56Z" user="Leonor Gausachs" uid="3139729" lat="31.3949185" lon="120.9410211"/>
 <node id="3691092254" visible="true" version="1" changeset="33262279" timestamp="2015-08-11T10:20:56Z" user="Leonor Gausachs" uid="3139729" lat="31.3948704" lon="120.9410453"/>
 <node id="3691092255" visible="true" version="1" changeset="33262279" timestamp="2015-08-11T10:20:56Z" user="Leonor Gausachs" uid="3139729" lat="31.3948395" lon="120.9409554"/>
 <node id="3691092256" visible="true" version="1" changeset="33262279" timestamp="2015-08-11T10:20:56Z" user="Leonor Gausachs" uid="3139729" lat="31.3947720" lon="120.9409876"/>
 <node id="3691092257" visible="true" version="1" changeset="33262279" timestamp="2015-08-11T10:20:56Z" user="Leonor Gausachs" uid="3139729" lat="31.3947079" lon="120.9408052"/>
 <node id="3691092258" visible="true" version="1" changeset="33262279" timestamp="2015-08-11T10:20:56Z" user="Leonor Gausachs" uid="3139729" lat="31.3948395" lon="120.9409822"/>
 <node id="3691092259" visible="true" version="1" changeset="33262279" timestamp="2015-08-11T10:20:56Z" user="Leonor Gausachs" uid="3139729" lat="31.3948704" lon="120.9410681"/>
 <node id="3691092260" visible="true" version="1" changeset="33262279" timestamp="2015-08-11T10:20:56Z" user="Leonor Gausachs" uid="3139729" lat="31.3949231" lon="120.9410399"/>
 <node id="3691092261" visible="true" version="1" changeset="33262279" timestamp="2015-08-11T10:20:56Z" user="Leonor Gausachs" uid="3139729" lat="31.3949918" lon="120.9412250"/>
 <node id="3691092262" visible="true" version="1" changeset="33262279" timestamp="2015-08-11T10:20:56Z" user="Leonor Gausachs" uid="3139729" lat="31.3949437" lon="120.9412491"/>
 <node id="3691092263" visible="true" version="1" changeset="33262279" timestamp="2015-08-11T10:20:56Z" user="Leonor Gausachs" uid="3139729" lat="31.3949128" lon="120.9411593"/>
 <node id="3691092264" visible="true" version="1" changeset="33262279" timestamp="2015-08-11T10:20:56Z" user="Leonor Gausachs" uid="3139729" lat="31.3948452" lon="120.9411915"/>
 <node id="3691092265" visible="true" version="1" changeset="33262279" timestamp="2015-08-11T10:20:56Z" user="Leonor Gausachs" uid="3139729" lat="31.3947811" lon="120.9410091"/>
 <node id="3691092266" visible="true" version="1" changeset="33262279" timestamp="2015-08-11T10:20:56Z" user="Leonor Gausachs" uid="3139729" lat="31.3949093" lon="120.9411780"/>
 <node id="3691092267" visible="true" version="1" changeset="33262279" timestamp="2015-08-11T10:20:56Z" user="Leonor Gausachs" uid="3139729" lat="31.3949402" lon="120.9412639"/>
 <node id="3691092268" visible="true" version="1" changeset="33262279" timestamp="2015-08-11T10:20:56Z" user="Leonor Gausachs" uid="3139729" lat="31.3949929" lon="120.9412357"/>
 <node id="3691092269" visible="true" version="1" changeset="33262279" timestamp="2015-08-11T10:20:56Z" user="Leonor Gausachs" uid="3139729" lat="31.3950616" lon="120.9414208"/>
 <node id="3691092270" visible="true" version="1" changeset="33262279" timestamp="2015-08-11T10:20:56Z" user="Leonor Gausachs" uid="3139729" lat="31.3950135" lon="120.9414449"/>
 <node id="3691092271" visible="true" version="1" changeset="33262279" timestamp="2015-08-11T10:20:56Z" user="Leonor Gausachs" uid="3139729" lat="31.3949826" lon="120.9413551"/>
 <node id="3691092272" visible="true" version="1" changeset="33262279" timestamp="2015-08-11T10:20:56Z" user="Leonor Gausachs" uid="3139729" lat="31.3949151" lon="120.9413873"/>
 <node id="3691092273" visible="true" version="1" changeset="33262279" timestamp="2015-08-11T10:20:56Z" user="Leonor Gausachs" uid="3139729" lat="31.3948509" lon="120.9412049"/>
 <node id="3691092274" visible="true" version="1" changeset="33262279" timestamp="2015-08-11T10:20:56Z" user="Leonor Gausachs" uid="3139729" lat="31.3949780" lon="120.9413725"/>
 <node id="3691092275" visible="true" version="1" changeset="33262279" timestamp="2015-08-11T10:20:56Z" user="Leonor Gausachs" uid="3139729" lat="31.3950089" lon="120.9414583"/>
 <node id="3691092276" visible="true" version="1" changeset="33262279" timestamp="2015-08-11T10:20:56Z" user="Leonor Gausachs" uid="3139729" lat="31.3950616" lon="120.9414302"/>
 <node id="3691092277" visible="true" version="1" changeset="33262279" timestamp="2015-08-11T10:20:56Z" user="Leonor Gausachs" uid="3139729" lat="31.3951303" lon="120.9416152"/>
 <node id="3691092278" visible="true" version="1" changeset="33262279" timestamp="2015-08-11T10:20:56Z" user="Leonor Gausachs" uid="3139729" lat="31.3950822" lon="120.9416394"/>
 <node id="3691092279" visible="true" version="1" changeset="33262279" timestamp="2015-08-11T10:20:56Z" user="Leonor Gausachs" uid="3139729" lat="31.3950513" lon="120.9415495"/>
 <node id="3691092280" visible="true" version="1" changeset="33262279" timestamp="2015-08-11T10:20:56Z" user="Leonor Gausachs" uid="3139729" lat="31.3949837" lon="120.9415817"/>
 <node id="3691092281" visible="true" version="1" changeset="33262279" timestamp="2015-08-11T10:20:56Z" user="Leonor Gausachs" uid="3139729" lat="31.3949196" lon="120.9413993"/>
 <node id="3691092282" visible="true" version="1" changeset="33262279" timestamp="2015-08-11T10:20:56Z" user="Leonor Gausachs" uid="3139729" lat="31.3950501" lon="120.9415723"/>
 <node id="3691092283" visible="true" version="1" changeset="33262279" timestamp="2015-08-11T10:20:56Z" user="Leonor Gausachs" uid="3139729" lat="31.3950810" lon="120.9416582"/>
 <node id="3691092284" visible="true" version="1" changeset="33262279" timestamp="2015-08-11T10:20:56Z" user="Leonor Gausachs" uid="3139729" lat="31.3951337" lon="120.9416300"/>
 <node id="3691092285" visible="true" version="1" changeset="33262279" timestamp="2015-08-11T10:20:57Z" user="Leonor Gausachs" uid="3139729" lat="31.3952024" lon="120.9418151"/>
 <node id="3691092286" visible="true" version="1" changeset="33262279" timestamp="2015-08-11T10:20:57Z" user="Leonor Gausachs" uid="3139729" lat="31.3951543" lon="120.9418392"/>
 <node id="3691092287" visible="true" version="1" changeset="33262279" timestamp="2015-08-11T10:20:57Z" user="Leonor Gausachs" uid="3139729" lat="31.3951234" lon="120.9417493"/>
 <node id="3691092288" visible="true" version="1" changeset="33262279" timestamp="2015-08-11T10:20:57Z" user="Leonor Gausachs" uid="3139729" lat="31.3950559" lon="120.9417815"/>
 <node id="3691092289" visible="true" version="1" changeset="33262279" timestamp="2015-08-11T10:20:57Z" user="Leonor Gausachs" uid="3139729" lat="31.3949918" lon="120.9415991"/>
 <node id="3691092366" visible="true" version="1" changeset="33262279" timestamp="2015-08-11T10:20:58Z" user="Leonor Gausachs" uid="3139729" lat="31.3953449" lon="120.9517077"/>
 <node id="3691092367" visible="true" version="1" changeset="33262279" timestamp="2015-08-11T10:20:58Z" user="Leonor Gausachs" uid="3139729" lat="31.3954159" lon="120.9520484"/>
 <node id="3691092368" visible="true" version="1" changeset="33262279" timestamp="2015-08-11T10:20:58Z" user="Leonor Gausachs" uid="3139729" lat="31.3953495" lon="120.9520698"/>
 <node id="3691092369" visible="true" version="1" changeset="33262279" timestamp="2015-08-11T10:20:58Z" user="Leonor Gausachs" uid="3139729" lat="31.3952802" lon="120.9517278"/>
 <node id="3691092370" visible="true" version="2" changeset="46484785" timestamp="2017-03-01T04:55:44Z" user="Kate Diaz" uid="4803527" lat="31.3954007" lon="120.9513615"/>
 <node id="3691092371" visible="true" version="2" changeset="46484785" timestamp="2017-03-01T04:55:44Z" user="Kate Diaz" uid="4803527" lat="31.3955731" lon="120.9520438"/>
 <node id="3691092372" visible="true" version="2" changeset="46484785" timestamp="2017-03-01T04:55:44Z" user="Kate Diaz" uid="4803527" lat="31.3954705" lon="120.9520794"/>
 <node id="3691092373" visible="true" version="2" changeset="46484785" timestamp="2017-03-01T04:55:44Z" user="Kate Diaz" uid="4803527" lat="31.3952981" lon="120.9513971"/>
 <node id="3691092374" visible="true" version="1" changeset="33262279" timestamp="2015-08-11T10:20:58Z" user="Leonor Gausachs" uid="3139729" lat="31.3956088" lon="120.9512048"/>
 <node id="3691092375" visible="true" version="1" changeset="33262279" timestamp="2015-08-11T10:20:58Z" user="Leonor Gausachs" uid="3139729" lat="31.3957587" lon="120.9518539"/>
 <node id="3691092376" visible="true" version="1" changeset="33262279" timestamp="2015-08-11T10:20:58Z" user="Leonor Gausachs" uid="3139729" lat="31.3956695" lon="120.9518794"/>
 <node id="3691092377" visible="true" version="1" changeset="33262279" timestamp="2015-08-11T10:20:58Z" user="Leonor Gausachs" uid="3139729" lat="31.3955229" lon="120.9512289"/>
 <node id="3691092378" visible="true" version="1" changeset="33262279" timestamp="2015-08-11T10:20:58Z" user="Leonor Gausachs" uid="3139729" lat="31.3958492" lon="120.9511176"/>
 <node id="3691092379" visible="true" version="1" changeset="33262279" timestamp="2015-08-11T10:20:58Z" user="Leonor Gausachs" uid="3139729" lat="31.3959762" lon="120.9517721"/>
 <node id="3691092380" visible="true" version="1" changeset="33262279" timestamp="2015-08-11T10:20:58Z" user="Leonor Gausachs" uid="3139729" lat="31.3958721" lon="120.9517989"/>
 <node id="3691092381" visible="true" version="1" changeset="33262279" timestamp="2015-08-11T10:20:58Z" user="Leonor Gausachs" uid="3139729" lat="31.3957473" lon="120.9511445"/>
 <node id="3691092394" visible="true" version="1" changeset="33262279" timestamp="2015-08-11T10:20:58Z" user="Leonor Gausachs" uid="3139729" lat="31.3958309" lon="120.9506536"/>
 <node id="3691092395" visible="true" version="1" changeset="33262279" timestamp="2015-08-11T10:20:58Z" user="Leonor Gausachs" uid="3139729" lat="31.3958892" lon="120.9509741"/>
 <node id="3691092396" visible="true" version="1" changeset="33262279" timestamp="2015-08-11T10:20:58Z" user="Leonor Gausachs" uid="3139729" lat="31.3957725" lon="120.9509996"/>
 <node id="3691092397" visible="true" version="1" changeset="33262279" timestamp="2015-08-11T10:20:58Z" user="Leonor Gausachs" uid="3139729" lat="31.3957175" lon="120.9506818"/>
 <node id="3691109786" visible="true" version="2" changeset="33281318" timestamp="2015-08-12T01:15:07Z" user="Leonor Gausachs" uid="3139729" lat="31.3960157" lon="120.9434560"/>
 <node id="3691109787" visible="true" version="2" changeset="33281318" timestamp="2015-08-12T01:15:07Z" user="Leonor Gausachs" uid="3139729" lat="31.3960889" lon="120.9436666"/>
 <node id="3691109788" visible="true" version="2" changeset="33281318" timestamp="2015-08-12T01:15:07Z" user="Leonor Gausachs" uid="3139729" lat="31.3959172" lon="120.9437485"/>
 <node id="3691109789" visible="true" version="2" changeset="33281318" timestamp="2015-08-12T01:15:08Z" user="Leonor Gausachs" uid="3139729" lat="31.3958440" lon="120.9435380"/>
 <node id="3691109790" visible="true" version="2" changeset="33281318" timestamp="2015-08-12T01:15:07Z" user="Leonor Gausachs" uid="3139729" lat="31.3960970" lon="120.9437229"/>
 <node id="3691109791" visible="true" version="2" changeset="33281318" timestamp="2015-08-12T01:15:07Z" user="Leonor Gausachs" uid="3139729" lat="31.3961702" lon="120.9439335"/>
 <node id="3691109792" visible="true" version="2" changeset="33281318" timestamp="2015-08-12T01:15:07Z" user="Leonor Gausachs" uid="3139729" lat="31.3959985" lon="120.9440154"/>
 <node id="3691109793" visible="true" version="2" changeset="33281318" timestamp="2015-08-12T01:15:07Z" user="Leonor Gausachs" uid="3139729" lat="31.3959253" lon="120.9438048"/>
 <node id="3691403027" visible="true" version="1" changeset="33266775" timestamp="2015-08-11T13:36:39Z" user="KUNSHAN_Samira" uid="3140303" lat="31.3828993" lon="120.9446563"/>
 <node id="3692621971" visible="true" version="1" changeset="33281232" timestamp="2015-08-12T00:59:30Z" user="Leonor Gausachs" uid="3139729" lat="31.3959345" lon="120.9420732"/>
 <node id="3692621972" visible="true" version="1" changeset="33281232" timestamp="2015-08-12T00:59:30Z" user="Leonor Gausachs" uid="3139729" lat="31.3959345" lon="120.9422395"/>
 <node id="3692621973" visible="true" version="1" changeset="33281232" timestamp="2015-08-12T00:59:30Z" user="Leonor Gausachs" uid="3139729" lat="31.3958406" lon="120.9422342"/>
 <node id="3692621974" visible="true" version="1" changeset="33281232" timestamp="2015-08-12T00:59:30Z" user="Leonor Gausachs" uid="3139729" lat="31.3958429" lon="120.9420705"/>
 <node id="3692621975" visible="true" version="1" changeset="33281232" timestamp="2015-08-12T00:59:30Z" user="Leonor Gausachs" uid="3139729" lat="31.3959322" lon="120.9418560"/>
 <node id="3692621976" visible="true" version="1" changeset="33281232" timestamp="2015-08-12T00:59:30Z" user="Leonor Gausachs" uid="3139729" lat="31.3959322" lon="120.9420223"/>
 <node id="3692621977" visible="true" version="1" changeset="33281232" timestamp="2015-08-12T00:59:30Z" user="Leonor Gausachs" uid="3139729" lat="31.3958383" lon="120.9420169"/>
 <node id="3692621978" visible="true" version="1" changeset="33281232" timestamp="2015-08-12T00:59:30Z" user="Leonor Gausachs" uid="3139729" lat="31.3958406" lon="120.9418533"/>
 <node id="3692621979" visible="true" version="1" changeset="33281232" timestamp="2015-08-12T00:59:30Z" user="Leonor Gausachs" uid="3139729" lat="31.3956620" lon="120.9420330"/>
 <node id="3692621980" visible="true" version="1" changeset="33281232" timestamp="2015-08-12T00:59:30Z" user="Leonor Gausachs" uid="3139729" lat="31.3956620" lon="120.9421993"/>
 <node id="3692621981" visible="true" version="1" changeset="33281232" timestamp="2015-08-12T00:59:30Z" user="Leonor Gausachs" uid="3139729" lat="31.3955681" lon="120.9421939"/>
 <node id="3692621982" visible="true" version="1" changeset="33281232" timestamp="2015-08-12T00:59:30Z" user="Leonor Gausachs" uid="3139729" lat="31.3955704" lon="120.9420303"/>
 <node id="3692622011" visible="true" version="1" changeset="33281232" timestamp="2015-08-12T00:59:31Z" user="Leonor Gausachs" uid="3139729" lat="31.3979034" lon="120.9422972"/>
 <node id="3692622012" visible="true" version="1" changeset="33281232" timestamp="2015-08-12T00:59:31Z" user="Leonor Gausachs" uid="3139729" lat="31.3979034" lon="120.9424420"/>
 <node id="3692622013" visible="true" version="1" changeset="33281232" timestamp="2015-08-12T00:59:31Z" user="Leonor Gausachs" uid="3139729" lat="31.3952293" lon="120.9425761"/>
 <node id="3692622014" visible="true" version="1" changeset="33281232" timestamp="2015-08-12T00:59:31Z" user="Leonor Gausachs" uid="3139729" lat="31.3951774" lon="120.9425683"/>
 <node id="3692622015" visible="true" version="1" changeset="33281232" timestamp="2015-08-12T00:59:31Z" user="Leonor Gausachs" uid="3139729" lat="31.3951282" lon="120.9424283"/>
 <node id="3692678553" visible="true" version="2" changeset="46639163" timestamp="2017-03-07T01:47:00Z" user="James Millar" uid="5317567" lat="31.3959562" lon="120.9405430"/>
 <node id="3692678561" visible="true" version="1" changeset="33281910" timestamp="2015-08-12T02:58:38Z" user="Leonor Gausachs" uid="3139729" lat="31.3959127" lon="120.9415033"/>
 <node id="3692678562" visible="true" version="1" changeset="33281910" timestamp="2015-08-12T02:58:38Z" user="Leonor Gausachs" uid="3139729" lat="31.3958990" lon="120.9409910"/>
 <node id="3692678563" visible="true" version="1" changeset="33281910" timestamp="2015-08-12T02:58:38Z" user="Leonor Gausachs" uid="3139729" lat="31.3963413" lon="120.9414702"/>
 <node id="3692678565" visible="true" version="2" changeset="134940968" timestamp="2023-04-15T13:40:49Z" user="shanhulittle" uid="11213533" lat="31.3967129" lon="120.9413573"/>
 <node id="3692678566" visible="true" version="1" changeset="33281910" timestamp="2015-08-12T02:58:38Z" user="Leonor Gausachs" uid="3139729" lat="31.3965375" lon="120.9390280"/>
 <node id="3692678569" visible="true" version="1" changeset="33281910" timestamp="2015-08-12T02:58:38Z" user="Leonor Gausachs" uid="3139729" lat="31.3945001" lon="120.9396579"/>
 <node id="3692678570" visible="true" version="1" changeset="33281910" timestamp="2015-08-12T02:58:38Z" user="Leonor Gausachs" uid="3139729" lat="31.3943880" lon="120.9393107"/>
 <node id="3692678571" visible="true" version="1" changeset="33281910" timestamp="2015-08-12T02:58:38Z" user="Leonor Gausachs" uid="3139729" lat="31.3952625" lon="120.9418171"/>
 <node id="3692678573" visible="true" version="1" changeset="33281910" timestamp="2015-08-12T02:58:38Z" user="Leonor Gausachs" uid="3139729" lat="31.3952374" lon="120.9396043"/>
 <node id="3692678574" visible="true" version="1" changeset="33281910" timestamp="2015-08-12T02:58:38Z" user="Leonor Gausachs" uid="3139729" lat="31.3953586" lon="120.9406074"/>
 <node id="3692678575" visible="true" version="1" changeset="33281910" timestamp="2015-08-12T02:58:38Z" user="Leonor Gausachs" uid="3139729" lat="31.3953655" lon="120.9408890"/>
 <node id="3692678631" visible="true" version="2" changeset="46639163" timestamp="2017-03-07T01:47:00Z" user="James Millar" uid="5317567" lat="31.3955853" lon="120.9405953"/>
 <node id="3692678632" visible="true" version="1" changeset="33282020" timestamp="2015-08-12T03:18:36Z" user="Leonor Gausachs" uid="3139729" lat="31.3956551" lon="120.9417661"/>
 <node id="3692678642" visible="true" version="1" changeset="33282020" timestamp="2015-08-12T03:18:37Z" user="Leonor Gausachs" uid="3139729" lat="31.3961314" lon="120.9448936"/>
 <node id="3692678645" visible="true" version="1" changeset="33282020" timestamp="2015-08-12T03:18:37Z" user="Leonor Gausachs" uid="3139729" lat="31.3957147" lon="120.9436034"/>
 <node id="3692698832" visible="true" version="1" changeset="33282205" timestamp="2015-08-12T03:55:49Z" user="Leonor Gausachs" uid="3139729" lat="31.3963291" lon="120.9344617"/>
 <node id="3692698835" visible="true" version="1" changeset="33282205" timestamp="2015-08-12T03:55:49Z" user="Leonor Gausachs" uid="3139729" lat="31.3955206" lon="120.9421261"/>
 <node id="3692698836" visible="true" version="1" changeset="33282205" timestamp="2015-08-12T03:55:49Z" user="Leonor Gausachs" uid="3139729" lat="31.3955248" lon="120.9423204"/>
 <node id="3692698837" visible="true" version="1" changeset="33282205" timestamp="2015-08-12T03:55:49Z" user="Leonor Gausachs" uid="3139729" lat="31.3954632" lon="120.9423222"/>
 <node id="3692698838" visible="true" version="1" changeset="33282205" timestamp="2015-08-12T03:55:49Z" user="Leonor Gausachs" uid="3139729" lat="31.3954590" lon="120.9421279"/>
 <node id="3692698839" visible="true" version="1" changeset="33282205" timestamp="2015-08-12T03:55:49Z" user="Leonor Gausachs" uid="3139729" lat="31.3953663" lon="120.9420245"/>
 <node id="3692698840" visible="true" version="1" changeset="33282205" timestamp="2015-08-12T03:55:49Z" user="Leonor Gausachs" uid="3139729" lat="31.3953813" lon="120.9421682"/>
 <node id="3692698841" visible="true" version="1" changeset="33282205" timestamp="2015-08-12T03:55:49Z" user="Leonor Gausachs" uid="3139729" lat="31.3952980" lon="120.9421802"/>
 <node id="3692698842" visible="true" version="1" changeset="33282205" timestamp="2015-08-12T03:55:50Z" user="Leonor Gausachs" uid="3139729" lat="31.3952830" lon="120.9420364"/>
 <node id="3692698843" visible="true" version="1" changeset="33282205" timestamp="2015-08-12T03:55:50Z" user="Leonor Gausachs" uid="3139729" lat="31.3954086" lon="120.9421986"/>
 <node id="3692698844" visible="true" version="1" changeset="33282205" timestamp="2015-08-12T03:55:50Z" user="Leonor Gausachs" uid="3139729" lat="31.3954060" lon="120.9423205"/>
 <node id="3692698845" visible="true" version="1" changeset="33282205" timestamp="2015-08-12T03:55:50Z" user="Leonor Gausachs" uid="3139729" lat="31.3953247" lon="120.9423181"/>
 <node id="3692698846" visible="true" version="1" changeset="33282205" timestamp="2015-08-12T03:55:50Z" user="Leonor Gausachs" uid="3139729" lat="31.3953272" lon="120.9421962"/>
 <node id="3692703283" visible="true" version="1" changeset="33282205" timestamp="2015-08-12T03:55:52Z" user="Leonor Gausachs" uid="3139729" lat="31.3958784" lon="120.9526934"/>
 <node id="3692703284" visible="true" version="1" changeset="33282205" timestamp="2015-08-12T03:55:52Z" user="Leonor Gausachs" uid="3139729" lat="31.3961188" lon="120.9539702"/>
 <node id="3692703299" visible="true" version="2" changeset="115860615" timestamp="2022-01-07T03:53:23Z" user="神諭者" uid="6591408" lat="31.3917224" lon="120.9496873"/>
 <node id="3692703304" visible="true" version="1" changeset="33282205" timestamp="2015-08-12T03:55:52Z" user="Leonor Gausachs" uid="3139729" lat="31.3929890" lon="120.9444376"/>
 <node id="3692703305" visible="true" version="1" changeset="33282205" timestamp="2015-08-12T03:55:52Z" user="Leonor Gausachs" uid="3139729" lat="31.3930153" lon="120.9446370"/>
 <node id="3692703306" visible="true" version="1" changeset="33282205" timestamp="2015-08-12T03:55:52Z" user="Leonor Gausachs" uid="3139729" lat="31.3929336" lon="120.9446518"/>
 <node id="3692703307" visible="true" version="1" changeset="33282205" timestamp="2015-08-12T03:55:52Z" user="Leonor Gausachs" uid="3139729" lat="31.3929073" lon="120.9444524"/>
 <node id="3692703308" visible="true" version="1" changeset="33282205" timestamp="2015-08-12T03:55:52Z" user="Leonor Gausachs" uid="3139729" lat="31.3930062" lon="120.9448647"/>
 <node id="3692703309" visible="true" version="1" changeset="33282205" timestamp="2015-08-12T03:55:52Z" user="Leonor Gausachs" uid="3139729" lat="31.3930445" lon="120.9450907"/>
 <node id="3692703310" visible="true" version="1" changeset="33282205" timestamp="2015-08-12T03:55:52Z" user="Leonor Gausachs" uid="3139729" lat="31.3929603" lon="120.9451102"/>
 <node id="3692703311" visible="true" version="1" changeset="33282205" timestamp="2015-08-12T03:55:52Z" user="Leonor Gausachs" uid="3139729" lat="31.3929220" lon="120.9448842"/>
 <node id="3692703316" visible="true" version="1" changeset="33282205" timestamp="2015-08-12T03:55:52Z" user="Leonor Gausachs" uid="3139729" lat="31.3945985" lon="120.9483348"/>
 <node id="3692703317" visible="true" version="1" changeset="33282205" timestamp="2015-08-12T03:55:52Z" user="Leonor Gausachs" uid="3139729" lat="31.3946054" lon="120.9484341"/>
 <node id="3692703318" visible="true" version="1" changeset="33282205" timestamp="2015-08-12T03:55:52Z" user="Leonor Gausachs" uid="3139729" lat="31.3945825" lon="120.9484877"/>
 <node id="3692703319" visible="true" version="1" changeset="33282205" timestamp="2015-08-12T03:55:52Z" user="Leonor Gausachs" uid="3139729" lat="31.3943055" lon="120.9486406"/>
 <node id="3692703322" visible="true" version="2" changeset="89544893" timestamp="2020-08-18T03:15:48Z" user="IjRiver" uid="10811276" lat="31.3952705" lon="120.9484985"/>
 <node id="3692703323" visible="true" version="1" changeset="33282205" timestamp="2015-08-12T03:55:52Z" user="Leonor Gausachs" uid="3139729" lat="31.3953197" lon="120.9478950"/>
 <node id="3692703324" visible="true" version="1" changeset="33282205" timestamp="2015-08-12T03:55:52Z" user="Leonor Gausachs" uid="3139729" lat="31.3947722" lon="120.9483566"/>
 <node id="3692703325" visible="true" version="1" changeset="33282205" timestamp="2015-08-12T03:55:52Z" user="Leonor Gausachs" uid="3139729" lat="31.3946882" lon="120.9483941"/>
 <node id="3692703326" visible="true" version="1" changeset="33282205" timestamp="2015-08-12T03:55:52Z" user="Leonor Gausachs" uid="3139729" lat="31.3947615" lon="120.9486200"/>
 <node id="3692703327" visible="true" version="1" changeset="33282205" timestamp="2015-08-12T03:55:53Z" user="Leonor Gausachs" uid="3139729" lat="31.3948455" lon="120.9485826"/>
 <node id="3692703332" visible="true" version="2" changeset="167374000" timestamp="2025-06-09T00:04:02Z" user="Maps Man" uid="10216874" lat="31.3934421" lon="120.9508995"/>
 <node id="3692703333" visible="true" version="2" changeset="167374000" timestamp="2025-06-09T00:04:02Z" user="Maps Man" uid="10216874" lat="31.3935698" lon="120.9512962"/>
 <node id="3692703334" visible="true" version="2" changeset="167374000" timestamp="2025-06-09T00:04:02Z" user="Maps Man" uid="10216874" lat="31.3934746" lon="120.9513383"/>
 <node id="3692703335" visible="true" version="2" changeset="167374000" timestamp="2025-06-09T00:04:02Z" user="Maps Man" uid="10216874" lat="31.3933469" lon="120.9509416"/>
 <node id="3692703336" visible="true" version="1" changeset="33282205" timestamp="2015-08-12T03:55:53Z" user="Leonor Gausachs" uid="3139729" lat="31.3929269" lon="120.9497087"/>
 <node id="3692703337" visible="true" version="1" changeset="33282205" timestamp="2015-08-12T03:55:53Z" user="Leonor Gausachs" uid="3139729" lat="31.3930547" lon="120.9501054"/>
 <node id="3692703338" visible="true" version="1" changeset="33282205" timestamp="2015-08-12T03:55:53Z" user="Leonor Gausachs" uid="3139729" lat="31.3929595" lon="120.9501475"/>
 <node id="3692703339" visible="true" version="1" changeset="33282205" timestamp="2015-08-12T03:55:53Z" user="Leonor Gausachs" uid="3139729" lat="31.3928317" lon="120.9497508"/>
 <node id="3692703348" visible="true" version="1" changeset="33282205" timestamp="2015-08-12T03:55:53Z" user="Leonor Gausachs" uid="3139729" lat="31.3926682" lon="120.9498240"/>
 <node id="3692703349" visible="true" version="1" changeset="33282205" timestamp="2015-08-12T03:55:53Z" user="Leonor Gausachs" uid="3139729" lat="31.3927959" lon="120.9502207"/>
 <node id="3692703350" visible="true" version="1" changeset="33282205" timestamp="2015-08-12T03:55:53Z" user="Leonor Gausachs" uid="3139729" lat="31.3927007" lon="120.9502628"/>
 <node id="3692703351" visible="true" version="1" changeset="33282205" timestamp="2015-08-12T03:55:53Z" user="Leonor Gausachs" uid="3139729" lat="31.3925730" lon="120.9498661"/>
 <node id="3692703352" visible="true" version="1" changeset="33282205" timestamp="2015-08-12T03:55:53Z" user="Leonor Gausachs" uid="3139729" lat="31.3924232" lon="120.9499125"/>
 <node id="3692703353" visible="true" version="1" changeset="33282205" timestamp="2015-08-12T03:55:53Z" user="Leonor Gausachs" uid="3139729" lat="31.3925510" lon="120.9503092"/>
 <node id="3692703354" visible="true" version="1" changeset="33282205" timestamp="2015-08-12T03:55:53Z" user="Leonor Gausachs" uid="3139729" lat="31.3924557" lon="120.9503513"/>
 <node id="3692703355" visible="true" version="1" changeset="33282205" timestamp="2015-08-12T03:55:53Z" user="Leonor Gausachs" uid="3139729" lat="31.3923280" lon="120.9499546"/>
 <node id="3692703356" visible="true" version="2" changeset="167374000" timestamp="2025-06-09T00:04:02Z" user="Maps Man" uid="10216874" lat="31.3936429" lon="120.9508051"/>
 <node id="3692703357" visible="true" version="2" changeset="167374000" timestamp="2025-06-09T00:04:02Z" user="Maps Man" uid="10216874" lat="31.3935444" lon="120.9508546"/>
 <node id="3692703358" visible="true" version="2" changeset="167374000" timestamp="2025-06-09T00:04:02Z" user="Maps Man" uid="10216874" lat="31.3936430" lon="120.9511240"/>
 <node id="3692703359" visible="true" version="2" changeset="167374000" timestamp="2025-06-09T00:04:02Z" user="Maps Man" uid="10216874" lat="31.3937415" lon="120.9510746"/>
 <node id="3692703360" visible="true" version="1" changeset="33282205" timestamp="2015-08-12T03:55:53Z" user="Leonor Gausachs" uid="3139729" lat="31.3944795" lon="120.9501549"/>
 <node id="3692703361" visible="true" version="1" changeset="33282205" timestamp="2015-08-12T03:55:53Z" user="Leonor Gausachs" uid="3139729" lat="31.3943809" lon="120.9502043"/>
 <node id="3692703362" visible="true" version="1" changeset="33282205" timestamp="2015-08-12T03:55:53Z" user="Leonor Gausachs" uid="3139729" lat="31.3944795" lon="120.9504738"/>
 <node id="3692703363" visible="true" version="1" changeset="33282205" timestamp="2015-08-12T03:55:53Z" user="Leonor Gausachs" uid="3139729" lat="31.3945780" lon="120.9504243"/>
 <node id="3692703364" visible="true" version="1" changeset="33282205" timestamp="2015-08-12T03:55:53Z" user="Leonor Gausachs" uid="3139729" lat="31.3943261" lon="120.9502702"/>
 <node id="3692703365" visible="true" version="1" changeset="33282205" timestamp="2015-08-12T03:55:53Z" user="Leonor Gausachs" uid="3139729" lat="31.3942275" lon="120.9503197"/>
 <node id="3692703366" visible="true" version="1" changeset="33282205" timestamp="2015-08-12T03:55:53Z" user="Leonor Gausachs" uid="3139729" lat="31.3943261" lon="120.9505891"/>
 <node id="3692703367" visible="true" version="1" changeset="33282205" timestamp="2015-08-12T03:55:53Z" user="Leonor Gausachs" uid="3139729" lat="31.3944246" lon="120.9505396"/>
 <node id="3692703368" visible="true" version="1" changeset="33282205" timestamp="2015-08-12T03:55:53Z" user="Leonor Gausachs" uid="3139729" lat="31.3941383" lon="120.9503319"/>
 <node id="3692703369" visible="true" version="1" changeset="33282205" timestamp="2015-08-12T03:55:53Z" user="Leonor Gausachs" uid="3139729" lat="31.3940398" lon="120.9503814"/>
 <node id="3692703370" visible="true" version="1" changeset="33282205" timestamp="2015-08-12T03:55:53Z" user="Leonor Gausachs" uid="3139729" lat="31.3941383" lon="120.9506508"/>
 <node id="3692703371" visible="true" version="1" changeset="33282205" timestamp="2015-08-12T03:55:53Z" user="Leonor Gausachs" uid="3139729" lat="31.3942369" lon="120.9506013"/>
 <node id="3692703372" visible="true" version="1" changeset="33282205" timestamp="2015-08-12T03:55:53Z" user="Leonor Gausachs" uid="3139729" lat="31.3939437" lon="120.9504392"/>
 <node id="3692703373" visible="true" version="1" changeset="33282205" timestamp="2015-08-12T03:55:53Z" user="Leonor Gausachs" uid="3139729" lat="31.3938452" lon="120.9504886"/>
 <node id="3692703374" visible="true" version="1" changeset="33282205" timestamp="2015-08-12T03:55:53Z" user="Leonor Gausachs" uid="3139729" lat="31.3939437" lon="120.9507581"/>
 <node id="3692703375" visible="true" version="1" changeset="33282205" timestamp="2015-08-12T03:55:53Z" user="Leonor Gausachs" uid="3139729" lat="31.3940423" lon="120.9507086"/>
 <node id="3692703376" visible="true" version="2" changeset="167374000" timestamp="2025-06-09T00:04:02Z" user="Maps Man" uid="10216874" lat="31.3936209" lon="120.9503479"/>
 <node id="3692703377" visible="true" version="2" changeset="167374000" timestamp="2025-06-09T00:04:02Z" user="Maps Man" uid="10216874" lat="31.3935224" lon="120.9503974"/>
 <node id="3692703378" visible="true" version="2" changeset="167374000" timestamp="2025-06-09T00:04:02Z" user="Maps Man" uid="10216874" lat="31.3936209" lon="120.9506668"/>
 <node id="3692703379" visible="true" version="2" changeset="167374000" timestamp="2025-06-09T00:04:02Z" user="Maps Man" uid="10216874" lat="31.3937195" lon="120.9506174"/>
 <node id="3692703380" visible="true" version="2" changeset="167374000" timestamp="2025-06-09T00:04:02Z" user="Maps Man" uid="10216874" lat="31.3934400" lon="120.9504552"/>
 <node id="3692703381" visible="true" version="2" changeset="167374000" timestamp="2025-06-09T00:04:02Z" user="Maps Man" uid="10216874" lat="31.3933415" lon="120.9505047"/>
 <node id="3692703382" visible="true" version="2" changeset="167374000" timestamp="2025-06-09T00:04:02Z" user="Maps Man" uid="10216874" lat="31.3934400" lon="120.9507741"/>
 <node id="3692703383" visible="true" version="2" changeset="167374000" timestamp="2025-06-09T00:04:02Z" user="Maps Man" uid="10216874" lat="31.3935386" lon="120.9507247"/>
 <node id="3692703384" visible="true" version="2" changeset="167374000" timestamp="2025-06-09T00:04:02Z" user="Maps Man" uid="10216874" lat="31.3932706" lon="120.9505706"/>
 <node id="3692703385" visible="true" version="2" changeset="167374000" timestamp="2025-06-09T00:04:02Z" user="Maps Man" uid="10216874" lat="31.3931721" lon="120.9506200"/>
 <node id="3692703386" visible="true" version="2" changeset="167374000" timestamp="2025-06-09T00:04:02Z" user="Maps Man" uid="10216874" lat="31.3932706" lon="120.9508895"/>
 <node id="3692703387" visible="true" version="2" changeset="167374000" timestamp="2025-06-09T00:04:02Z" user="Maps Man" uid="10216874" lat="31.3933692" lon="120.9508400"/>
 <node id="3692703388" visible="true" version="2" changeset="167374000" timestamp="2025-06-09T00:04:02Z" user="Maps Man" uid="10216874" lat="31.3930943" lon="120.9506913"/>
 <node id="3692703389" visible="true" version="2" changeset="167374000" timestamp="2025-06-09T00:04:02Z" user="Maps Man" uid="10216874" lat="31.3929958" lon="120.9507407"/>
 <node id="3692703390" visible="true" version="2" changeset="167374000" timestamp="2025-06-09T00:04:02Z" user="Maps Man" uid="10216874" lat="31.3930943" lon="120.9510102"/>
 <node id="3692703391" visible="true" version="2" changeset="167374000" timestamp="2025-06-09T00:04:02Z" user="Maps Man" uid="10216874" lat="31.3931929" lon="120.9509607"/>
 <node id="3692703392" visible="true" version="2" changeset="167374000" timestamp="2025-06-09T00:04:02Z" user="Maps Man" uid="10216874" lat="31.3930920" lon="120.9502299"/>
 <node id="3692703393" visible="true" version="2" changeset="167374000" timestamp="2025-06-09T00:04:02Z" user="Maps Man" uid="10216874" lat="31.3929935" lon="120.9502794"/>
 <node id="3692703394" visible="true" version="2" changeset="167374000" timestamp="2025-06-09T00:04:02Z" user="Maps Man" uid="10216874" lat="31.3930920" lon="120.9505488"/>
 <node id="3692703395" visible="true" version="2" changeset="167374000" timestamp="2025-06-09T00:04:02Z" user="Maps Man" uid="10216874" lat="31.3931906" lon="120.9504994"/>
 <node id="3692703396" visible="true" version="2" changeset="167374000" timestamp="2025-06-09T00:04:02Z" user="Maps Man" uid="10216874" lat="31.3932637" lon="120.9501736"/>
 <node id="3692703397" visible="true" version="2" changeset="167374000" timestamp="2025-06-09T00:04:02Z" user="Maps Man" uid="10216874" lat="31.3931652" lon="120.9502231"/>
 <node id="3692703398" visible="true" version="2" changeset="167374000" timestamp="2025-06-09T00:04:02Z" user="Maps Man" uid="10216874" lat="31.3932638" lon="120.9504925"/>
 <node id="3692703399" visible="true" version="2" changeset="167374000" timestamp="2025-06-09T00:04:02Z" user="Maps Man" uid="10216874" lat="31.3933623" lon="120.9504430"/>
 <node id="3692703400" visible="true" version="2" changeset="167374000" timestamp="2025-06-09T00:04:02Z" user="Maps Man" uid="10216874" lat="31.3935179" lon="120.9500261"/>
 <node id="3692703401" visible="true" version="2" changeset="167374000" timestamp="2025-06-09T00:04:02Z" user="Maps Man" uid="10216874" lat="31.3934193" lon="120.9500755"/>
 <node id="3692703402" visible="true" version="2" changeset="167374000" timestamp="2025-06-09T00:04:02Z" user="Maps Man" uid="10216874" lat="31.3935179" lon="120.9503450"/>
 <node id="3692703403" visible="true" version="2" changeset="167374000" timestamp="2025-06-09T00:04:02Z" user="Maps Man" uid="10216874" lat="31.3936164" lon="120.9502955"/>
 <node id="3692703404" visible="true" version="1" changeset="33282205" timestamp="2015-08-12T03:55:54Z" user="Leonor Gausachs" uid="3139729" lat="31.3938338" lon="120.9501173"/>
 <node id="3692703405" visible="true" version="1" changeset="33282205" timestamp="2015-08-12T03:55:54Z" user="Leonor Gausachs" uid="3139729" lat="31.3937353" lon="120.9501668"/>
 <node id="3692703406" visible="true" version="1" changeset="33282205" timestamp="2015-08-12T03:55:54Z" user="Leonor Gausachs" uid="3139729" lat="31.3938338" lon="120.9504362"/>
 <node id="3692703407" visible="true" version="1" changeset="33282205" timestamp="2015-08-12T03:55:54Z" user="Leonor Gausachs" uid="3139729" lat="31.3939324" lon="120.9503867"/>
 <node id="3692703408" visible="true" version="1" changeset="33282205" timestamp="2015-08-12T03:55:54Z" user="Leonor Gausachs" uid="3139729" lat="31.3940078" lon="120.9499886"/>
 <node id="3692703409" visible="true" version="1" changeset="33282205" timestamp="2015-08-12T03:55:54Z" user="Leonor Gausachs" uid="3139729" lat="31.3939093" lon="120.9500380"/>
 <node id="3692703410" visible="true" version="1" changeset="33282205" timestamp="2015-08-12T03:55:54Z" user="Leonor Gausachs" uid="3139729" lat="31.3940078" lon="120.9503075"/>
 <node id="3692703411" visible="true" version="1" changeset="33282205" timestamp="2015-08-12T03:55:54Z" user="Leonor Gausachs" uid="3139729" lat="31.3941064" lon="120.9502580"/>
 <node id="3692703412" visible="true" version="1" changeset="33282205" timestamp="2015-08-12T03:55:54Z" user="Leonor Gausachs" uid="3139729" lat="31.3941841" lon="120.9499054"/>
 <node id="3692703413" visible="true" version="1" changeset="33282205" timestamp="2015-08-12T03:55:54Z" user="Leonor Gausachs" uid="3139729" lat="31.3940856" lon="120.9499549"/>
 <node id="3692703414" visible="true" version="1" changeset="33282205" timestamp="2015-08-12T03:55:54Z" user="Leonor Gausachs" uid="3139729" lat="31.3941841" lon="120.9502243"/>
 <node id="3692703415" visible="true" version="1" changeset="33282205" timestamp="2015-08-12T03:55:54Z" user="Leonor Gausachs" uid="3139729" lat="31.3942827" lon="120.9501748"/>
 <node id="3692703416" visible="true" version="1" changeset="33282205" timestamp="2015-08-12T03:55:54Z" user="Leonor Gausachs" uid="3139729" lat="31.3943421" lon="120.9498303"/>
 <node id="3692703417" visible="true" version="1" changeset="33282205" timestamp="2015-08-12T03:55:54Z" user="Leonor Gausachs" uid="3139729" lat="31.3942435" lon="120.9498798"/>
 <node id="3692703418" visible="true" version="1" changeset="33282205" timestamp="2015-08-12T03:55:54Z" user="Leonor Gausachs" uid="3139729" lat="31.3943421" lon="120.9501492"/>
 <node id="3692703419" visible="true" version="1" changeset="33282205" timestamp="2015-08-12T03:55:54Z" user="Leonor Gausachs" uid="3139729" lat="31.3944407" lon="120.9500997"/>
 <node id="3692703420" visible="true" version="1" changeset="33282205" timestamp="2015-08-12T03:55:54Z" user="Leonor Gausachs" uid="3139729" lat="31.3944451" lon="120.9495165"/>
 <node id="3692703421" visible="true" version="1" changeset="33282205" timestamp="2015-08-12T03:55:54Z" user="Leonor Gausachs" uid="3139729" lat="31.3943466" lon="120.9495660"/>
 <node id="3692703422" visible="true" version="1" changeset="33282205" timestamp="2015-08-12T03:55:54Z" user="Leonor Gausachs" uid="3139729" lat="31.3944451" lon="120.9498354"/>
 <node id="3692703423" visible="true" version="1" changeset="33282205" timestamp="2015-08-12T03:55:54Z" user="Leonor Gausachs" uid="3139729" lat="31.3945437" lon="120.9497859"/>
 <node id="3692703424" visible="true" version="1" changeset="33282205" timestamp="2015-08-12T03:55:54Z" user="Leonor Gausachs" uid="3139729" lat="31.3945825" lon="120.9498598"/>
 <node id="3692703425" visible="true" version="1" changeset="33282205" timestamp="2015-08-12T03:55:54Z" user="Leonor Gausachs" uid="3139729" lat="31.3944839" lon="120.9499093"/>
 <node id="3692703426" visible="true" version="1" changeset="33282205" timestamp="2015-08-12T03:55:54Z" user="Leonor Gausachs" uid="3139729" lat="31.3945825" lon="120.9501787"/>
 <node id="3692703427" visible="true" version="1" changeset="33282205" timestamp="2015-08-12T03:55:54Z" user="Leonor Gausachs" uid="3139729" lat="31.3946811" lon="120.9501293"/>
 <node id="3692703428" visible="true" version="1" changeset="33282205" timestamp="2015-08-12T03:55:54Z" user="Leonor Gausachs" uid="3139729" lat="31.3947702" lon="120.9497928"/>
 <node id="3692703429" visible="true" version="1" changeset="33282205" timestamp="2015-08-12T03:55:54Z" user="Leonor Gausachs" uid="3139729" lat="31.3946717" lon="120.9498422"/>
 <node id="3692703430" visible="true" version="1" changeset="33282205" timestamp="2015-08-12T03:55:54Z" user="Leonor Gausachs" uid="3139729" lat="31.3947703" lon="120.9501117"/>
 <node id="3692703431" visible="true" version="1" changeset="33282205" timestamp="2015-08-12T03:55:54Z" user="Leonor Gausachs" uid="3139729" lat="31.3948688" lon="120.9500622"/>
 <node id="3692703432" visible="true" version="1" changeset="33282205" timestamp="2015-08-12T03:55:54Z" user="Leonor Gausachs" uid="3139729" lat="31.3946329" lon="120.9494602"/>
 <node id="3692703433" visible="true" version="1" changeset="33282205" timestamp="2015-08-12T03:55:54Z" user="Leonor Gausachs" uid="3139729" lat="31.3945343" lon="120.9495096"/>
 <node id="3692703434" visible="true" version="1" changeset="33282205" timestamp="2015-08-12T03:55:54Z" user="Leonor Gausachs" uid="3139729" lat="31.3946329" lon="120.9497791"/>
 <node id="3692703435" visible="true" version="1" changeset="33282205" timestamp="2015-08-12T03:55:54Z" user="Leonor Gausachs" uid="3139729" lat="31.3947314" lon="120.9497296"/>
 <node id="3692703440" visible="true" version="1" changeset="33282205" timestamp="2015-08-12T03:55:54Z" user="Leonor Gausachs" uid="3139729" lat="31.3947028" lon="120.9501864"/>
 <node id="3692703441" visible="true" version="1" changeset="33282205" timestamp="2015-08-12T03:55:54Z" user="Leonor Gausachs" uid="3139729" lat="31.3946150" lon="120.9502367"/>
 <node id="3692703442" visible="true" version="1" changeset="33282205" timestamp="2015-08-12T03:55:54Z" user="Leonor Gausachs" uid="3139729" lat="31.3946773" lon="120.9503859"/>
 <node id="3692703443" visible="true" version="1" changeset="33282205" timestamp="2015-08-12T03:55:54Z" user="Leonor Gausachs" uid="3139729" lat="31.3947651" lon="120.9503355"/>
 <node id="3692703456" visible="true" version="1" changeset="33282205" timestamp="2015-08-12T03:55:54Z" user="Leonor Gausachs" uid="3139729" lat="31.3945224" lon="120.9491579"/>
 <node id="3692703457" visible="true" version="1" changeset="33282205" timestamp="2015-08-12T03:55:55Z" user="Leonor Gausachs" uid="3139729" lat="31.3945498" lon="120.9493083"/>
 <node id="3692703458" visible="true" version="1" changeset="33282205" timestamp="2015-08-12T03:55:55Z" user="Leonor Gausachs" uid="3139729" lat="31.3944251" lon="120.9493395"/>
 <node id="3692703459" visible="true" version="1" changeset="33282205" timestamp="2015-08-12T03:55:55Z" user="Leonor Gausachs" uid="3139729" lat="31.3943977" lon="120.9491891"/>
 <node id="3692703460" visible="true" version="1" changeset="33282205" timestamp="2015-08-12T03:55:55Z" user="Leonor Gausachs" uid="3139729" lat="31.3942923" lon="120.9496227"/>
 <node id="3692703461" visible="true" version="1" changeset="33282205" timestamp="2015-08-12T03:55:55Z" user="Leonor Gausachs" uid="3139729" lat="31.3943197" lon="120.9497731"/>
 <node id="3692703462" visible="true" version="1" changeset="33282205" timestamp="2015-08-12T03:55:55Z" user="Leonor Gausachs" uid="3139729" lat="31.3941950" lon="120.9498043"/>
 <node id="3692703463" visible="true" version="1" changeset="33282205" timestamp="2015-08-12T03:55:55Z" user="Leonor Gausachs" uid="3139729" lat="31.3941676" lon="120.9496539"/>
 <node id="3692703464" visible="true" version="1" changeset="33282205" timestamp="2015-08-12T03:55:55Z" user="Leonor Gausachs" uid="3139729" lat="31.3937241" lon="120.9494227"/>
 <node id="3692703465" visible="true" version="1" changeset="33282205" timestamp="2015-08-12T03:55:55Z" user="Leonor Gausachs" uid="3139729" lat="31.3937792" lon="120.9496670"/>
 <node id="3692703466" visible="true" version="1" changeset="33282205" timestamp="2015-08-12T03:55:55Z" user="Leonor Gausachs" uid="3139729" lat="31.3936580" lon="120.9497044"/>
 <node id="3692703467" visible="true" version="1" changeset="33282205" timestamp="2015-08-12T03:55:55Z" user="Leonor Gausachs" uid="3139729" lat="31.3936030" lon="120.9494601"/>
 <node id="3692703468" visible="true" version="1" changeset="33282205" timestamp="2015-08-12T03:55:55Z" user="Leonor Gausachs" uid="3139729" lat="31.3934054" lon="120.9496926"/>
 <node id="3692703469" visible="true" version="1" changeset="33282205" timestamp="2015-08-12T03:55:55Z" user="Leonor Gausachs" uid="3139729" lat="31.3934490" lon="120.9498755"/>
 <node id="3692703470" visible="true" version="1" changeset="33282205" timestamp="2015-08-12T03:55:55Z" user="Leonor Gausachs" uid="3139729" lat="31.3933385" lon="120.9499116"/>
 <node id="3692703471" visible="true" version="1" changeset="33282205" timestamp="2015-08-12T03:55:55Z" user="Leonor Gausachs" uid="3139729" lat="31.3932950" lon="120.9497287"/>
 <node id="3692703472" visible="true" version="1" changeset="33282205" timestamp="2015-08-12T03:55:55Z" user="Leonor Gausachs" uid="3139729" lat="31.3939616" lon="120.9494502"/>
 <node id="3692703473" visible="true" version="1" changeset="33282205" timestamp="2015-08-12T03:55:55Z" user="Leonor Gausachs" uid="3139729" lat="31.3940243" lon="120.9497943"/>
 <node id="3692703474" visible="true" version="1" changeset="33282205" timestamp="2015-08-12T03:55:55Z" user="Leonor Gausachs" uid="3139729" lat="31.3939106" lon="120.9498228"/>
 <node id="3692703475" visible="true" version="1" changeset="33282205" timestamp="2015-08-12T03:55:55Z" user="Leonor Gausachs" uid="3139729" lat="31.3938478" lon="120.9494787"/>
 <node id="3692703476" visible="true" version="1" changeset="33282205" timestamp="2015-08-12T03:55:55Z" user="Leonor Gausachs" uid="3139729" lat="31.3942486" lon="120.9492209"/>
 <node id="3692703477" visible="true" version="1" changeset="33282205" timestamp="2015-08-12T03:55:55Z" user="Leonor Gausachs" uid="3139729" lat="31.3942739" lon="120.9493508"/>
 <node id="3692703478" visible="true" version="1" changeset="33282205" timestamp="2015-08-12T03:55:55Z" user="Leonor Gausachs" uid="3139729" lat="31.3940998" lon="120.9493975"/>
 <node id="3692703479" visible="true" version="1" changeset="33282205" timestamp="2015-08-12T03:55:55Z" user="Leonor Gausachs" uid="3139729" lat="31.3940744" lon="120.9492676"/>
 <node id="3692703480" visible="true" version="1" changeset="33282205" timestamp="2015-08-12T03:55:55Z" user="Leonor Gausachs" uid="3139729" lat="31.3937859" lon="120.9497106"/>
 <node id="3692703481" visible="true" version="1" changeset="33282205" timestamp="2015-08-12T03:55:55Z" user="Leonor Gausachs" uid="3139729" lat="31.3938101" lon="120.9498363"/>
 <node id="3692703482" visible="true" version="1" changeset="33282205" timestamp="2015-08-12T03:55:55Z" user="Leonor Gausachs" uid="3139729" lat="31.3936335" lon="120.9498830"/>
 <node id="3692703483" visible="true" version="1" changeset="33282205" timestamp="2015-08-12T03:55:55Z" user="Leonor Gausachs" uid="3139729" lat="31.3936093" lon="120.9497573"/>
 <node id="3692703484" visible="true" version="1" changeset="33282205" timestamp="2015-08-12T03:55:55Z" user="Leonor Gausachs" uid="3139729" lat="31.3974946" lon="120.9506484"/>
 <node id="3692703485" visible="true" version="2" changeset="46484785" timestamp="2017-03-01T04:55:44Z" user="Kate Diaz" uid="4803527" lat="31.3955693" lon="120.9511633"/>
 <node id="3692703486" visible="true" version="2" changeset="46484785" timestamp="2017-03-01T04:55:44Z" user="Kate Diaz" uid="4803527" lat="31.3953037" lon="120.9513831"/>
 <node id="3692703491" visible="true" version="2" changeset="46639163" timestamp="2017-03-07T01:47:00Z" user="James Millar" uid="5317567" lat="31.3957162" lon="120.9405739"/>
 <node id="3692703504" visible="true" version="1" changeset="33282205" timestamp="2015-08-12T03:55:55Z" user="Leonor Gausachs" uid="3139729" lat="31.3915969" lon="120.9402909"/>
 <node id="3692703505" visible="true" version="1" changeset="33282205" timestamp="2015-08-12T03:55:55Z" user="Leonor Gausachs" uid="3139729" lat="31.3906490" lon="120.9410687"/>
 <node id="3692723472" visible="true" version="1" changeset="33282515" timestamp="2015-08-12T04:43:38Z" user="KUNSHAN_MAHUR1" uid="3137659" lat="31.3905157" lon="120.9509198"/>
 <node id="3692723473" visible="true" version="1" changeset="33282515" timestamp="2015-08-12T04:43:38Z" user="KUNSHAN_MAHUR1" uid="3137659" lat="31.3903843" lon="120.9509459"/>
 <node id="3692723474" visible="true" version="1" changeset="33282515" timestamp="2015-08-12T04:43:38Z" user="KUNSHAN_MAHUR1" uid="3137659" lat="31.3903100" lon="120.9504331"/>
 <node id="3692723475" visible="true" version="1" changeset="33282515" timestamp="2015-08-12T04:43:38Z" user="KUNSHAN_MAHUR1" uid="3137659" lat="31.3904413" lon="120.9504070"/>
 <node id="3692723476" visible="true" version="2" changeset="89495884" timestamp="2020-08-17T05:57:05Z" user="MontaltoAlps" uid="11187469" lat="31.3902885" lon="120.9509719"/>
 <node id="3692723477" visible="true" version="2" changeset="89495884" timestamp="2020-08-17T05:57:05Z" user="MontaltoAlps" uid="11187469" lat="31.3901572" lon="120.9509981"/>
 <node id="3692723478" visible="true" version="2" changeset="89495884" timestamp="2020-08-17T05:57:05Z" user="MontaltoAlps" uid="11187469" lat="31.3900828" lon="120.9504853"/>
 <node id="3692723479" visible="true" version="2" changeset="89495884" timestamp="2020-08-17T05:57:05Z" user="MontaltoAlps" uid="11187469" lat="31.3902142" lon="120.9504592"/>
 <node id="3692723480" visible="true" version="1" changeset="33282515" timestamp="2015-08-12T04:43:38Z" user="KUNSHAN_MAHUR1" uid="3137659" lat="31.3907722" lon="120.9508824"/>
 <node id="3692723481" visible="true" version="1" changeset="33282515" timestamp="2015-08-12T04:43:39Z" user="KUNSHAN_MAHUR1" uid="3137659" lat="31.3906409" lon="120.9509086"/>
 <node id="3692723482" visible="true" version="1" changeset="33282515" timestamp="2015-08-12T04:43:39Z" user="KUNSHAN_MAHUR1" uid="3137659" lat="31.3905665" lon="120.9503958"/>
 <node id="3692723483" visible="true" version="1" changeset="33282515" timestamp="2015-08-12T04:43:39Z" user="KUNSHAN_MAHUR1" uid="3137659" lat="31.3906979" lon="120.9503696"/>
 <node id="3692723484" visible="true" version="1" changeset="33282515" timestamp="2015-08-12T04:43:39Z" user="KUNSHAN_MAHUR1" uid="3137659" lat="31.3910495" lon="120.9508973"/>
 <node id="3692723485" visible="true" version="1" changeset="33282515" timestamp="2015-08-12T04:43:39Z" user="KUNSHAN_MAHUR1" uid="3137659" lat="31.3909169" lon="120.9509121"/>
 <node id="3692723486" visible="true" version="1" changeset="33282515" timestamp="2015-08-12T04:43:39Z" user="KUNSHAN_MAHUR1" uid="3137659" lat="31.3908746" lon="120.9503944"/>
 <node id="3692723487" visible="true" version="1" changeset="33282515" timestamp="2015-08-12T04:43:39Z" user="KUNSHAN_MAHUR1" uid="3137659" lat="31.3910072" lon="120.9503795"/>
 <node id="3692723488" visible="true" version="1" changeset="33282515" timestamp="2015-08-12T04:43:39Z" user="KUNSHAN_MAHUR1" uid="3137659" lat="31.3914195" lon="120.9508710"/>
 <node id="3692723489" visible="true" version="1" changeset="33282515" timestamp="2015-08-12T04:43:39Z" user="KUNSHAN_MAHUR1" uid="3137659" lat="31.3912930" lon="120.9508794"/>
 <node id="3692723490" visible="true" version="1" changeset="33282515" timestamp="2015-08-12T04:43:39Z" user="KUNSHAN_MAHUR1" uid="3137659" lat="31.3912637" lon="120.9502693"/>
 <node id="3692723491" visible="true" version="1" changeset="33282515" timestamp="2015-08-12T04:43:39Z" user="KUNSHAN_MAHUR1" uid="3137659" lat="31.3913902" lon="120.9502610"/>
 <node id="3692723492" visible="true" version="1" changeset="33282515" timestamp="2015-08-12T04:43:39Z" user="KUNSHAN_MAHUR1" uid="3137659" lat="31.3913645" lon="120.9515359"/>
 <node id="3692723493" visible="true" version="1" changeset="33282515" timestamp="2015-08-12T04:43:39Z" user="KUNSHAN_MAHUR1" uid="3137659" lat="31.3912217" lon="120.9515654"/>
 <node id="3692723494" visible="true" version="1" changeset="33282515" timestamp="2015-08-12T04:43:39Z" user="KUNSHAN_MAHUR1" uid="3137659" lat="31.3911461" lon="120.9510622"/>
 <node id="3692723495" visible="true" version="1" changeset="33282515" timestamp="2015-08-12T04:43:39Z" user="KUNSHAN_MAHUR1" uid="3137659" lat="31.3912889" lon="120.9510327"/>
 <node id="3692723496" visible="true" version="1" changeset="33282515" timestamp="2015-08-12T04:43:39Z" user="KUNSHAN_MAHUR1" uid="3137659" lat="31.3910424" lon="120.9516602"/>
 <node id="3692723497" visible="true" version="1" changeset="33282515" timestamp="2015-08-12T04:43:39Z" user="KUNSHAN_MAHUR1" uid="3137659" lat="31.3909035" lon="120.9516894"/>
 <node id="3692723498" visible="true" version="1" changeset="33282515" timestamp="2015-08-12T04:43:39Z" user="KUNSHAN_MAHUR1" uid="3137659" lat="31.3908151" lon="120.9511133"/>
 <node id="3692723499" visible="true" version="1" changeset="33282515" timestamp="2015-08-12T04:43:39Z" user="KUNSHAN_MAHUR1" uid="3137659" lat="31.3909541" lon="120.9510841"/>
 <node id="3692723500" visible="true" version="1" changeset="33282515" timestamp="2015-08-12T04:43:39Z" user="KUNSHAN_MAHUR1" uid="3137659" lat="31.3907053" lon="120.9510493"/>
 <node id="3692723501" visible="true" version="1" changeset="33282515" timestamp="2015-08-12T04:43:39Z" user="KUNSHAN_MAHUR1" uid="3137659" lat="31.3907256" lon="120.9511831"/>
 <node id="3692723502" visible="true" version="1" changeset="33282515" timestamp="2015-08-12T04:43:39Z" user="KUNSHAN_MAHUR1" uid="3137659" lat="31.3905951" lon="120.9512102"/>
 <node id="3692723503" visible="true" version="1" changeset="33282515" timestamp="2015-08-12T04:43:39Z" user="KUNSHAN_MAHUR1" uid="3137659" lat="31.3905749" lon="120.9510764"/>
 <node id="3692723504" visible="true" version="1" changeset="33282515" timestamp="2015-08-12T04:43:39Z" user="KUNSHAN_MAHUR1" uid="3137659" lat="31.3904353" lon="120.9511406"/>
 <node id="3692723505" visible="true" version="1" changeset="33282515" timestamp="2015-08-12T04:43:39Z" user="KUNSHAN_MAHUR1" uid="3137659" lat="31.3904556" lon="120.9512744"/>
 <node id="3692723506" visible="true" version="1" changeset="33282515" timestamp="2015-08-12T04:43:39Z" user="KUNSHAN_MAHUR1" uid="3137659" lat="31.3903251" lon="120.9513015"/>
 <node id="3692723507" visible="true" version="1" changeset="33282515" timestamp="2015-08-12T04:43:39Z" user="KUNSHAN_MAHUR1" uid="3137659" lat="31.3903049" lon="120.9511677"/>
 <node id="3692723508" visible="true" version="1" changeset="33282515" timestamp="2015-08-12T04:43:39Z" user="KUNSHAN_MAHUR1" uid="3137659" lat="31.3907566" lon="120.9512691"/>
 <node id="3692723509" visible="true" version="1" changeset="33282515" timestamp="2015-08-12T04:43:39Z" user="KUNSHAN_MAHUR1" uid="3137659" lat="31.3908211" lon="120.9516753"/>
 <node id="3692723510" visible="true" version="1" changeset="33282515" timestamp="2015-08-12T04:43:39Z" user="KUNSHAN_MAHUR1" uid="3137659" lat="31.3907160" lon="120.9516982"/>
 <node id="3692723511" visible="true" version="1" changeset="33282515" timestamp="2015-08-12T04:43:39Z" user="KUNSHAN_MAHUR1" uid="3137659" lat="31.3906514" lon="120.9512920"/>
 <node id="3692723512" visible="true" version="1" changeset="33282515" timestamp="2015-08-12T04:43:39Z" user="KUNSHAN_MAHUR1" uid="3137659" lat="31.3900861" lon="120.9509739"/>
 <node id="3692723513" visible="true" version="1" changeset="33282515" timestamp="2015-08-12T04:43:39Z" user="KUNSHAN_MAHUR1" uid="3137659" lat="31.3899668" lon="120.9509976"/>
 <node id="3692723514" visible="true" version="1" changeset="33282515" timestamp="2015-08-12T04:43:39Z" user="KUNSHAN_MAHUR1" uid="3137659" lat="31.3899031" lon="120.9505569"/>
 <node id="3692723515" visible="true" version="1" changeset="33282515" timestamp="2015-08-12T04:43:39Z" user="KUNSHAN_MAHUR1" uid="3137659" lat="31.3900223" lon="120.9505332"/>
 <node id="3692723516" visible="true" version="1" changeset="33282515" timestamp="2015-08-12T04:43:39Z" user="KUNSHAN_MAHUR1" uid="3137659" lat="31.3901566" lon="120.9513801"/>
 <node id="3692723517" visible="true" version="1" changeset="33282515" timestamp="2015-08-12T04:43:39Z" user="KUNSHAN_MAHUR1" uid="3137659" lat="31.3900425" lon="120.9514049"/>
 <node id="3692723518" visible="true" version="1" changeset="33282515" timestamp="2015-08-12T04:43:39Z" user="KUNSHAN_MAHUR1" uid="3137659" lat="31.3899889" lon="120.9510665"/>
 <node id="3692723519" visible="true" version="1" changeset="33282515" timestamp="2015-08-12T04:43:39Z" user="KUNSHAN_MAHUR1" uid="3137659" lat="31.3901030" lon="120.9510417"/>
 <node id="3692723520" visible="true" version="1" changeset="33282515" timestamp="2015-08-12T04:43:39Z" user="KUNSHAN_MAHUR1" uid="3137659" lat="31.3901848" lon="120.9514365"/>
 <node id="3692723521" visible="true" version="1" changeset="33282515" timestamp="2015-08-12T04:43:39Z" user="KUNSHAN_MAHUR1" uid="3137659" lat="31.3902611" lon="120.9519288"/>
 <node id="3692723522" visible="true" version="1" changeset="33282515" timestamp="2015-08-12T04:43:39Z" user="KUNSHAN_MAHUR1" uid="3137659" lat="31.3901202" lon="120.9519588"/>
 <node id="3692723523" visible="true" version="1" changeset="33282515" timestamp="2015-08-12T04:43:39Z" user="KUNSHAN_MAHUR1" uid="3137659" lat="31.3900439" lon="120.9514665"/>
 <node id="3692729714" visible="true" version="1" changeset="33282640" timestamp="2015-08-12T04:58:48Z" user="KUNSHAN_MAHUR1" uid="3137659" lat="31.3918000" lon="120.9503778"/>
 <node id="3692729715" visible="true" version="1" changeset="33282640" timestamp="2015-08-12T04:58:48Z" user="KUNSHAN_MAHUR1" uid="3137659" lat="31.3916577" lon="120.9504260"/>
 <node id="3692729716" visible="true" version="1" changeset="33282640" timestamp="2015-08-12T04:58:48Z" user="KUNSHAN_MAHUR1" uid="3137659" lat="31.3916035" lon="120.9502764"/>
 <node id="3692729717" visible="true" version="1" changeset="33282640" timestamp="2015-08-12T04:58:48Z" user="KUNSHAN_MAHUR1" uid="3137659" lat="31.3917388" lon="120.9502091"/>
 <node id="3692729718" visible="true" version="1" changeset="33282640" timestamp="2015-08-12T04:58:48Z" user="KUNSHAN_MAHUR1" uid="3137659" lat="31.3917837" lon="120.9505571"/>
 <node id="3692729719" visible="true" version="1" changeset="33282640" timestamp="2015-08-12T04:58:48Z" user="KUNSHAN_MAHUR1" uid="3137659" lat="31.3916467" lon="120.9506081"/>
 <node id="3692729720" visible="true" version="1" changeset="33282640" timestamp="2015-08-12T04:58:48Z" user="KUNSHAN_MAHUR1" uid="3137659" lat="31.3915925" lon="120.9504584"/>
 <node id="3692729721" visible="true" version="1" changeset="33282640" timestamp="2015-08-12T04:58:48Z" user="KUNSHAN_MAHUR1" uid="3137659" lat="31.3919872" lon="120.9510708"/>
 <node id="3692729722" visible="true" version="1" changeset="33282640" timestamp="2015-08-12T04:58:48Z" user="KUNSHAN_MAHUR1" uid="3137659" lat="31.3918582" lon="120.9511525"/>
 <node id="3692729723" visible="true" version="1" changeset="33282640" timestamp="2015-08-12T04:58:48Z" user="KUNSHAN_MAHUR1" uid="3137659" lat="31.3918049" lon="120.9510070"/>
 <node id="3692729724" visible="true" version="1" changeset="33282640" timestamp="2015-08-12T04:58:48Z" user="KUNSHAN_MAHUR1" uid="3137659" lat="31.3919339" lon="120.9509248"/>
 <node id="3692730225" visible="true" version="1" changeset="33282640" timestamp="2015-08-12T04:58:48Z" user="KUNSHAN_MAHUR1" uid="3137659" lat="31.3921198" lon="120.9511938"/>
 <node id="3692730226" visible="true" version="1" changeset="33282640" timestamp="2015-08-12T04:58:48Z" user="KUNSHAN_MAHUR1" uid="3137659" lat="31.3919857" lon="120.9512612"/>
 <node id="3692730227" visible="true" version="1" changeset="33282640" timestamp="2015-08-12T04:58:48Z" user="KUNSHAN_MAHUR1" uid="3137659" lat="31.3919323" lon="120.9511153"/>
 <node id="3692730228" visible="true" version="1" changeset="33282640" timestamp="2015-08-12T04:58:48Z" user="KUNSHAN_MAHUR1" uid="3137659" lat="31.3920612" lon="120.9510337"/>
 <node id="3692730229" visible="true" version="1" changeset="33282640" timestamp="2015-08-12T04:58:48Z" user="KUNSHAN_MAHUR1" uid="3137659" lat="31.3918770" lon="120.9509532"/>
 <node id="3692730230" visible="true" version="1" changeset="33282640" timestamp="2015-08-12T04:58:48Z" user="KUNSHAN_MAHUR1" uid="3137659" lat="31.3917814" lon="120.9510189"/>
 <node id="3692730231" visible="true" version="1" changeset="33282640" timestamp="2015-08-12T04:58:48Z" user="KUNSHAN_MAHUR1" uid="3137659" lat="31.3916314" lon="120.9506109"/>
 <node id="3692730232" visible="true" version="1" changeset="33282640" timestamp="2015-08-12T04:58:48Z" user="KUNSHAN_MAHUR1" uid="3137659" lat="31.3917310" lon="120.9504121"/>
 <node id="3692730233" visible="true" version="1" changeset="33282640" timestamp="2015-08-12T04:58:48Z" user="KUNSHAN_MAHUR1" uid="3137659" lat="31.3917406" lon="120.9505786"/>
 <node id="3692730234" visible="true" version="1" changeset="33282640" timestamp="2015-08-12T04:58:48Z" user="KUNSHAN_MAHUR1" uid="3137659" lat="31.3925769" lon="120.9514226"/>
 <node id="3692730235" visible="true" version="1" changeset="33282640" timestamp="2015-08-12T04:58:48Z" user="KUNSHAN_MAHUR1" uid="3137659" lat="31.3927631" lon="120.9520824"/>
 <node id="3692730236" visible="true" version="1" changeset="33282640" timestamp="2015-08-12T04:58:48Z" user="KUNSHAN_MAHUR1" uid="3137659" lat="31.3928002" lon="120.9520681"/>
 <node id="3692730237" visible="true" version="1" changeset="33282640" timestamp="2015-08-12T04:58:48Z" user="KUNSHAN_MAHUR1" uid="3137659" lat="31.3928681" lon="120.9523088"/>
 <node id="3692730238" visible="true" version="1" changeset="33282640" timestamp="2015-08-12T04:58:48Z" user="KUNSHAN_MAHUR1" uid="3137659" lat="31.3927585" lon="120.9523513"/>
 <node id="3692730239" visible="true" version="1" changeset="33282640" timestamp="2015-08-12T04:58:48Z" user="KUNSHAN_MAHUR1" uid="3137659" lat="31.3926905" lon="120.9521102"/>
 <node id="3692730240" visible="true" version="1" changeset="33282640" timestamp="2015-08-12T04:58:48Z" user="KUNSHAN_MAHUR1" uid="3137659" lat="31.3926654" lon="120.9521200"/>
 <node id="3692730241" visible="true" version="1" changeset="33282640" timestamp="2015-08-12T04:58:48Z" user="KUNSHAN_MAHUR1" uid="3137659" lat="31.3924792" lon="120.9514604"/>
 <node id="3692730242" visible="true" version="1" changeset="33282640" timestamp="2015-08-12T04:58:48Z" user="KUNSHAN_MAHUR1" uid="3137659" lat="31.3928159" lon="120.9523255"/>
 <node id="3692730243" visible="true" version="1" changeset="33282640" timestamp="2015-08-12T04:58:48Z" user="KUNSHAN_MAHUR1" uid="3137659" lat="31.3925791" lon="120.9521954"/>
 <node id="3692730244" visible="true" version="1" changeset="33282640" timestamp="2015-08-12T04:58:48Z" user="KUNSHAN_MAHUR1" uid="3137659" lat="31.3926425" lon="120.9524066"/>
 <node id="3692730245" visible="true" version="1" changeset="33282640" timestamp="2015-08-12T04:58:48Z" user="KUNSHAN_MAHUR1" uid="3137659" lat="31.3925479" lon="120.9524456"/>
 <node id="3692730246" visible="true" version="1" changeset="33282640" timestamp="2015-08-12T04:58:48Z" user="KUNSHAN_MAHUR1" uid="3137659" lat="31.3924845" lon="120.9522344"/>
 <node id="3692730247" visible="true" version="1" changeset="33282640" timestamp="2015-08-12T04:58:48Z" user="KUNSHAN_MAHUR1" uid="3137659" lat="31.3923265" lon="120.9522775"/>
 <node id="3692730248" visible="true" version="1" changeset="33282640" timestamp="2015-08-12T04:58:48Z" user="KUNSHAN_MAHUR1" uid="3137659" lat="31.3923899" lon="120.9524887"/>
 <node id="3692730249" visible="true" version="1" changeset="33282640" timestamp="2015-08-12T04:58:48Z" user="KUNSHAN_MAHUR1" uid="3137659" lat="31.3922953" lon="120.9525277"/>
 <node id="3692730250" visible="true" version="1" changeset="33282640" timestamp="2015-08-12T04:58:48Z" user="KUNSHAN_MAHUR1" uid="3137659" lat="31.3922319" lon="120.9523165"/>
 <node id="3692730251" visible="true" version="1" changeset="33282640" timestamp="2015-08-12T04:58:48Z" user="KUNSHAN_MAHUR1" uid="3137659" lat="31.3920655" lon="120.9522839"/>
 <node id="3692730252" visible="true" version="1" changeset="33282640" timestamp="2015-08-12T04:58:48Z" user="KUNSHAN_MAHUR1" uid="3137659" lat="31.3921598" lon="120.9525795"/>
 <node id="3692730253" visible="true" version="1" changeset="33282640" timestamp="2015-08-12T04:58:48Z" user="KUNSHAN_MAHUR1" uid="3137659" lat="31.3920626" lon="120.9526221"/>
 <node id="3692730254" visible="true" version="1" changeset="33282640" timestamp="2015-08-12T04:58:48Z" user="KUNSHAN_MAHUR1" uid="3137659" lat="31.3919683" lon="120.9523265"/>
 <node id="3692748239" visible="true" version="1" changeset="33282810" timestamp="2015-08-12T05:22:32Z" user="KUNSHAN_nshe22" uid="3137687" lat="31.3892387" lon="120.9432136"/>
 <node id="3692748240" visible="true" version="1" changeset="33282810" timestamp="2015-08-12T05:22:32Z" user="KUNSHAN_nshe22" uid="3137687" lat="31.3895854" lon="120.9442842"/>
 <node id="3692748241" visible="true" version="1" changeset="33282810" timestamp="2015-08-12T05:22:32Z" user="KUNSHAN_nshe22" uid="3137687" lat="31.3893680" lon="120.9443808"/>
 <node id="3692748242" visible="true" version="1" changeset="33282810" timestamp="2015-08-12T05:22:32Z" user="KUNSHAN_nshe22" uid="3137687" lat="31.3893295" lon="120.9442618"/>
 <node id="3692748243" visible="true" version="1" changeset="33282810" timestamp="2015-08-12T05:22:32Z" user="KUNSHAN_nshe22" uid="3137687" lat="31.3894334" lon="120.9442156"/>
 <node id="3692748244" visible="true" version="1" changeset="33282810" timestamp="2015-08-12T05:22:32Z" user="KUNSHAN_nshe22" uid="3137687" lat="31.3891458" lon="120.9433276"/>
 <node id="3692748245" visible="true" version="1" changeset="33282810" timestamp="2015-08-12T05:22:32Z" user="KUNSHAN_nshe22" uid="3137687" lat="31.3891779" lon="120.9433134"/>
 <node id="3692748246" visible="true" version="1" changeset="33282810" timestamp="2015-08-12T05:22:32Z" user="KUNSHAN_nshe22" uid="3137687" lat="31.3891573" lon="120.9432498"/>
 <node id="3692748471" visible="true" version="1" changeset="33282810" timestamp="2015-08-12T05:22:34Z" user="KUNSHAN_nshe22" uid="3137687" lat="31.3892501" lon="120.9443517"/>
 <node id="3692748472" visible="true" version="1" changeset="33282810" timestamp="2015-08-12T05:22:34Z" user="KUNSHAN_nshe22" uid="3137687" lat="31.3895738" lon="120.9452342"/>
 <node id="3692748473" visible="true" version="1" changeset="33282810" timestamp="2015-08-12T05:22:34Z" user="KUNSHAN_nshe22" uid="3137687" lat="31.3887825" lon="120.9456326"/>
 <node id="3692748474" visible="true" version="1" changeset="33282810" timestamp="2015-08-12T05:22:34Z" user="KUNSHAN_nshe22" uid="3137687" lat="31.3887598" lon="120.9455708"/>
 <node id="3692748475" visible="true" version="1" changeset="33282810" timestamp="2015-08-12T05:22:34Z" user="KUNSHAN_nshe22" uid="3137687" lat="31.3887114" lon="120.9455951"/>
 <node id="3692748476" visible="true" version="1" changeset="33282810" timestamp="2015-08-12T05:22:34Z" user="KUNSHAN_nshe22" uid="3137687" lat="31.3886885" lon="120.9455329"/>
 <node id="3692748477" visible="true" version="1" changeset="33282810" timestamp="2015-08-12T05:22:34Z" user="KUNSHAN_nshe22" uid="3137687" lat="31.3893473" lon="120.9452011"/>
 <node id="3692748478" visible="true" version="1" changeset="33282810" timestamp="2015-08-12T05:22:34Z" user="KUNSHAN_nshe22" uid="3137687" lat="31.3890775" lon="120.9444658"/>
 <node id="3692748479" visible="true" version="1" changeset="33282810" timestamp="2015-08-12T05:22:34Z" user="KUNSHAN_nshe22" uid="3137687" lat="31.3891213" lon="120.9444437"/>
 <node id="3692748480" visible="true" version="1" changeset="33282810" timestamp="2015-08-12T05:22:34Z" user="KUNSHAN_nshe22" uid="3137687" lat="31.3890934" lon="120.9443677"/>
 <node id="3692748481" visible="true" version="1" changeset="33282810" timestamp="2015-08-12T05:22:34Z" user="KUNSHAN_nshe22" uid="3137687" lat="31.3891687" lon="120.9443298"/>
 <node id="3692748482" visible="true" version="1" changeset="33282810" timestamp="2015-08-12T05:22:34Z" user="KUNSHAN_nshe22" uid="3137687" lat="31.3891882" lon="120.9443828"/>
 <node id="3692748497" visible="true" version="1" changeset="33282810" timestamp="2015-08-12T05:22:35Z" user="KUNSHAN_nshe22" uid="3137687" lat="31.3898971" lon="120.9448159"/>
 <node id="3692748498" visible="true" version="1" changeset="33282810" timestamp="2015-08-12T05:22:35Z" user="KUNSHAN_nshe22" uid="3137687" lat="31.3898500" lon="120.9446516"/>
 <node id="3692748499" visible="true" version="1" changeset="33282810" timestamp="2015-08-12T05:22:35Z" user="KUNSHAN_nshe22" uid="3137687" lat="31.3897963" lon="120.9446728"/>
 <node id="3692748500" visible="true" version="1" changeset="33282810" timestamp="2015-08-12T05:22:35Z" user="KUNSHAN_nshe22" uid="3137687" lat="31.3898461" lon="120.9448466"/>
 <node id="3692748501" visible="true" version="1" changeset="33282810" timestamp="2015-08-12T05:22:35Z" user="KUNSHAN_nshe22" uid="3137687" lat="31.3898337" lon="120.9450177"/>
 <node id="3692748502" visible="true" version="1" changeset="33282810" timestamp="2015-08-12T05:22:35Z" user="KUNSHAN_nshe22" uid="3137687" lat="31.3897911" lon="120.9450746"/>
 <node id="3692748503" visible="true" version="1" changeset="33282810" timestamp="2015-08-12T05:22:35Z" user="KUNSHAN_nshe22" uid="3137687" lat="31.3898295" lon="120.9451140"/>
 <node id="3692748504" visible="true" version="1" changeset="33282810" timestamp="2015-08-12T05:22:35Z" user="KUNSHAN_nshe22" uid="3137687" lat="31.3898847" lon="120.9450403"/>
 <node id="3692748505" visible="true" version="1" changeset="33282810" timestamp="2015-08-12T05:22:35Z" user="KUNSHAN_nshe22" uid="3137687" lat="31.3897181" lon="120.9444457"/>
 <node id="3692748506" visible="true" version="1" changeset="33282810" timestamp="2015-08-12T05:22:35Z" user="KUNSHAN_nshe22" uid="3137687" lat="31.3897539" lon="120.9445638"/>
 <node id="3692748507" visible="true" version="1" changeset="33282810" timestamp="2015-08-12T05:22:35Z" user="KUNSHAN_nshe22" uid="3137687" lat="31.3898059" lon="120.9445421"/>
 <node id="3692748508" visible="true" version="1" changeset="33282810" timestamp="2015-08-12T05:22:35Z" user="KUNSHAN_nshe22" uid="3137687" lat="31.3897490" lon="120.9443546"/>
 <node id="3692748509" visible="true" version="1" changeset="33282810" timestamp="2015-08-12T05:22:35Z" user="KUNSHAN_nshe22" uid="3137687" lat="31.3895547" lon="120.9444355"/>
 <node id="3692748510" visible="true" version="1" changeset="33282810" timestamp="2015-08-12T05:22:35Z" user="KUNSHAN_nshe22" uid="3137687" lat="31.3896121" lon="120.9446247"/>
 <node id="3692748511" visible="true" version="1" changeset="33282810" timestamp="2015-08-12T05:22:35Z" user="KUNSHAN_nshe22" uid="3137687" lat="31.3896653" lon="120.9446025"/>
 <node id="3692748512" visible="true" version="1" changeset="33282810" timestamp="2015-08-12T05:22:35Z" user="KUNSHAN_nshe22" uid="3137687" lat="31.3896290" lon="120.9444828"/>
 <node id="3692748513" visible="true" version="1" changeset="33282810" timestamp="2015-08-12T05:22:35Z" user="KUNSHAN_nshe22" uid="3137687" lat="31.3897563" lon="120.9456256"/>
 <node id="3692748514" visible="true" version="1" changeset="33282810" timestamp="2015-08-12T05:22:35Z" user="KUNSHAN_nshe22" uid="3137687" lat="31.3898110" lon="120.9457709"/>
 <node id="3692748515" visible="true" version="1" changeset="33282810" timestamp="2015-08-12T05:22:35Z" user="KUNSHAN_nshe22" uid="3137687" lat="31.3877066" lon="120.9468585"/>
 <node id="3692748516" visible="true" version="1" changeset="33282810" timestamp="2015-08-12T05:22:35Z" user="KUNSHAN_nshe22" uid="3137687" lat="31.3876519" lon="120.9467132"/>
 <node id="3692748517" visible="true" version="1" changeset="33282810" timestamp="2015-08-12T05:22:35Z" user="KUNSHAN_nshe22" uid="3137687" lat="31.3899672" lon="120.9456573"/>
 <node id="3692748518" visible="true" version="1" changeset="33282810" timestamp="2015-08-12T05:22:35Z" user="KUNSHAN_nshe22" uid="3137687" lat="31.3900026" lon="120.9457533"/>
 <node id="3692748519" visible="true" version="1" changeset="33282810" timestamp="2015-08-12T05:22:35Z" user="KUNSHAN_nshe22" uid="3137687" lat="31.3899603" lon="120.9457748"/>
 <node id="3692748520" visible="true" version="1" changeset="33282810" timestamp="2015-08-12T05:22:35Z" user="KUNSHAN_nshe22" uid="3137687" lat="31.3902001" lon="120.9464249"/>
 <node id="3692748521" visible="true" version="1" changeset="33282810" timestamp="2015-08-12T05:22:35Z" user="KUNSHAN_nshe22" uid="3137687" lat="31.3900886" lon="120.9464813"/>
 <node id="3692748522" visible="true" version="1" changeset="33282810" timestamp="2015-08-12T05:22:35Z" user="KUNSHAN_nshe22" uid="3137687" lat="31.3898246" lon="120.9457657"/>
 <node id="3692748523" visible="true" version="1" changeset="33282810" timestamp="2015-08-12T05:22:35Z" user="KUNSHAN_nshe22" uid="3137687" lat="31.3898758" lon="120.9457398"/>
 <node id="3692748524" visible="true" version="1" changeset="33282810" timestamp="2015-08-12T05:22:35Z" user="KUNSHAN_nshe22" uid="3137687" lat="31.3898646" lon="120.9457093"/>
 <node id="3692748525" visible="true" version="1" changeset="33282810" timestamp="2015-08-12T05:22:35Z" user="KUNSHAN_nshe22" uid="3137687" lat="31.3897325" lon="120.9458329"/>
 <node id="3692748526" visible="true" version="1" changeset="33282810" timestamp="2015-08-12T05:22:35Z" user="KUNSHAN_nshe22" uid="3137687" lat="31.3899897" lon="120.9465182"/>
 <node id="3692748527" visible="true" version="1" changeset="33282810" timestamp="2015-08-12T05:22:35Z" user="KUNSHAN_nshe22" uid="3137687" lat="31.3898934" lon="120.9465678"/>
 <node id="3692748528" visible="true" version="1" changeset="33282810" timestamp="2015-08-12T05:22:35Z" user="KUNSHAN_nshe22" uid="3137687" lat="31.3896362" lon="120.9458825"/>
 <node id="3692748529" visible="true" version="1" changeset="33282810" timestamp="2015-08-12T05:22:35Z" user="KUNSHAN_nshe22" uid="3137687" lat="31.3895421" lon="120.9459433"/>
 <node id="3692748530" visible="true" version="1" changeset="33282810" timestamp="2015-08-12T05:22:35Z" user="KUNSHAN_nshe22" uid="3137687" lat="31.3897958" lon="120.9466221"/>
 <node id="3692748531" visible="true" version="1" changeset="33282810" timestamp="2015-08-12T05:22:35Z" user="KUNSHAN_nshe22" uid="3137687" lat="31.3896886" lon="120.9466771"/>
 <node id="3692748532" visible="true" version="1" changeset="33282810" timestamp="2015-08-12T05:22:35Z" user="KUNSHAN_nshe22" uid="3137687" lat="31.3894349" lon="120.9459983"/>
 <node id="3692748533" visible="true" version="1" changeset="33282810" timestamp="2015-08-12T05:22:35Z" user="KUNSHAN_nshe22" uid="3137687" lat="31.3893318" lon="120.9460560"/>
 <node id="3692748534" visible="true" version="1" changeset="33282810" timestamp="2015-08-12T05:22:35Z" user="KUNSHAN_nshe22" uid="3137687" lat="31.3895597" lon="120.9466588"/>
 <node id="3692748535" visible="true" version="1" changeset="33282810" timestamp="2015-08-12T05:22:35Z" user="KUNSHAN_nshe22" uid="3137687" lat="31.3894581" lon="120.9467115"/>
 <node id="3692748536" visible="true" version="1" changeset="33282810" timestamp="2015-08-12T05:22:35Z" user="KUNSHAN_nshe22" uid="3137687" lat="31.3892303" lon="120.9461087"/>
 <node id="3692748724" visible="true" version="1" changeset="33282810" timestamp="2015-08-12T05:22:38Z" user="KUNSHAN_nshe22" uid="3137687" lat="31.3895478" lon="120.9487593"/>
 <node id="3692748725" visible="true" version="1" changeset="33282810" timestamp="2015-08-12T05:22:38Z" user="KUNSHAN_nshe22" uid="3137687" lat="31.3894964" lon="120.9487661"/>
 <node id="3692748726" visible="true" version="1" changeset="33282810" timestamp="2015-08-12T05:22:38Z" user="KUNSHAN_nshe22" uid="3137687" lat="31.3894948" lon="120.9487499"/>
 <node id="3692748727" visible="true" version="1" changeset="33282810" timestamp="2015-08-12T05:22:38Z" user="KUNSHAN_nshe22" uid="3137687" lat="31.3894349" lon="120.9487578"/>
 <node id="3692748728" visible="true" version="1" changeset="33282810" timestamp="2015-08-12T05:22:38Z" user="KUNSHAN_nshe22" uid="3137687" lat="31.3894368" lon="120.9487780"/>
 <node id="3692748729" visible="true" version="1" changeset="33282810" timestamp="2015-08-12T05:22:38Z" user="KUNSHAN_nshe22" uid="3137687" lat="31.3894020" lon="120.9487825"/>
 <node id="3692748730" visible="true" version="1" changeset="33282810" timestamp="2015-08-12T05:22:38Z" user="KUNSHAN_nshe22" uid="3137687" lat="31.3894113" lon="120.9488809"/>
 <node id="3692748731" visible="true" version="1" changeset="33282810" timestamp="2015-08-12T05:22:38Z" user="KUNSHAN_nshe22" uid="3137687" lat="31.3894509" lon="120.9488757"/>
 <node id="3692748732" visible="true" version="1" changeset="33282810" timestamp="2015-08-12T05:22:38Z" user="KUNSHAN_nshe22" uid="3137687" lat="31.3894821" lon="120.9492256"/>
 <node id="3692748733" visible="true" version="1" changeset="33282810" timestamp="2015-08-12T05:22:38Z" user="KUNSHAN_nshe22" uid="3137687" lat="31.3894606" lon="120.9492282"/>
 <node id="3692748734" visible="true" version="1" changeset="33282810" timestamp="2015-08-12T05:22:38Z" user="KUNSHAN_nshe22" uid="3137687" lat="31.3894634" lon="120.9492597"/>
 <node id="3692748735" visible="true" version="1" changeset="33282810" timestamp="2015-08-12T05:22:38Z" user="KUNSHAN_nshe22" uid="3137687" lat="31.3895055" lon="120.9492546"/>
 <node id="3692748736" visible="true" version="1" changeset="33282810" timestamp="2015-08-12T05:22:38Z" user="KUNSHAN_nshe22" uid="3137687" lat="31.3895183" lon="120.9493999"/>
 <node id="3692748737" visible="true" version="1" changeset="33282810" timestamp="2015-08-12T05:22:38Z" user="KUNSHAN_nshe22" uid="3137687" lat="31.3894936" lon="120.9494029"/>
 <node id="3692748738" visible="true" version="1" changeset="33282810" timestamp="2015-08-12T05:22:38Z" user="KUNSHAN_nshe22" uid="3137687" lat="31.3895072" lon="120.9495461"/>
 <node id="3692748739" visible="true" version="1" changeset="33282810" timestamp="2015-08-12T05:22:38Z" user="KUNSHAN_nshe22" uid="3137687" lat="31.3895678" lon="120.9495381"/>
 <node id="3692748740" visible="true" version="1" changeset="33282810" timestamp="2015-08-12T05:22:38Z" user="KUNSHAN_nshe22" uid="3137687" lat="31.3895594" lon="120.9494510"/>
 <node id="3692748741" visible="true" version="1" changeset="33282810" timestamp="2015-08-12T05:22:38Z" user="KUNSHAN_nshe22" uid="3137687" lat="31.3896137" lon="120.9494438"/>
 <node id="3692748746" visible="true" version="2" changeset="134940968" timestamp="2023-04-15T13:40:49Z" user="shanhulittle" uid="11213533" lat="31.3896889" lon="120.9496828"/>
 <node id="3692748747" visible="true" version="2" changeset="134940968" timestamp="2023-04-15T13:40:49Z" user="shanhulittle" uid="11213533" lat="31.3897846" lon="120.9499861"/>
 <node id="3692748748" visible="true" version="2" changeset="134940968" timestamp="2023-04-15T13:40:49Z" user="shanhulittle" uid="11213533" lat="31.3896784" lon="120.9500281"/>
 <node id="3692748749" visible="true" version="2" changeset="134940968" timestamp="2023-04-15T13:40:49Z" user="shanhulittle" uid="11213533" lat="31.3895685" lon="120.9496668"/>
 <node id="3692748750" visible="true" version="2" changeset="134940968" timestamp="2023-04-15T13:40:49Z" user="shanhulittle" uid="11213533" lat="31.3896289" lon="120.9496407"/>
 <node id="3692748751" visible="true" version="2" changeset="134940968" timestamp="2023-04-15T13:40:49Z" user="shanhulittle" uid="11213533" lat="31.3896478" lon="120.9497006"/>
 <node id="3692748752" visible="true" version="1" changeset="33282810" timestamp="2015-08-12T05:22:39Z" user="KUNSHAN_nshe22" uid="3137687" lat="31.3896224" lon="120.9500260"/>
 <node id="3692748753" visible="true" version="1" changeset="33282810" timestamp="2015-08-12T05:22:39Z" user="KUNSHAN_nshe22" uid="3137687" lat="31.3896485" lon="120.9501241"/>
 <node id="3692748754" visible="true" version="1" changeset="33282810" timestamp="2015-08-12T05:22:39Z" user="KUNSHAN_nshe22" uid="3137687" lat="31.3893260" lon="120.9502420"/>
 <node id="3692748755" visible="true" version="1" changeset="33282810" timestamp="2015-08-12T05:22:39Z" user="KUNSHAN_nshe22" uid="3137687" lat="31.3892998" lon="120.9501440"/>
 <node id="3692748764" visible="true" version="1" changeset="33282810" timestamp="2015-08-12T05:22:39Z" user="KUNSHAN_nshe22" uid="3137687" lat="31.3894969" lon="120.9498090"/>
 <node id="3692748765" visible="true" version="1" changeset="33282810" timestamp="2015-08-12T05:22:39Z" user="KUNSHAN_nshe22" uid="3137687" lat="31.3895558" lon="120.9500044"/>
 <node id="3692748766" visible="true" version="1" changeset="33282810" timestamp="2015-08-12T05:22:39Z" user="KUNSHAN_nshe22" uid="3137687" lat="31.3894893" lon="120.9500319"/>
 <node id="3692748767" visible="true" version="1" changeset="33282810" timestamp="2015-08-12T05:22:39Z" user="KUNSHAN_nshe22" uid="3137687" lat="31.3894304" lon="120.9498364"/>
 <node id="3692748768" visible="true" version="1" changeset="33282810" timestamp="2015-08-12T05:22:39Z" user="KUNSHAN_nshe22" uid="3137687" lat="31.3892763" lon="120.9496453"/>
 <node id="3692748769" visible="true" version="1" changeset="33282810" timestamp="2015-08-12T05:22:39Z" user="KUNSHAN_nshe22" uid="3137687" lat="31.3891569" lon="120.9496603"/>
 <node id="3692748770" visible="true" version="1" changeset="33282810" timestamp="2015-08-12T05:22:39Z" user="KUNSHAN_nshe22" uid="3137687" lat="31.3891614" lon="120.9497084"/>
 <node id="3692748771" visible="true" version="1" changeset="33282810" timestamp="2015-08-12T05:22:39Z" user="KUNSHAN_nshe22" uid="3137687" lat="31.3891791" lon="120.9497062"/>
 <node id="3692748772" visible="true" version="1" changeset="33282810" timestamp="2015-08-12T05:22:39Z" user="KUNSHAN_nshe22" uid="3137687" lat="31.3891920" lon="120.9498471"/>
 <node id="3692748773" visible="true" version="1" changeset="33282810" timestamp="2015-08-12T05:22:39Z" user="KUNSHAN_nshe22" uid="3137687" lat="31.3893004" lon="120.9498334"/>
 <node id="3692748774" visible="true" version="1" changeset="33282810" timestamp="2015-08-12T05:22:39Z" user="KUNSHAN_nshe22" uid="3137687" lat="31.3892973" lon="120.9497996"/>
 <node id="3692748775" visible="true" version="1" changeset="33282810" timestamp="2015-08-12T05:22:39Z" user="KUNSHAN_nshe22" uid="3137687" lat="31.3894796" lon="120.9497767"/>
 <node id="3692748776" visible="true" version="1" changeset="33282810" timestamp="2015-08-12T05:22:39Z" user="KUNSHAN_nshe22" uid="3137687" lat="31.3894730" lon="120.9497052"/>
 <node id="3692748777" visible="true" version="1" changeset="33282810" timestamp="2015-08-12T05:22:39Z" user="KUNSHAN_nshe22" uid="3137687" lat="31.3895037" lon="120.9497014"/>
 <node id="3692748778" visible="true" version="1" changeset="33282810" timestamp="2015-08-12T05:22:39Z" user="KUNSHAN_nshe22" uid="3137687" lat="31.3894975" lon="120.9496334"/>
 <node id="3692748779" visible="true" version="1" changeset="33282810" timestamp="2015-08-12T05:22:39Z" user="KUNSHAN_nshe22" uid="3137687" lat="31.3893210" lon="120.9496556"/>
 <node id="3692748780" visible="true" version="1" changeset="33282810" timestamp="2015-08-12T05:22:39Z" user="KUNSHAN_nshe22" uid="3137687" lat="31.3893231" lon="120.9496777"/>
 <node id="3692748781" visible="true" version="1" changeset="33282810" timestamp="2015-08-12T05:22:39Z" user="KUNSHAN_nshe22" uid="3137687" lat="31.3892798" lon="120.9496832"/>
 <node id="3692748813" visible="true" version="1" changeset="33282810" timestamp="2015-08-12T05:22:40Z" user="KUNSHAN_nshe22" uid="3137687" lat="31.3898996" lon="120.9494214"/>
 <node id="3692748814" visible="true" version="1" changeset="33282810" timestamp="2015-08-12T05:22:40Z" user="KUNSHAN_nshe22" uid="3137687" lat="31.3898495" lon="120.9494308"/>
 <node id="3692748815" visible="true" version="1" changeset="33282810" timestamp="2015-08-12T05:22:40Z" user="KUNSHAN_nshe22" uid="3137687" lat="31.3898425" lon="120.9493090"/>
 <node id="3692748816" visible="true" version="1" changeset="33282810" timestamp="2015-08-12T05:22:40Z" user="KUNSHAN_nshe22" uid="3137687" lat="31.3898223" lon="120.9493106"/>
 <node id="3692748817" visible="true" version="1" changeset="33282810" timestamp="2015-08-12T05:22:40Z" user="KUNSHAN_nshe22" uid="3137687" lat="31.3898199" lon="120.9492693"/>
 <node id="3692748818" visible="true" version="1" changeset="33282810" timestamp="2015-08-12T05:22:40Z" user="KUNSHAN_nshe22" uid="3137687" lat="31.3897847" lon="120.9492721"/>
 <node id="3692748819" visible="true" version="1" changeset="33282810" timestamp="2015-08-12T05:22:40Z" user="KUNSHAN_nshe22" uid="3137687" lat="31.3897582" lon="120.9488040"/>
 <node id="3692748820" visible="true" version="1" changeset="33282810" timestamp="2015-08-12T05:22:40Z" user="KUNSHAN_nshe22" uid="3137687" lat="31.3899083" lon="120.9487923"/>
 <node id="3692748821" visible="true" version="1" changeset="33282810" timestamp="2015-08-12T05:22:40Z" user="KUNSHAN_nshe22" uid="3137687" lat="31.3899388" lon="120.9487512"/>
 <node id="3692748822" visible="true" version="2" changeset="134940968" timestamp="2023-04-15T13:40:49Z" user="shanhulittle" uid="11213533" lat="31.3907195" lon="120.9484027"/>
 <node id="3692748823" visible="true" version="1" changeset="33282810" timestamp="2015-08-12T05:22:40Z" user="KUNSHAN_nshe22" uid="3137687" lat="31.3901593" lon="120.9491281"/>
 <node id="3692748824" visible="true" version="1" changeset="33282810" timestamp="2015-08-12T05:22:40Z" user="KUNSHAN_nshe22" uid="3137687" lat="31.3901622" lon="120.9491839"/>
 <node id="3692748825" visible="true" version="1" changeset="33282810" timestamp="2015-08-12T05:22:40Z" user="KUNSHAN_nshe22" uid="3137687" lat="31.3901266" lon="120.9491865"/>
 <node id="3692748826" visible="true" version="1" changeset="33282810" timestamp="2015-08-12T05:22:40Z" user="KUNSHAN_nshe22" uid="3137687" lat="31.3901286" lon="120.9492244"/>
 <node id="3692748827" visible="true" version="1" changeset="33282810" timestamp="2015-08-12T05:22:40Z" user="KUNSHAN_nshe22" uid="3137687" lat="31.3900616" lon="120.9492292"/>
 <node id="3692748828" visible="true" version="1" changeset="33282810" timestamp="2015-08-12T05:22:40Z" user="KUNSHAN_nshe22" uid="3137687" lat="31.3900551" lon="120.9491031"/>
 <node id="3692748829" visible="true" version="1" changeset="33282810" timestamp="2015-08-12T05:22:40Z" user="KUNSHAN_nshe22" uid="3137687" lat="31.3899485" lon="120.9488867"/>
 <node id="3692748830" visible="true" version="1" changeset="33282810" timestamp="2015-08-12T05:22:40Z" user="KUNSHAN_nshe22" uid="3137687" lat="31.3898818" lon="120.9488911"/>
 <node id="3692748831" visible="true" version="1" changeset="33282810" timestamp="2015-08-12T05:22:40Z" user="KUNSHAN_nshe22" uid="3137687" lat="31.3898951" lon="120.9491683"/>
 <node id="3692748832" visible="true" version="1" changeset="33282810" timestamp="2015-08-12T05:22:40Z" user="KUNSHAN_nshe22" uid="3137687" lat="31.3899303" lon="120.9491660"/>
 <node id="3692748833" visible="true" version="1" changeset="33282810" timestamp="2015-08-12T05:22:40Z" user="KUNSHAN_nshe22" uid="3137687" lat="31.3899367" lon="120.9493001"/>
 <node id="3692748834" visible="true" version="1" changeset="33282810" timestamp="2015-08-12T05:22:40Z" user="KUNSHAN_nshe22" uid="3137687" lat="31.3899012" lon="120.9493140"/>
 <node id="3692748835" visible="true" version="1" changeset="33282810" timestamp="2015-08-12T05:22:40Z" user="KUNSHAN_nshe22" uid="3137687" lat="31.3906189" lon="120.9475633"/>
 <node id="3692748836" visible="true" version="1" changeset="33282810" timestamp="2015-08-12T05:22:40Z" user="KUNSHAN_nshe22" uid="3137687" lat="31.3907199" lon="120.9478860"/>
 <node id="3692748837" visible="true" version="1" changeset="33282810" timestamp="2015-08-12T05:22:40Z" user="KUNSHAN_nshe22" uid="3137687" lat="31.3908444" lon="120.9478325"/>
 <node id="3692748838" visible="true" version="1" changeset="33282810" timestamp="2015-08-12T05:22:40Z" user="KUNSHAN_nshe22" uid="3137687" lat="31.3907434" lon="120.9475098"/>
 <node id="3692748839" visible="true" version="1" changeset="33282810" timestamp="2015-08-12T05:22:40Z" user="KUNSHAN_nshe22" uid="3137687" lat="31.3908673" lon="120.9478634"/>
 <node id="3692748840" visible="true" version="1" changeset="33282810" timestamp="2015-08-12T05:22:40Z" user="KUNSHAN_nshe22" uid="3137687" lat="31.3909173" lon="120.9480237"/>
 <node id="3692748841" visible="true" version="1" changeset="33282810" timestamp="2015-08-12T05:22:40Z" user="KUNSHAN_nshe22" uid="3137687" lat="31.3907853" lon="120.9480803"/>
 <node id="3692748842" visible="true" version="1" changeset="33282810" timestamp="2015-08-12T05:22:40Z" user="KUNSHAN_nshe22" uid="3137687" lat="31.3907353" lon="120.9479200"/>
 <node id="3692748843" visible="true" version="1" changeset="33282810" timestamp="2015-08-12T05:22:40Z" user="KUNSHAN_nshe22" uid="3137687" lat="31.3909346" lon="120.9480803"/>
 <node id="3692748844" visible="true" version="1" changeset="33282810" timestamp="2015-08-12T05:22:40Z" user="KUNSHAN_nshe22" uid="3137687" lat="31.3910020" lon="120.9483133"/>
 <node id="3692748845" visible="true" version="1" changeset="33282810" timestamp="2015-08-12T05:22:40Z" user="KUNSHAN_nshe22" uid="3137687" lat="31.3908967" lon="120.9483551"/>
 <node id="3692748846" visible="true" version="1" changeset="33282810" timestamp="2015-08-12T05:22:40Z" user="KUNSHAN_nshe22" uid="3137687" lat="31.3908294" lon="120.9481220"/>
 <node id="3692748847" visible="true" version="1" changeset="33282810" timestamp="2015-08-12T05:22:40Z" user="KUNSHAN_nshe22" uid="3137687" lat="31.3898244" lon="120.9479235"/>
 <node id="3692748848" visible="true" version="1" changeset="33282810" timestamp="2015-08-12T05:22:40Z" user="KUNSHAN_nshe22" uid="3137687" lat="31.3899705" lon="120.9484109"/>
 <node id="3692748849" visible="true" version="1" changeset="33282810" timestamp="2015-08-12T05:22:40Z" user="KUNSHAN_nshe22" uid="3137687" lat="31.3899480" lon="120.9484202"/>
 <node id="3692748850" visible="true" version="1" changeset="33282810" timestamp="2015-08-12T05:22:40Z" user="KUNSHAN_nshe22" uid="3137687" lat="31.3900035" lon="120.9486052"/>
 <node id="3692748851" visible="true" version="1" changeset="33282810" timestamp="2015-08-12T05:22:40Z" user="KUNSHAN_nshe22" uid="3137687" lat="31.3896844" lon="120.9487364"/>
 <node id="3692748852" visible="true" version="1" changeset="33282810" timestamp="2015-08-12T05:22:40Z" user="KUNSHAN_nshe22" uid="3137687" lat="31.3895675" lon="120.9483462"/>
 <node id="3692748853" visible="true" version="1" changeset="33282810" timestamp="2015-08-12T05:22:40Z" user="KUNSHAN_nshe22" uid="3137687" lat="31.3896522" lon="120.9483114"/>
 <node id="3692748854" visible="true" version="1" changeset="33282810" timestamp="2015-08-12T05:22:40Z" user="KUNSHAN_nshe22" uid="3137687" lat="31.3895676" lon="120.9480291"/>
 <node id="3692748855" visible="true" version="2" changeset="134940968" timestamp="2023-04-15T13:40:49Z" user="shanhulittle" uid="11213533" lat="31.3900226" lon="120.9494113"/>
 <node id="3692748856" visible="true" version="2" changeset="134940968" timestamp="2023-04-15T13:40:49Z" user="shanhulittle" uid="11213533" lat="31.3901279" lon="120.9498158"/>
 <node id="3692748857" visible="true" version="2" changeset="134940968" timestamp="2023-04-15T13:40:49Z" user="shanhulittle" uid="11213533" lat="31.3900082" lon="120.9498585"/>
 <node id="3692748858" visible="true" version="2" changeset="134940968" timestamp="2023-04-15T13:40:49Z" user="shanhulittle" uid="11213533" lat="31.3899665" lon="120.9499256"/>
 <node id="3692748859" visible="true" version="2" changeset="134940968" timestamp="2023-04-15T13:40:49Z" user="shanhulittle" uid="11213533" lat="31.3899241" lon="120.9497980"/>
 <node id="3692748860" visible="true" version="2" changeset="134940968" timestamp="2023-04-15T13:40:49Z" user="shanhulittle" uid="11213533" lat="31.3898434" lon="120.9498348"/>
 <node id="3692748861" visible="true" version="2" changeset="134940968" timestamp="2023-04-15T13:40:49Z" user="shanhulittle" uid="11213533" lat="31.3898859" lon="120.9499624"/>
 <node id="3692748862" visible="true" version="2" changeset="134940968" timestamp="2023-04-15T13:40:49Z" user="shanhulittle" uid="11213533" lat="31.3898824" lon="120.9495395"/>
 <node id="3692748863" visible="true" version="2" changeset="134940968" timestamp="2023-04-15T13:40:49Z" user="shanhulittle" uid="11213533" lat="31.3897917" lon="120.9495713"/>
 <node id="3692748864" visible="true" version="2" changeset="134940968" timestamp="2023-04-15T13:40:49Z" user="shanhulittle" uid="11213533" lat="31.3898141" lon="120.9496589"/>
 <node id="3692748865" visible="true" version="2" changeset="134940968" timestamp="2023-04-15T13:40:49Z" user="shanhulittle" uid="11213533" lat="31.3898513" lon="120.9496459"/>
 <node id="3692748866" visible="true" version="2" changeset="134940968" timestamp="2023-04-15T13:40:49Z" user="shanhulittle" uid="11213533" lat="31.3898599" lon="120.9496796"/>
 <node id="3692748867" visible="true" version="2" changeset="134940968" timestamp="2023-04-15T13:40:49Z" user="shanhulittle" uid="11213533" lat="31.3899134" lon="120.9496608"/>
 <node id="3692748868" visible="true" version="2" changeset="134940968" timestamp="2023-04-15T13:40:49Z" user="shanhulittle" uid="11213533" lat="31.3898333" lon="120.9497069"/>
 <node id="3692748869" visible="true" version="2" changeset="134940968" timestamp="2023-04-15T13:40:49Z" user="shanhulittle" uid="11213533" lat="31.3899163" lon="120.9496809"/>
 <node id="3692748870" visible="true" version="2" changeset="134940968" timestamp="2023-04-15T13:40:49Z" user="shanhulittle" uid="11213533" lat="31.3899385" lon="120.9497782"/>
 <node id="3692748871" visible="true" version="2" changeset="134940968" timestamp="2023-04-15T13:40:49Z" user="shanhulittle" uid="11213533" lat="31.3899016" lon="120.9497898"/>
 <node id="3692748872" visible="true" version="2" changeset="134940968" timestamp="2023-04-15T13:40:49Z" user="shanhulittle" uid="11213533" lat="31.3898922" lon="120.9497488"/>
 <node id="3692748873" visible="true" version="2" changeset="134940968" timestamp="2023-04-15T13:40:49Z" user="shanhulittle" uid="11213533" lat="31.3898462" lon="120.9497632"/>
 <node id="3692748874" visible="true" version="2" changeset="134940968" timestamp="2023-04-15T13:40:49Z" user="shanhulittle" uid="11213533" lat="31.3898622" lon="120.9499564"/>
 <node id="3692748875" visible="true" version="2" changeset="134940968" timestamp="2023-04-15T13:40:49Z" user="shanhulittle" uid="11213533" lat="31.3898862" lon="120.9500356"/>
 <node id="3692748876" visible="true" version="2" changeset="134940968" timestamp="2023-04-15T13:40:49Z" user="shanhulittle" uid="11213533" lat="31.3897032" lon="120.9501119"/>
 <node id="3692748877" visible="true" version="1" changeset="33282810" timestamp="2015-08-12T05:22:41Z" user="KUNSHAN_nshe22" uid="3137687" lat="31.3905607" lon="120.9485092"/>
 <node id="3692748878" visible="true" version="1" changeset="33282810" timestamp="2015-08-12T05:22:41Z" user="KUNSHAN_nshe22" uid="3137687" lat="31.3906102" lon="120.9486884"/>
 <node id="3692748879" visible="true" version="1" changeset="33282810" timestamp="2015-08-12T05:22:41Z" user="KUNSHAN_nshe22" uid="3137687" lat="31.3905007" lon="120.9487300"/>
 <node id="3692748880" visible="true" version="1" changeset="33282810" timestamp="2015-08-12T05:22:41Z" user="KUNSHAN_nshe22" uid="3137687" lat="31.3905151" lon="120.9487822"/>
 <node id="3692748881" visible="true" version="1" changeset="33282810" timestamp="2015-08-12T05:22:41Z" user="KUNSHAN_nshe22" uid="3137687" lat="31.3904274" lon="120.9488154"/>
 <node id="3692748882" visible="true" version="1" changeset="33282810" timestamp="2015-08-12T05:22:41Z" user="KUNSHAN_nshe22" uid="3137687" lat="31.3903634" lon="120.9485840"/>
 <node id="3692748883" visible="true" version="1" changeset="33282810" timestamp="2015-08-12T05:22:41Z" user="KUNSHAN_nshe22" uid="3137687" lat="31.3902987" lon="120.9486362"/>
 <node id="3692748884" visible="true" version="1" changeset="33282810" timestamp="2015-08-12T05:22:41Z" user="KUNSHAN_nshe22" uid="3137687" lat="31.3903386" lon="120.9487792"/>
 <node id="3692748885" visible="true" version="1" changeset="33282810" timestamp="2015-08-12T05:22:41Z" user="KUNSHAN_nshe22" uid="3137687" lat="31.3902960" lon="120.9487955"/>
 <node id="3692748886" visible="true" version="1" changeset="33282810" timestamp="2015-08-12T05:22:41Z" user="KUNSHAN_nshe22" uid="3137687" lat="31.3903063" lon="120.9488323"/>
 <node id="3692748887" visible="true" version="1" changeset="33282810" timestamp="2015-08-12T05:22:41Z" user="KUNSHAN_nshe22" uid="3137687" lat="31.3902341" lon="120.9488599"/>
 <node id="3692748888" visible="true" version="1" changeset="33282810" timestamp="2015-08-12T05:22:41Z" user="KUNSHAN_nshe22" uid="3137687" lat="31.3902427" lon="120.9488907"/>
 <node id="3692748889" visible="true" version="1" changeset="33282810" timestamp="2015-08-12T05:22:41Z" user="KUNSHAN_nshe22" uid="3137687" lat="31.3901920" lon="120.9489101"/>
 <node id="3692748890" visible="true" version="1" changeset="33282810" timestamp="2015-08-12T05:22:41Z" user="KUNSHAN_nshe22" uid="3137687" lat="31.3901333" lon="120.9486995"/>
 <node id="3692748891" visible="true" version="1" changeset="33282810" timestamp="2015-08-12T05:22:41Z" user="KUNSHAN_nshe22" uid="3137687" lat="31.3912120" lon="120.9489086"/>
 <node id="3692748892" visible="true" version="1" changeset="33282810" timestamp="2015-08-12T05:22:41Z" user="KUNSHAN_nshe22" uid="3137687" lat="31.3911773" lon="120.9489243"/>
 <node id="3692748893" visible="true" version="1" changeset="33282810" timestamp="2015-08-12T05:22:41Z" user="KUNSHAN_nshe22" uid="3137687" lat="31.3913086" lon="120.9493226"/>
 <node id="3692748894" visible="true" version="1" changeset="33282810" timestamp="2015-08-12T05:22:41Z" user="KUNSHAN_nshe22" uid="3137687" lat="31.3911241" lon="120.9494061"/>
 <node id="3692748895" visible="true" version="1" changeset="33282810" timestamp="2015-08-12T05:22:41Z" user="KUNSHAN_nshe22" uid="3137687" lat="31.3909930" lon="120.9490083"/>
 <node id="3692748896" visible="true" version="1" changeset="33282810" timestamp="2015-08-12T05:22:41Z" user="KUNSHAN_nshe22" uid="3137687" lat="31.3909438" lon="120.9490145"/>
 <node id="3692748897" visible="true" version="1" changeset="33282810" timestamp="2015-08-12T05:22:41Z" user="KUNSHAN_nshe22" uid="3137687" lat="31.3908744" lon="120.9488302"/>
 <node id="3692748898" visible="true" version="1" changeset="33282810" timestamp="2015-08-12T05:22:41Z" user="KUNSHAN_nshe22" uid="3137687" lat="31.3909005" lon="120.9488167"/>
 <node id="3692748899" visible="true" version="1" changeset="33282810" timestamp="2015-08-12T05:22:41Z" user="KUNSHAN_nshe22" uid="3137687" lat="31.3907975" lon="120.9485433"/>
 <node id="3692748900" visible="true" version="1" changeset="33282810" timestamp="2015-08-12T05:22:41Z" user="KUNSHAN_nshe22" uid="3137687" lat="31.3908323" lon="120.9485254"/>
 <node id="3692748901" visible="true" version="1" changeset="33282810" timestamp="2015-08-12T05:22:41Z" user="KUNSHAN_nshe22" uid="3137687" lat="31.3908084" lon="120.9484619"/>
 <node id="3692748902" visible="true" version="1" changeset="33282810" timestamp="2015-08-12T05:22:41Z" user="KUNSHAN_nshe22" uid="3137687" lat="31.3908342" lon="120.9484485"/>
 <node id="3692748903" visible="true" version="1" changeset="33282810" timestamp="2015-08-12T05:22:41Z" user="KUNSHAN_nshe22" uid="3137687" lat="31.3908179" lon="120.9484052"/>
 <node id="3692748904" visible="true" version="1" changeset="33282810" timestamp="2015-08-12T05:22:41Z" user="KUNSHAN_nshe22" uid="3137687" lat="31.3908648" lon="120.9483810"/>
 <node id="3692748905" visible="true" version="1" changeset="33282810" timestamp="2015-08-12T05:22:41Z" user="KUNSHAN_nshe22" uid="3137687" lat="31.3908841" lon="120.9484016"/>
 <node id="3692748906" visible="true" version="1" changeset="33282810" timestamp="2015-08-12T05:22:41Z" user="KUNSHAN_nshe22" uid="3137687" lat="31.3910239" lon="120.9483383"/>
 <node id="3692748907" visible="true" version="1" changeset="33282810" timestamp="2015-08-12T05:22:41Z" user="KUNSHAN_nshe22" uid="3137687" lat="31.3908843" lon="120.9489586"/>
 <node id="3692748908" visible="true" version="1" changeset="33282810" timestamp="2015-08-12T05:22:41Z" user="KUNSHAN_nshe22" uid="3137687" lat="31.3908127" lon="120.9489902"/>
 <node id="3692748909" visible="true" version="1" changeset="33282810" timestamp="2015-08-12T05:22:41Z" user="KUNSHAN_nshe22" uid="3137687" lat="31.3908244" lon="120.9490268"/>
 <node id="3692748910" visible="true" version="1" changeset="33282810" timestamp="2015-08-12T05:22:41Z" user="KUNSHAN_nshe22" uid="3137687" lat="31.3908069" lon="120.9490453"/>
 <node id="3692748911" visible="true" version="1" changeset="33282810" timestamp="2015-08-12T05:22:41Z" user="KUNSHAN_nshe22" uid="3137687" lat="31.3909342" lon="120.9494327"/>
 <node id="3692748912" visible="true" version="1" changeset="33282810" timestamp="2015-08-12T05:22:41Z" user="KUNSHAN_nshe22" uid="3137687" lat="31.3909006" lon="120.9494479"/>
 <node id="3692748913" visible="true" version="1" changeset="33282810" timestamp="2015-08-12T05:22:41Z" user="KUNSHAN_nshe22" uid="3137687" lat="31.3909228" lon="120.9495155"/>
 <node id="3692748914" visible="true" version="1" changeset="33282810" timestamp="2015-08-12T05:22:41Z" user="KUNSHAN_nshe22" uid="3137687" lat="31.3910190" lon="120.9494721"/>
 <node id="3692748915" visible="true" version="1" changeset="33282810" timestamp="2015-08-12T05:22:41Z" user="KUNSHAN_nshe22" uid="3137687" lat="31.3910011" lon="120.9494176"/>
 <node id="3692748916" visible="true" version="1" changeset="33282810" timestamp="2015-08-12T05:22:41Z" user="KUNSHAN_nshe22" uid="3137687" lat="31.3910421" lon="120.9493991"/>
 <node id="3692748917" visible="true" version="1" changeset="33282810" timestamp="2015-08-12T05:22:41Z" user="KUNSHAN_nshe22" uid="3137687" lat="31.3910474" lon="120.9493477"/>
 <node id="3692748918" visible="true" version="1" changeset="33282810" timestamp="2015-08-12T05:22:41Z" user="KUNSHAN_nshe22" uid="3137687" lat="31.3909455" lon="120.9490304"/>
 <node id="3692748919" visible="true" version="1" changeset="33282810" timestamp="2015-08-12T05:22:41Z" user="KUNSHAN_nshe22" uid="3137687" lat="31.3909121" lon="120.9490451"/>
 <node id="3692748920" visible="true" version="1" changeset="33282810" timestamp="2015-08-12T05:22:41Z" user="KUNSHAN_nshe22" uid="3137687" lat="31.3906148" lon="120.9487651"/>
 <node id="3692748921" visible="true" version="1" changeset="33282810" timestamp="2015-08-12T05:22:41Z" user="KUNSHAN_nshe22" uid="3137687" lat="31.3906410" lon="120.9488537"/>
 <node id="3692748922" visible="true" version="1" changeset="33282810" timestamp="2015-08-12T05:22:41Z" user="KUNSHAN_nshe22" uid="3137687" lat="31.3906613" lon="120.9488455"/>
 <node id="3692748923" visible="true" version="1" changeset="33282810" timestamp="2015-08-12T05:22:41Z" user="KUNSHAN_nshe22" uid="3137687" lat="31.3907056" lon="120.9489952"/>
 <node id="3692748924" visible="true" version="1" changeset="33282810" timestamp="2015-08-12T05:22:41Z" user="KUNSHAN_nshe22" uid="3137687" lat="31.3905745" lon="120.9490485"/>
 <node id="3692748925" visible="true" version="1" changeset="33282810" timestamp="2015-08-12T05:22:41Z" user="KUNSHAN_nshe22" uid="3137687" lat="31.3905038" lon="120.9488102"/>
 <node id="3692748926" visible="true" version="2" changeset="134940968" timestamp="2023-04-15T13:40:49Z" user="shanhulittle" uid="11213533" lat="31.3905397" lon="120.9489882"/>
 <node id="3692748927" visible="true" version="2" changeset="134940968" timestamp="2023-04-15T13:40:49Z" user="shanhulittle" uid="11213533" lat="31.3905645" lon="120.9490674"/>
 <node id="3692748928" visible="true" version="2" changeset="134940968" timestamp="2023-04-15T13:40:49Z" user="shanhulittle" uid="11213533" lat="31.3905302" lon="120.9490821"/>
 <node id="3692748929" visible="true" version="2" changeset="134940968" timestamp="2023-04-15T13:40:49Z" user="shanhulittle" uid="11213533" lat="31.3905054" lon="120.9490030"/>
 <node id="3692748930" visible="true" version="1" changeset="33282810" timestamp="2015-08-12T05:22:41Z" user="KUNSHAN_nshe22" uid="3137687" lat="31.3907344" lon="120.9490452"/>
 <node id="3692748931" visible="true" version="1" changeset="33282810" timestamp="2015-08-12T05:22:41Z" user="KUNSHAN_nshe22" uid="3137687" lat="31.3908390" lon="120.9494127"/>
 <node id="3692748932" visible="true" version="1" changeset="33282810" timestamp="2015-08-12T05:22:41Z" user="KUNSHAN_nshe22" uid="3137687" lat="31.3907191" lon="120.9494595"/>
 <node id="3692748933" visible="true" version="1" changeset="33282810" timestamp="2015-08-12T05:22:41Z" user="KUNSHAN_nshe22" uid="3137687" lat="31.3906145" lon="120.9490920"/>
 <node id="3692748934" visible="true" version="2" changeset="134940968" timestamp="2023-04-15T13:40:49Z" user="shanhulittle" uid="11213533" lat="31.3904007" lon="120.9491650"/>
 <node id="3692748935" visible="true" version="2" changeset="134940968" timestamp="2023-04-15T13:40:49Z" user="shanhulittle" uid="11213533" lat="31.3904305" lon="120.9492709"/>
 <node id="3692748936" visible="true" version="2" changeset="134940968" timestamp="2023-04-15T13:40:49Z" user="shanhulittle" uid="11213533" lat="31.3904490" lon="120.9492638"/>
 <node id="3692748937" visible="true" version="2" changeset="134940968" timestamp="2023-04-15T13:40:49Z" user="shanhulittle" uid="11213533" lat="31.3905388" lon="120.9495830"/>
 <node id="3692748938" visible="true" version="2" changeset="134940968" timestamp="2023-04-15T13:40:49Z" user="shanhulittle" uid="11213533" lat="31.3906684" lon="120.9495329"/>
 <node id="3692748939" visible="true" version="2" changeset="134940968" timestamp="2023-04-15T13:40:49Z" user="shanhulittle" uid="11213533" lat="31.3905232" lon="120.9490669"/>
 <node id="3692748940" visible="true" version="2" changeset="134940968" timestamp="2023-04-15T13:40:49Z" user="shanhulittle" uid="11213533" lat="31.3903752" lon="120.9491968"/>
 <node id="3692748941" visible="true" version="2" changeset="134940968" timestamp="2023-04-15T13:40:49Z" user="shanhulittle" uid="11213533" lat="31.3904867" lon="120.9496140"/>
 <node id="3692748942" visible="true" version="2" changeset="134940968" timestamp="2023-04-15T13:40:49Z" user="shanhulittle" uid="11213533" lat="31.3903833" lon="120.9496519"/>
 <node id="3692748943" visible="true" version="2" changeset="134940968" timestamp="2023-04-15T13:40:49Z" user="shanhulittle" uid="11213533" lat="31.3902959" lon="120.9493247"/>
 <node id="3692748944" visible="true" version="2" changeset="134940968" timestamp="2023-04-15T13:40:49Z" user="shanhulittle" uid="11213533" lat="31.3902748" lon="120.9493324"/>
 <node id="3692748945" visible="true" version="2" changeset="134940968" timestamp="2023-04-15T13:40:49Z" user="shanhulittle" uid="11213533" lat="31.3902507" lon="120.9492424"/>
 <node id="3692748946" visible="true" version="2" changeset="134940968" timestamp="2023-04-15T13:40:49Z" user="shanhulittle" uid="11213533" lat="31.3902234" lon="120.9493406"/>
 <node id="3692748947" visible="true" version="2" changeset="134940968" timestamp="2023-04-15T13:40:49Z" user="shanhulittle" uid="11213533" lat="31.3903141" lon="120.9496992"/>
 <node id="3692748948" visible="true" version="2" changeset="134940968" timestamp="2023-04-15T13:40:49Z" user="shanhulittle" uid="11213533" lat="31.3901925" lon="120.9497414"/>
 <node id="3692748949" visible="true" version="2" changeset="134940968" timestamp="2023-04-15T13:40:49Z" user="shanhulittle" uid="11213533" lat="31.3901018" lon="120.9493828"/>
 <node id="3692748950" visible="true" version="2" changeset="134940968" timestamp="2023-04-15T13:40:49Z" user="shanhulittle" uid="11213533" lat="31.3907351" lon="120.9495158"/>
 <node id="3692748951" visible="true" version="2" changeset="134940968" timestamp="2023-04-15T13:40:49Z" user="shanhulittle" uid="11213533" lat="31.3907607" lon="120.9496016"/>
 <node id="3692748952" visible="true" version="2" changeset="134940968" timestamp="2023-04-15T13:40:49Z" user="shanhulittle" uid="11213533" lat="31.3906223" lon="120.9496583"/>
 <node id="3692748953" visible="true" version="2" changeset="134940968" timestamp="2023-04-15T13:40:49Z" user="shanhulittle" uid="11213533" lat="31.3905930" lon="120.9495620"/>
 <node id="3692748954" visible="true" version="1" changeset="33282810" timestamp="2015-08-12T05:22:42Z" user="KUNSHAN_nshe22" uid="3137687" lat="31.3903560" lon="120.9496906"/>
 <node id="3692748955" visible="true" version="1" changeset="33282810" timestamp="2015-08-12T05:22:42Z" user="KUNSHAN_nshe22" uid="3137687" lat="31.3903767" lon="120.9497604"/>
 <node id="3692748956" visible="true" version="1" changeset="33282810" timestamp="2015-08-12T05:22:42Z" user="KUNSHAN_nshe22" uid="3137687" lat="31.3902281" lon="120.9498208"/>
 <node id="3692748957" visible="true" version="1" changeset="33282810" timestamp="2015-08-12T05:22:42Z" user="KUNSHAN_nshe22" uid="3137687" lat="31.3902074" lon="120.9497510"/>
 <node id="3692749111" visible="true" version="2" changeset="33283261" timestamp="2015-08-12T06:03:57Z" user="KUNSHAN_nshe22" uid="3137687" lat="31.3913635" lon="120.9475390"/>
 <node id="3692749120" visible="true" version="1" changeset="33282810" timestamp="2015-08-12T05:22:45Z" user="KUNSHAN_nshe22" uid="3137687" lat="31.3912311" lon="120.9458075"/>
 <node id="3692749121" visible="true" version="1" changeset="33282810" timestamp="2015-08-12T05:22:45Z" user="KUNSHAN_nshe22" uid="3137687" lat="31.3912940" lon="120.9459953"/>
 <node id="3692749122" visible="true" version="1" changeset="33282810" timestamp="2015-08-12T05:22:45Z" user="KUNSHAN_nshe22" uid="3137687" lat="31.3912133" lon="120.9460324"/>
 <node id="3692749123" visible="true" version="1" changeset="33282810" timestamp="2015-08-12T05:22:45Z" user="KUNSHAN_nshe22" uid="3137687" lat="31.3911371" lon="120.9458048"/>
 <node id="3692749124" visible="true" version="1" changeset="33282810" timestamp="2015-08-12T05:22:45Z" user="KUNSHAN_nshe22" uid="3137687" lat="31.3911889" lon="120.9457810"/>
 <node id="3692749125" visible="true" version="1" changeset="33282810" timestamp="2015-08-12T05:22:45Z" user="KUNSHAN_nshe22" uid="3137687" lat="31.3912022" lon="120.9458208"/>
 <node id="3692749146" visible="true" version="1" changeset="33282810" timestamp="2015-08-12T05:22:45Z" user="KUNSHAN_nshe22" uid="3137687" lat="31.3923155" lon="120.9488583"/>
 <node id="3692749147" visible="true" version="1" changeset="33282810" timestamp="2015-08-12T05:22:45Z" user="KUNSHAN_nshe22" uid="3137687" lat="31.3923451" lon="120.9489472"/>
 <node id="3692749148" visible="true" version="1" changeset="33282810" timestamp="2015-08-12T05:22:45Z" user="KUNSHAN_nshe22" uid="3137687" lat="31.3923814" lon="120.9489306"/>
 <node id="3692749149" visible="true" version="1" changeset="33282810" timestamp="2015-08-12T05:22:45Z" user="KUNSHAN_nshe22" uid="3137687" lat="31.3924362" lon="120.9490949"/>
 <node id="3692749150" visible="true" version="1" changeset="33282810" timestamp="2015-08-12T05:22:45Z" user="KUNSHAN_nshe22" uid="3137687" lat="31.3924069" lon="120.9491083"/>
 <node id="3692749151" visible="true" version="1" changeset="33282810" timestamp="2015-08-12T05:22:45Z" user="KUNSHAN_nshe22" uid="3137687" lat="31.3924364" lon="120.9491967"/>
 <node id="3692749152" visible="true" version="2" changeset="167374000" timestamp="2025-06-09T00:04:02Z" user="Maps Man" uid="10216874" lat="31.3923697" lon="120.9492248"/>
 <node id="3692749153" visible="true" version="2" changeset="167374000" timestamp="2025-06-09T00:04:02Z" user="Maps Man" uid="10216874" lat="31.3923346" lon="120.9491237"/>
 <node id="3692749154" visible="true" version="1" changeset="33282810" timestamp="2015-08-12T05:22:45Z" user="KUNSHAN_nshe22" uid="3137687" lat="31.3923661" lon="120.9491088"/>
 <node id="3692749155" visible="true" version="1" changeset="33282810" timestamp="2015-08-12T05:22:45Z" user="KUNSHAN_nshe22" uid="3137687" lat="31.3923267" lon="120.9489904"/>
 <node id="3692749156" visible="true" version="1" changeset="33282810" timestamp="2015-08-12T05:22:45Z" user="KUNSHAN_nshe22" uid="3137687" lat="31.3923021" lon="120.9490016"/>
 <node id="3692749157" visible="true" version="1" changeset="33282810" timestamp="2015-08-12T05:22:45Z" user="KUNSHAN_nshe22" uid="3137687" lat="31.3922624" lon="120.9488826"/>
 <node id="3692778822" visible="true" version="1" changeset="33283261" timestamp="2015-08-12T06:03:47Z" user="KUNSHAN_nshe22" uid="3137687" lat="31.3926277" lon="120.9476029"/>
 <node id="3692778823" visible="true" version="1" changeset="33283261" timestamp="2015-08-12T06:03:47Z" user="KUNSHAN_nshe22" uid="3137687" lat="31.3926313" lon="120.9476242"/>
 <node id="3692778824" visible="true" version="1" changeset="33283261" timestamp="2015-08-12T06:03:47Z" user="KUNSHAN_nshe22" uid="3137687" lat="31.3926288" lon="120.9476456"/>
 <node id="3692779025" visible="true" version="1" changeset="33283261" timestamp="2015-08-12T06:03:47Z" user="KUNSHAN_nshe22" uid="3137687" lat="31.3925209" lon="120.9476363"/>
 <node id="3692779026" visible="true" version="1" changeset="33283261" timestamp="2015-08-12T06:03:47Z" user="KUNSHAN_nshe22" uid="3137687" lat="31.3925210" lon="120.9476151"/>
 <node id="3692779027" visible="true" version="1" changeset="33283261" timestamp="2015-08-12T06:03:47Z" user="KUNSHAN_nshe22" uid="3137687" lat="31.3925268" lon="120.9475951"/>
 <node id="3692779028" visible="true" version="1" changeset="33283261" timestamp="2015-08-12T06:03:47Z" user="KUNSHAN_nshe22" uid="3137687" lat="31.3926203" lon="120.9476649"/>
 <node id="3692779029" visible="true" version="1" changeset="33283261" timestamp="2015-08-12T06:03:47Z" user="KUNSHAN_nshe22" uid="3137687" lat="31.3926069" lon="120.9476799"/>
 <node id="3692779030" visible="true" version="1" changeset="33283261" timestamp="2015-08-12T06:03:47Z" user="KUNSHAN_nshe22" uid="3137687" lat="31.3925901" lon="120.9476889"/>
 <node id="3692779031" visible="true" version="1" changeset="33283261" timestamp="2015-08-12T06:03:47Z" user="KUNSHAN_nshe22" uid="3137687" lat="31.3925717" lon="120.9476909"/>
 <node id="3692779032" visible="true" version="1" changeset="33283261" timestamp="2015-08-12T06:03:47Z" user="KUNSHAN_nshe22" uid="3137687" lat="31.3925537" lon="120.9476857"/>
 <node id="3692779033" visible="true" version="1" changeset="33283261" timestamp="2015-08-12T06:03:47Z" user="KUNSHAN_nshe22" uid="3137687" lat="31.3925382" lon="120.9476739"/>
 <node id="3692779034" visible="true" version="1" changeset="33283261" timestamp="2015-08-12T06:03:47Z" user="KUNSHAN_nshe22" uid="3137687" lat="31.3925268" lon="120.9476568"/>
 <node id="3692779035" visible="true" version="1" changeset="33283261" timestamp="2015-08-12T06:03:47Z" user="KUNSHAN_nshe22" uid="3137687" lat="31.3925379" lon="120.9475784"/>
 <node id="3692779036" visible="true" version="1" changeset="33283261" timestamp="2015-08-12T06:03:47Z" user="KUNSHAN_nshe22" uid="3137687" lat="31.3925529" lon="120.9475666"/>
 <node id="3692779037" visible="true" version="1" changeset="33283261" timestamp="2015-08-12T06:03:47Z" user="KUNSHAN_nshe22" uid="3137687" lat="31.3925704" lon="120.9475612"/>
 <node id="3692779038" visible="true" version="1" changeset="33283261" timestamp="2015-08-12T06:03:47Z" user="KUNSHAN_nshe22" uid="3137687" lat="31.3925884" lon="120.9475626"/>
 <node id="3692779039" visible="true" version="1" changeset="33283261" timestamp="2015-08-12T06:03:47Z" user="KUNSHAN_nshe22" uid="3137687" lat="31.3926051" lon="120.9475707"/>
 <node id="3692779040" visible="true" version="1" changeset="33283261" timestamp="2015-08-12T06:03:47Z" user="KUNSHAN_nshe22" uid="3137687" lat="31.3926187" lon="120.9475846"/>
 <node id="3692779041" visible="true" version="1" changeset="33283261" timestamp="2015-08-12T06:03:47Z" user="KUNSHAN_nshe22" uid="3137687" lat="31.3919324" lon="120.9468161"/>
 <node id="3692779042" visible="true" version="1" changeset="33283261" timestamp="2015-08-12T06:03:47Z" user="KUNSHAN_nshe22" uid="3137687" lat="31.3918724" lon="120.9468678"/>
 <node id="3692779043" visible="true" version="1" changeset="33283261" timestamp="2015-08-12T06:03:47Z" user="KUNSHAN_nshe22" uid="3137687" lat="31.3917493" lon="120.9466716"/>
 <node id="3692779044" visible="true" version="1" changeset="33283261" timestamp="2015-08-12T06:03:47Z" user="KUNSHAN_nshe22" uid="3137687" lat="31.3918637" lon="120.9465732"/>
 <node id="3692779045" visible="true" version="1" changeset="33283261" timestamp="2015-08-12T06:03:47Z" user="KUNSHAN_nshe22" uid="3137687" lat="31.3919208" lon="120.9466643"/>
 <node id="3692779046" visible="true" version="1" changeset="33283261" timestamp="2015-08-12T06:03:47Z" user="KUNSHAN_nshe22" uid="3137687" lat="31.3918665" lon="120.9467111"/>
 <node id="3692779047" visible="true" version="1" changeset="33283261" timestamp="2015-08-12T06:03:47Z" user="KUNSHAN_nshe22" uid="3137687" lat="31.3911595" lon="120.9471433"/>
 <node id="3692779048" visible="true" version="1" changeset="33283261" timestamp="2015-08-12T06:03:47Z" user="KUNSHAN_nshe22" uid="3137687" lat="31.3910266" lon="120.9472054"/>
 <node id="3692779049" visible="true" version="1" changeset="33283261" timestamp="2015-08-12T06:03:47Z" user="KUNSHAN_nshe22" uid="3137687" lat="31.3909591" lon="120.9470069"/>
 <node id="3692779050" visible="true" version="1" changeset="33283261" timestamp="2015-08-12T06:03:47Z" user="KUNSHAN_nshe22" uid="3137687" lat="31.3910740" lon="120.9469533"/>
 <node id="3692779051" visible="true" version="1" changeset="33283261" timestamp="2015-08-12T06:03:47Z" user="KUNSHAN_nshe22" uid="3137687" lat="31.3911196" lon="120.9470874"/>
 <node id="3692779052" visible="true" version="1" changeset="33283261" timestamp="2015-08-12T06:03:48Z" user="KUNSHAN_nshe22" uid="3137687" lat="31.3911376" lon="120.9470790"/>
 <node id="3692779053" visible="true" version="1" changeset="33283261" timestamp="2015-08-12T06:03:48Z" user="KUNSHAN_nshe22" uid="3137687" lat="31.3911965" lon="120.9472492"/>
 <node id="3692779054" visible="true" version="1" changeset="33283261" timestamp="2015-08-12T06:03:48Z" user="KUNSHAN_nshe22" uid="3137687" lat="31.3910860" lon="120.9472982"/>
 <node id="3692779055" visible="true" version="1" changeset="33283261" timestamp="2015-08-12T06:03:48Z" user="KUNSHAN_nshe22" uid="3137687" lat="31.3911496" lon="120.9474954"/>
 <node id="3692779056" visible="true" version="1" changeset="33283261" timestamp="2015-08-12T06:03:48Z" user="KUNSHAN_nshe22" uid="3137687" lat="31.3912419" lon="120.9474545"/>
 <node id="3692779057" visible="true" version="1" changeset="33283261" timestamp="2015-08-12T06:03:48Z" user="KUNSHAN_nshe22" uid="3137687" lat="31.3912809" lon="120.9475756"/>
 <node id="3692779058" visible="true" version="1" changeset="33283261" timestamp="2015-08-12T06:03:48Z" user="KUNSHAN_nshe22" uid="3137687" lat="31.3913254" lon="120.9474209"/>
 <node id="3692779059" visible="true" version="1" changeset="33283261" timestamp="2015-08-12T06:03:48Z" user="KUNSHAN_nshe22" uid="3137687" lat="31.3912611" lon="120.9474493"/>
 <node id="3692779060" visible="true" version="1" changeset="33283261" timestamp="2015-08-12T06:03:48Z" user="KUNSHAN_nshe22" uid="3137687" lat="31.3915815" lon="120.9472639"/>
 <node id="3692779061" visible="true" version="1" changeset="33283261" timestamp="2015-08-12T06:03:48Z" user="KUNSHAN_nshe22" uid="3137687" lat="31.3915406" lon="120.9471998"/>
 <node id="3692779062" visible="true" version="1" changeset="33283261" timestamp="2015-08-12T06:03:48Z" user="KUNSHAN_nshe22" uid="3137687" lat="31.3913719" lon="120.9473474"/>
 <node id="3692779063" visible="true" version="1" changeset="33283261" timestamp="2015-08-12T06:03:48Z" user="KUNSHAN_nshe22" uid="3137687" lat="31.3914128" lon="120.9474115"/>
 <node id="3692779064" visible="true" version="1" changeset="33283261" timestamp="2015-08-12T06:03:48Z" user="KUNSHAN_nshe22" uid="3137687" lat="31.3912782" lon="120.9469313"/>
 <node id="3692779065" visible="true" version="1" changeset="33283261" timestamp="2015-08-12T06:03:48Z" user="KUNSHAN_nshe22" uid="3137687" lat="31.3911977" lon="120.9469727"/>
 <node id="3692779066" visible="true" version="1" changeset="33283261" timestamp="2015-08-12T06:03:48Z" user="KUNSHAN_nshe22" uid="3137687" lat="31.3911559" lon="120.9468611"/>
 <node id="3692779067" visible="true" version="1" changeset="33283261" timestamp="2015-08-12T06:03:48Z" user="KUNSHAN_nshe22" uid="3137687" lat="31.3912069" lon="120.9468349"/>
 <node id="3692779068" visible="true" version="1" changeset="33283261" timestamp="2015-08-12T06:03:48Z" user="KUNSHAN_nshe22" uid="3137687" lat="31.3912191" lon="120.9468673"/>
 <node id="3692779069" visible="true" version="1" changeset="33283261" timestamp="2015-08-12T06:03:48Z" user="KUNSHAN_nshe22" uid="3137687" lat="31.3912762" lon="120.9468379"/>
 <node id="3692779070" visible="true" version="1" changeset="33283261" timestamp="2015-08-12T06:03:48Z" user="KUNSHAN_nshe22" uid="3137687" lat="31.3912856" lon="120.9468628"/>
 <node id="3692779071" visible="true" version="1" changeset="33283261" timestamp="2015-08-12T06:03:48Z" user="KUNSHAN_nshe22" uid="3137687" lat="31.3912579" lon="120.9468771"/>
 <node id="3692779072" visible="true" version="1" changeset="33283261" timestamp="2015-08-12T06:03:48Z" user="KUNSHAN_nshe22" uid="3137687" lat="31.3909197" lon="120.9468651"/>
 <node id="3692779073" visible="true" version="1" changeset="33283261" timestamp="2015-08-12T06:03:48Z" user="KUNSHAN_nshe22" uid="3137687" lat="31.3909529" lon="120.9469702"/>
 <node id="3692779074" visible="true" version="1" changeset="33283261" timestamp="2015-08-12T06:03:48Z" user="KUNSHAN_nshe22" uid="3137687" lat="31.3910388" lon="120.9469329"/>
 <node id="3692779075" visible="true" version="1" changeset="33283261" timestamp="2015-08-12T06:03:48Z" user="KUNSHAN_nshe22" uid="3137687" lat="31.3910056" lon="120.9468279"/>
 <node id="3692779084" visible="true" version="1" changeset="33283261" timestamp="2015-08-12T06:03:48Z" user="KUNSHAN_nshe22" uid="3137687" lat="31.3914876" lon="120.9470954"/>
 <node id="3692779085" visible="true" version="1" changeset="33283261" timestamp="2015-08-12T06:03:48Z" user="KUNSHAN_nshe22" uid="3137687" lat="31.3914148" lon="120.9469799"/>
 <node id="3692779086" visible="true" version="1" changeset="33283261" timestamp="2015-08-12T06:03:48Z" user="KUNSHAN_nshe22" uid="3137687" lat="31.3913182" lon="120.9470635"/>
 <node id="3692779087" visible="true" version="1" changeset="33283261" timestamp="2015-08-12T06:03:48Z" user="KUNSHAN_nshe22" uid="3137687" lat="31.3913909" lon="120.9471789"/>
 <node id="3692779088" visible="true" version="1" changeset="33283261" timestamp="2015-08-12T06:03:48Z" user="KUNSHAN_nshe22" uid="3137687" lat="31.3919656" lon="120.9464207"/>
 <node id="3692779089" visible="true" version="1" changeset="33283261" timestamp="2015-08-12T06:03:48Z" user="KUNSHAN_nshe22" uid="3137687" lat="31.3922859" lon="120.9468225"/>
 <node id="3692779090" visible="true" version="1" changeset="33283261" timestamp="2015-08-12T06:03:48Z" user="KUNSHAN_nshe22" uid="3137687" lat="31.3923321" lon="120.9467720"/>
 <node id="3692779091" visible="true" version="1" changeset="33283261" timestamp="2015-08-12T06:03:48Z" user="KUNSHAN_nshe22" uid="3137687" lat="31.3920117" lon="120.9463703"/>
 <node id="3692779092" visible="true" version="1" changeset="33283261" timestamp="2015-08-12T06:03:48Z" user="KUNSHAN_nshe22" uid="3137687" lat="31.3906084" lon="120.9445772"/>
 <node id="3692779093" visible="true" version="1" changeset="33283261" timestamp="2015-08-12T06:03:48Z" user="KUNSHAN_nshe22" uid="3137687" lat="31.3905761" lon="120.9445918"/>
 <node id="3692779094" visible="true" version="1" changeset="33283261" timestamp="2015-08-12T06:03:48Z" user="KUNSHAN_nshe22" uid="3137687" lat="31.3905203" lon="120.9444230"/>
 <node id="3692779095" visible="true" version="1" changeset="33283261" timestamp="2015-08-12T06:03:48Z" user="KUNSHAN_nshe22" uid="3137687" lat="31.3905310" lon="120.9444181"/>
 <node id="3692779096" visible="true" version="1" changeset="33283261" timestamp="2015-08-12T06:03:48Z" user="KUNSHAN_nshe22" uid="3137687" lat="31.3905491" lon="120.9444730"/>
 <node id="3692779097" visible="true" version="1" changeset="33283261" timestamp="2015-08-12T06:03:48Z" user="KUNSHAN_nshe22" uid="3137687" lat="31.3905708" lon="120.9444632"/>
 <node id="3692779098" visible="true" version="1" changeset="33283261" timestamp="2015-08-12T06:03:48Z" user="KUNSHAN_nshe22" uid="3137687" lat="31.3904234" lon="120.9447313"/>
 <node id="3692779099" visible="true" version="1" changeset="33283261" timestamp="2015-08-12T06:03:48Z" user="KUNSHAN_nshe22" uid="3137687" lat="31.3903922" lon="120.9447480"/>
 <node id="3692779100" visible="true" version="1" changeset="33283261" timestamp="2015-08-12T06:03:48Z" user="KUNSHAN_nshe22" uid="3137687" lat="31.3903274" lon="120.9445827"/>
 <node id="3692779101" visible="true" version="1" changeset="33283261" timestamp="2015-08-12T06:03:48Z" user="KUNSHAN_nshe22" uid="3137687" lat="31.3903796" lon="120.9445546"/>
 <node id="3692779102" visible="true" version="1" changeset="33283261" timestamp="2015-08-12T06:03:48Z" user="KUNSHAN_nshe22" uid="3137687" lat="31.3904009" lon="120.9446089"/>
 <node id="3692779103" visible="true" version="1" changeset="33283261" timestamp="2015-08-12T06:03:48Z" user="KUNSHAN_nshe22" uid="3137687" lat="31.3903798" lon="120.9446203"/>
 <node id="3692779104" visible="true" version="1" changeset="33283261" timestamp="2015-08-12T06:03:48Z" user="KUNSHAN_nshe22" uid="3137687" lat="31.3904909" lon="120.9444502"/>
 <node id="3692779105" visible="true" version="1" changeset="33283261" timestamp="2015-08-12T06:03:48Z" user="KUNSHAN_nshe22" uid="3137687" lat="31.3905397" lon="120.9445982"/>
 <node id="3692779106" visible="true" version="1" changeset="33283261" timestamp="2015-08-12T06:03:48Z" user="KUNSHAN_nshe22" uid="3137687" lat="31.3905079" lon="120.9446126"/>
 <node id="3692779107" visible="true" version="1" changeset="33283261" timestamp="2015-08-12T06:03:48Z" user="KUNSHAN_nshe22" uid="3137687" lat="31.3904767" lon="120.9445179"/>
 <node id="3692779108" visible="true" version="1" changeset="33283261" timestamp="2015-08-12T06:03:48Z" user="KUNSHAN_nshe22" uid="3137687" lat="31.3904929" lon="120.9445041"/>
 <node id="3692779109" visible="true" version="1" changeset="33283261" timestamp="2015-08-12T06:03:48Z" user="KUNSHAN_nshe22" uid="3137687" lat="31.3904772" lon="120.9444564"/>
 <node id="3692779110" visible="true" version="1" changeset="33283261" timestamp="2015-08-12T06:03:48Z" user="KUNSHAN_nshe22" uid="3137687" lat="31.3904371" lon="120.9445021"/>
 <node id="3692779111" visible="true" version="1" changeset="33283261" timestamp="2015-08-12T06:03:48Z" user="KUNSHAN_nshe22" uid="3137687" lat="31.3904856" lon="120.9446430"/>
 <node id="3692779112" visible="true" version="1" changeset="33283261" timestamp="2015-08-12T06:03:48Z" user="KUNSHAN_nshe22" uid="3137687" lat="31.3904581" lon="120.9446560"/>
 <node id="3692779113" visible="true" version="1" changeset="33283261" timestamp="2015-08-12T06:03:48Z" user="KUNSHAN_nshe22" uid="3137687" lat="31.3904097" lon="120.9445150"/>
 <node id="3692779114" visible="true" version="1" changeset="33283261" timestamp="2015-08-12T06:03:48Z" user="KUNSHAN_nshe22" uid="3137687" lat="31.3923929" lon="120.9475817"/>
 <node id="3692779115" visible="true" version="1" changeset="33283261" timestamp="2015-08-12T06:03:48Z" user="KUNSHAN_nshe22" uid="3137687" lat="31.3923258" lon="120.9475110"/>
 <node id="3692779116" visible="true" version="1" changeset="33283261" timestamp="2015-08-12T06:03:48Z" user="KUNSHAN_nshe22" uid="3137687" lat="31.3922920" lon="120.9475550"/>
 <node id="3692779117" visible="true" version="1" changeset="33283261" timestamp="2015-08-12T06:03:48Z" user="KUNSHAN_nshe22" uid="3137687" lat="31.3923591" lon="120.9476257"/>
 <node id="3692779118" visible="true" version="1" changeset="33283261" timestamp="2015-08-12T06:03:48Z" user="KUNSHAN_nshe22" uid="3137687" lat="31.3917758" lon="120.9448001"/>
 <node id="3692779119" visible="true" version="1" changeset="33283261" timestamp="2015-08-12T06:03:48Z" user="KUNSHAN_nshe22" uid="3137687" lat="31.3918487" lon="120.9447932"/>
 <node id="3692779120" visible="true" version="1" changeset="33283261" timestamp="2015-08-12T06:03:48Z" user="KUNSHAN_nshe22" uid="3137687" lat="31.3918316" lon="120.9445454"/>
 <node id="3692779121" visible="true" version="1" changeset="33283261" timestamp="2015-08-12T06:03:48Z" user="KUNSHAN_nshe22" uid="3137687" lat="31.3917588" lon="120.9445522"/>
 <node id="3692779122" visible="true" version="1" changeset="33283261" timestamp="2015-08-12T06:03:48Z" user="KUNSHAN_nshe22" uid="3137687" lat="31.3916502" lon="120.9444043"/>
 <node id="3692779123" visible="true" version="1" changeset="33283261" timestamp="2015-08-12T06:03:48Z" user="KUNSHAN_nshe22" uid="3137687" lat="31.3916559" lon="120.9445379"/>
 <node id="3692779124" visible="true" version="1" changeset="33283261" timestamp="2015-08-12T06:03:49Z" user="KUNSHAN_nshe22" uid="3137687" lat="31.3915821" lon="120.9445422"/>
 <node id="3692779125" visible="true" version="1" changeset="33283261" timestamp="2015-08-12T06:03:49Z" user="KUNSHAN_nshe22" uid="3137687" lat="31.3915764" lon="120.9444087"/>
 <node id="3692779126" visible="true" version="1" changeset="33283261" timestamp="2015-08-12T06:03:49Z" user="KUNSHAN_nshe22" uid="3137687" lat="31.3916626" lon="120.9445833"/>
 <node id="3692779127" visible="true" version="1" changeset="33283261" timestamp="2015-08-12T06:03:49Z" user="KUNSHAN_nshe22" uid="3137687" lat="31.3916639" lon="120.9446464"/>
 <node id="3692779128" visible="true" version="1" changeset="33283261" timestamp="2015-08-12T06:03:49Z" user="KUNSHAN_nshe22" uid="3137687" lat="31.3916939" lon="120.9446456"/>
 <node id="3692779129" visible="true" version="1" changeset="33283261" timestamp="2015-08-12T06:03:49Z" user="KUNSHAN_nshe22" uid="3137687" lat="31.3916954" lon="120.9447199"/>
 <node id="3692779130" visible="true" version="1" changeset="33283261" timestamp="2015-08-12T06:03:49Z" user="KUNSHAN_nshe22" uid="3137687" lat="31.3916036" lon="120.9447224"/>
 <node id="3692779131" visible="true" version="1" changeset="33283261" timestamp="2015-08-12T06:03:49Z" user="KUNSHAN_nshe22" uid="3137687" lat="31.3916009" lon="120.9445850"/>
 <node id="3692779132" visible="true" version="1" changeset="33283261" timestamp="2015-08-12T06:03:49Z" user="KUNSHAN_nshe22" uid="3137687" lat="31.3916456" lon="120.9448045"/>
 <node id="3692779133" visible="true" version="1" changeset="33283261" timestamp="2015-08-12T06:03:49Z" user="KUNSHAN_nshe22" uid="3137687" lat="31.3916469" lon="120.9448814"/>
 <node id="3692779134" visible="true" version="1" changeset="33283261" timestamp="2015-08-12T06:03:49Z" user="KUNSHAN_nshe22" uid="3137687" lat="31.3915726" lon="120.9448831"/>
 <node id="3692779135" visible="true" version="1" changeset="33283261" timestamp="2015-08-12T06:03:49Z" user="KUNSHAN_nshe22" uid="3137687" lat="31.3915703" lon="120.9447487"/>
 <node id="3692779136" visible="true" version="1" changeset="33283261" timestamp="2015-08-12T06:03:49Z" user="KUNSHAN_nshe22" uid="3137687" lat="31.3917344" lon="120.9447449"/>
 <node id="3692779137" visible="true" version="1" changeset="33283261" timestamp="2015-08-12T06:03:49Z" user="KUNSHAN_nshe22" uid="3137687" lat="31.3917367" lon="120.9448791"/>
 <node id="3692779138" visible="true" version="1" changeset="33283261" timestamp="2015-08-12T06:03:49Z" user="KUNSHAN_nshe22" uid="3137687" lat="31.3917496" lon="120.9448787"/>
 <node id="3692779139" visible="true" version="1" changeset="33283261" timestamp="2015-08-12T06:03:49Z" user="KUNSHAN_nshe22" uid="3137687" lat="31.3917503" lon="120.9449164"/>
 <node id="3692779140" visible="true" version="1" changeset="33283261" timestamp="2015-08-12T06:03:49Z" user="KUNSHAN_nshe22" uid="3137687" lat="31.3916820" lon="120.9449180"/>
 <node id="3692779141" visible="true" version="1" changeset="33283261" timestamp="2015-08-12T06:03:49Z" user="KUNSHAN_nshe22" uid="3137687" lat="31.3916801" lon="120.9448037"/>
 <node id="3692779142" visible="true" version="1" changeset="33283261" timestamp="2015-08-12T06:03:49Z" user="KUNSHAN_nshe22" uid="3137687" lat="31.3917869" lon="120.9449801"/>
 <node id="3692779143" visible="true" version="1" changeset="33283261" timestamp="2015-08-12T06:03:49Z" user="KUNSHAN_nshe22" uid="3137687" lat="31.3917915" lon="120.9451213"/>
 <node id="3692779144" visible="true" version="1" changeset="33283261" timestamp="2015-08-12T06:03:49Z" user="KUNSHAN_nshe22" uid="3137687" lat="31.3916682" lon="120.9451267"/>
 <node id="3692779145" visible="true" version="1" changeset="33283261" timestamp="2015-08-12T06:03:49Z" user="KUNSHAN_nshe22" uid="3137687" lat="31.3916637" lon="120.9449856"/>
 <node id="3692779146" visible="true" version="1" changeset="33283261" timestamp="2015-08-12T06:03:49Z" user="KUNSHAN_nshe22" uid="3137687" lat="31.3917771" lon="120.9452322"/>
 <node id="3692779147" visible="true" version="1" changeset="33283261" timestamp="2015-08-12T06:03:49Z" user="KUNSHAN_nshe22" uid="3137687" lat="31.3917844" lon="120.9453466"/>
 <node id="3692779148" visible="true" version="1" changeset="33283261" timestamp="2015-08-12T06:03:49Z" user="KUNSHAN_nshe22" uid="3137687" lat="31.3917194" lon="120.9453523"/>
 <node id="3692779149" visible="true" version="1" changeset="33283261" timestamp="2015-08-12T06:03:49Z" user="KUNSHAN_nshe22" uid="3137687" lat="31.3917121" lon="120.9452380"/>
 <node id="3692779150" visible="true" version="1" changeset="33283261" timestamp="2015-08-12T06:03:49Z" user="KUNSHAN_nshe22" uid="3137687" lat="31.3930710" lon="120.9452777"/>
 <node id="3692779151" visible="true" version="1" changeset="33283261" timestamp="2015-08-12T06:03:49Z" user="KUNSHAN_nshe22" uid="3137687" lat="31.3931282" lon="120.9455619"/>
 <node id="3692779152" visible="true" version="1" changeset="33283261" timestamp="2015-08-12T06:03:49Z" user="KUNSHAN_nshe22" uid="3137687" lat="31.3930031" lon="120.9455965"/>
 <node id="3692779153" visible="true" version="1" changeset="33283261" timestamp="2015-08-12T06:03:49Z" user="KUNSHAN_nshe22" uid="3137687" lat="31.3929459" lon="120.9453123"/>
 <node id="3692779154" visible="true" version="1" changeset="33283261" timestamp="2015-08-12T06:03:49Z" user="KUNSHAN_nshe22" uid="3137687" lat="31.3931466" lon="120.9455985"/>
 <node id="3692779155" visible="true" version="1" changeset="33283261" timestamp="2015-08-12T06:03:49Z" user="KUNSHAN_nshe22" uid="3137687" lat="31.3931753" lon="120.9456616"/>
 <node id="3692779156" visible="true" version="1" changeset="33283261" timestamp="2015-08-12T06:03:49Z" user="KUNSHAN_nshe22" uid="3137687" lat="31.3931143" lon="120.9456934"/>
 <node id="3692779157" visible="true" version="1" changeset="33283261" timestamp="2015-08-12T06:03:49Z" user="KUNSHAN_nshe22" uid="3137687" lat="31.3930898" lon="120.9456274"/>
 <node id="3692779158" visible="true" version="1" changeset="33283261" timestamp="2015-08-12T06:03:49Z" user="KUNSHAN_nshe22" uid="3137687" lat="31.3915756" lon="120.9500902"/>
 <node id="3692779159" visible="true" version="1" changeset="33283261" timestamp="2015-08-12T06:03:49Z" user="KUNSHAN_nshe22" uid="3137687" lat="31.3915237" lon="120.9501099"/>
 <node id="3692779160" visible="true" version="1" changeset="33283261" timestamp="2015-08-12T06:03:49Z" user="KUNSHAN_nshe22" uid="3137687" lat="31.3914975" lon="120.9501483"/>
 <node id="3692779161" visible="true" version="1" changeset="33283261" timestamp="2015-08-12T06:03:49Z" user="KUNSHAN_nshe22" uid="3137687" lat="31.3915058" lon="120.9501849"/>
 <node id="3692779162" visible="true" version="1" changeset="33283261" timestamp="2015-08-12T06:03:49Z" user="KUNSHAN_nshe22" uid="3137687" lat="31.3915124" lon="120.9502114"/>
 <node id="3692779163" visible="true" version="1" changeset="33283261" timestamp="2015-08-12T06:03:49Z" user="KUNSHAN_nshe22" uid="3137687" lat="31.3915257" lon="120.9502596"/>
 <node id="3692779164" visible="true" version="1" changeset="33283261" timestamp="2015-08-12T06:03:49Z" user="KUNSHAN_nshe22" uid="3137687" lat="31.3914444" lon="120.9502905"/>
 <node id="3692779165" visible="true" version="1" changeset="33283261" timestamp="2015-08-12T06:03:49Z" user="KUNSHAN_nshe22" uid="3137687" lat="31.3913746" lon="120.9500379"/>
 <node id="3692779166" visible="true" version="1" changeset="33283261" timestamp="2015-08-12T06:03:49Z" user="KUNSHAN_nshe22" uid="3137687" lat="31.3915435" lon="120.9499739"/>
 <node id="3692779167" visible="true" version="1" changeset="33283261" timestamp="2015-08-12T06:03:49Z" user="KUNSHAN_nshe22" uid="3137687" lat="31.3912728" lon="120.9496896"/>
 <node id="3692779168" visible="true" version="1" changeset="33283261" timestamp="2015-08-12T06:03:49Z" user="KUNSHAN_nshe22" uid="3137687" lat="31.3913365" lon="120.9498992"/>
 <node id="3692779169" visible="true" version="1" changeset="33283261" timestamp="2015-08-12T06:03:49Z" user="KUNSHAN_nshe22" uid="3137687" lat="31.3912578" lon="120.9499320"/>
 <node id="3692779170" visible="true" version="1" changeset="33283261" timestamp="2015-08-12T06:03:49Z" user="KUNSHAN_nshe22" uid="3137687" lat="31.3911941" lon="120.9497224"/>
 <node id="3692779171" visible="true" version="1" changeset="33283261" timestamp="2015-08-12T06:03:49Z" user="KUNSHAN_nshe22" uid="3137687" lat="31.3911277" lon="120.9497407"/>
 <node id="3692779172" visible="true" version="1" changeset="33283261" timestamp="2015-08-12T06:03:49Z" user="KUNSHAN_nshe22" uid="3137687" lat="31.3911936" lon="120.9499250"/>
 <node id="3692779173" visible="true" version="1" changeset="33283261" timestamp="2015-08-12T06:03:49Z" user="KUNSHAN_nshe22" uid="3137687" lat="31.3911291" lon="120.9499566"/>
 <node id="3692779174" visible="true" version="1" changeset="33283261" timestamp="2015-08-12T06:03:49Z" user="KUNSHAN_nshe22" uid="3137687" lat="31.3910633" lon="120.9497723"/>
 <node id="3692779175" visible="true" version="1" changeset="33283261" timestamp="2015-08-12T06:03:49Z" user="KUNSHAN_nshe22" uid="3137687" lat="31.3910023" lon="120.9497994"/>
 <node id="3692779176" visible="true" version="1" changeset="33283261" timestamp="2015-08-12T06:03:49Z" user="KUNSHAN_nshe22" uid="3137687" lat="31.3910546" lon="120.9499783"/>
 <node id="3692779177" visible="true" version="1" changeset="33283261" timestamp="2015-08-12T06:03:49Z" user="KUNSHAN_nshe22" uid="3137687" lat="31.3909754" lon="120.9500138"/>
 <node id="3692779178" visible="true" version="1" changeset="33283261" timestamp="2015-08-12T06:03:49Z" user="KUNSHAN_nshe22" uid="3137687" lat="31.3909191" lon="120.9498328"/>
 <node id="3692779179" visible="true" version="1" changeset="33283261" timestamp="2015-08-12T06:03:49Z" user="KUNSHAN_nshe22" uid="3137687" lat="31.3908623" lon="120.9498579"/>
 <node id="3692779180" visible="true" version="1" changeset="33283261" timestamp="2015-08-12T06:03:49Z" user="KUNSHAN_nshe22" uid="3137687" lat="31.3909191" lon="120.9500369"/>
 <node id="3692779181" visible="true" version="1" changeset="33283261" timestamp="2015-08-12T06:03:49Z" user="KUNSHAN_nshe22" uid="3137687" lat="31.3908461" lon="120.9500687"/>
 <node id="3692779182" visible="true" version="1" changeset="33283261" timestamp="2015-08-12T06:03:49Z" user="KUNSHAN_nshe22" uid="3137687" lat="31.3907893" lon="120.9498897"/>
 <node id="3692779183" visible="true" version="1" changeset="33283261" timestamp="2015-08-12T06:03:49Z" user="KUNSHAN_nshe22" uid="3137687" lat="31.3907745" lon="120.9500529"/>
 <node id="3692779184" visible="true" version="1" changeset="33283261" timestamp="2015-08-12T06:03:49Z" user="KUNSHAN_nshe22" uid="3137687" lat="31.3906265" lon="120.9501135"/>
 <node id="3692779185" visible="true" version="1" changeset="33283261" timestamp="2015-08-12T06:03:49Z" user="KUNSHAN_nshe22" uid="3137687" lat="31.3905845" lon="120.9499727"/>
 <node id="3692779186" visible="true" version="1" changeset="33283261" timestamp="2015-08-12T06:03:49Z" user="KUNSHAN_nshe22" uid="3137687" lat="31.3907325" lon="120.9499122"/>
 <node id="3692779187" visible="true" version="1" changeset="33283261" timestamp="2015-08-12T06:03:49Z" user="KUNSHAN_nshe22" uid="3137687" lat="31.3905137" lon="120.9499889"/>
 <node id="3692779188" visible="true" version="1" changeset="33283261" timestamp="2015-08-12T06:03:49Z" user="KUNSHAN_nshe22" uid="3137687" lat="31.3905708" lon="120.9501542"/>
 <node id="3692779189" visible="true" version="1" changeset="33283261" timestamp="2015-08-12T06:03:49Z" user="KUNSHAN_nshe22" uid="3137687" lat="31.3906224" lon="120.9501298"/>
 <node id="3692779190" visible="true" version="1" changeset="33283261" timestamp="2015-08-12T06:03:49Z" user="KUNSHAN_nshe22" uid="3137687" lat="31.3905653" lon="120.9499645"/>
 <node id="3692779191" visible="true" version="1" changeset="33283261" timestamp="2015-08-12T06:03:49Z" user="KUNSHAN_nshe22" uid="3137687" lat="31.3904500" lon="120.9500249"/>
 <node id="3692779192" visible="true" version="1" changeset="33283261" timestamp="2015-08-12T06:03:50Z" user="KUNSHAN_nshe22" uid="3137687" lat="31.3904971" lon="120.9501736"/>
 <node id="3692779193" visible="true" version="1" changeset="33283261" timestamp="2015-08-12T06:03:50Z" user="KUNSHAN_nshe22" uid="3137687" lat="31.3904281" lon="120.9502036"/>
 <node id="3692779194" visible="true" version="1" changeset="33283261" timestamp="2015-08-12T06:03:50Z" user="KUNSHAN_nshe22" uid="3137687" lat="31.3903811" lon="120.9500549"/>
 <node id="3692779195" visible="true" version="1" changeset="33283261" timestamp="2015-08-12T06:03:50Z" user="KUNSHAN_nshe22" uid="3137687" lat="31.3903191" lon="120.9500947"/>
 <node id="3692779196" visible="true" version="1" changeset="33283261" timestamp="2015-08-12T06:03:50Z" user="KUNSHAN_nshe22" uid="3137687" lat="31.3903484" lon="120.9502028"/>
 <node id="3692779197" visible="true" version="1" changeset="33283261" timestamp="2015-08-12T06:03:50Z" user="KUNSHAN_nshe22" uid="3137687" lat="31.3902816" lon="120.9502276"/>
 <node id="3692779198" visible="true" version="1" changeset="33283261" timestamp="2015-08-12T06:03:50Z" user="KUNSHAN_nshe22" uid="3137687" lat="31.3902523" lon="120.9501196"/>
 <node id="3692779199" visible="true" version="1" changeset="33283261" timestamp="2015-08-12T06:03:50Z" user="KUNSHAN_nshe22" uid="3137687" lat="31.3901715" lon="120.9501565"/>
 <node id="3692779200" visible="true" version="1" changeset="33283261" timestamp="2015-08-12T06:03:50Z" user="KUNSHAN_nshe22" uid="3137687" lat="31.3902013" lon="120.9502471"/>
 <node id="3692779201" visible="true" version="1" changeset="33283261" timestamp="2015-08-12T06:03:50Z" user="KUNSHAN_nshe22" uid="3137687" lat="31.3901380" lon="120.9502757"/>
 <node id="3692779202" visible="true" version="1" changeset="33283261" timestamp="2015-08-12T06:03:50Z" user="KUNSHAN_nshe22" uid="3137687" lat="31.3901082" lon="120.9501851"/>
 <node id="3692779203" visible="true" version="1" changeset="33283261" timestamp="2015-08-12T06:03:50Z" user="KUNSHAN_nshe22" uid="3137687" lat="31.3900732" lon="120.9503089"/>
 <node id="3692779204" visible="true" version="1" changeset="33283261" timestamp="2015-08-12T06:03:50Z" user="KUNSHAN_nshe22" uid="3137687" lat="31.3900523" lon="120.9502472"/>
 <node id="3692779205" visible="true" version="1" changeset="33283261" timestamp="2015-08-12T06:03:50Z" user="KUNSHAN_nshe22" uid="3137687" lat="31.3901090" lon="120.9502210"/>
 <node id="3692779206" visible="true" version="1" changeset="33283261" timestamp="2015-08-12T06:03:50Z" user="KUNSHAN_nshe22" uid="3137687" lat="31.3901298" lon="120.9502827"/>
 <node id="3692779207" visible="true" version="1" changeset="33283261" timestamp="2015-08-12T06:03:50Z" user="KUNSHAN_nshe22" uid="3137687" lat="31.3900499" lon="120.9502764"/>
 <node id="3692779208" visible="true" version="1" changeset="33283261" timestamp="2015-08-12T06:03:50Z" user="KUNSHAN_nshe22" uid="3137687" lat="31.3900618" lon="120.9503164"/>
 <node id="3692779209" visible="true" version="1" changeset="33283261" timestamp="2015-08-12T06:03:50Z" user="KUNSHAN_nshe22" uid="3137687" lat="31.3900159" lon="120.9503351"/>
 <node id="3692779210" visible="true" version="1" changeset="33283261" timestamp="2015-08-12T06:03:50Z" user="KUNSHAN_nshe22" uid="3137687" lat="31.3900040" lon="120.9502952"/>
 <node id="3692779211" visible="true" version="1" changeset="33283261" timestamp="2015-08-12T06:03:50Z" user="KUNSHAN_nshe22" uid="3137687" lat="31.3909426" lon="120.9498584"/>
 <node id="3692779212" visible="true" version="1" changeset="33283261" timestamp="2015-08-12T06:03:50Z" user="KUNSHAN_nshe22" uid="3137687" lat="31.3909733" lon="120.9499536"/>
 <node id="3692779213" visible="true" version="1" changeset="33283261" timestamp="2015-08-12T06:03:50Z" user="KUNSHAN_nshe22" uid="3137687" lat="31.3909200" lon="120.9499784"/>
 <node id="3692779214" visible="true" version="1" changeset="33283261" timestamp="2015-08-12T06:03:50Z" user="KUNSHAN_nshe22" uid="3137687" lat="31.3908881" lon="120.9498825"/>
 <node id="3692779215" visible="true" version="1" changeset="33283261" timestamp="2015-08-12T06:03:50Z" user="KUNSHAN_nshe22" uid="3137687" lat="31.3909364" lon="120.9500306"/>
 <node id="3692779216" visible="true" version="1" changeset="33283261" timestamp="2015-08-12T06:03:50Z" user="KUNSHAN_nshe22" uid="3137687" lat="31.3909590" lon="120.9499616"/>
 <node id="3692779217" visible="true" version="1" changeset="33283261" timestamp="2015-08-12T06:03:50Z" user="KUNSHAN_nshe22" uid="3137687" lat="31.3914757" lon="120.9497507"/>
 <node id="3692779218" visible="true" version="1" changeset="33283261" timestamp="2015-08-12T06:03:50Z" user="KUNSHAN_nshe22" uid="3137687" lat="31.3915011" lon="120.9498326"/>
 <node id="3692779219" visible="true" version="1" changeset="33283261" timestamp="2015-08-12T06:03:50Z" user="KUNSHAN_nshe22" uid="3137687" lat="31.3914591" lon="120.9498505"/>
 <node id="3692779220" visible="true" version="1" changeset="33283261" timestamp="2015-08-12T06:03:50Z" user="KUNSHAN_nshe22" uid="3137687" lat="31.3914425" lon="120.9497968"/>
 <node id="3692779221" visible="true" version="1" changeset="33283261" timestamp="2015-08-12T06:03:50Z" user="KUNSHAN_nshe22" uid="3137687" lat="31.3913962" lon="120.9498166"/>
 <node id="3692779222" visible="true" version="1" changeset="33283261" timestamp="2015-08-12T06:03:50Z" user="KUNSHAN_nshe22" uid="3137687" lat="31.3914150" lon="120.9498768"/>
 <node id="3692779223" visible="true" version="1" changeset="33283261" timestamp="2015-08-12T06:03:50Z" user="KUNSHAN_nshe22" uid="3137687" lat="31.3913493" lon="120.9499048"/>
 <node id="3692779224" visible="true" version="1" changeset="33283261" timestamp="2015-08-12T06:03:50Z" user="KUNSHAN_nshe22" uid="3137687" lat="31.3912811" lon="120.9496853"/>
 <node id="3692779325" visible="true" version="1" changeset="33283261" timestamp="2015-08-12T06:03:50Z" user="KUNSHAN_nshe22" uid="3137687" lat="31.3913295" lon="120.9496646"/>
 <node id="3692779326" visible="true" version="1" changeset="33283261" timestamp="2015-08-12T06:03:50Z" user="KUNSHAN_nshe22" uid="3137687" lat="31.3913702" lon="120.9497957"/>
 <node id="3692779347" visible="true" version="1" changeset="33283261" timestamp="2015-08-12T06:03:50Z" user="KUNSHAN_nshe22" uid="3137687" lat="31.3896400" lon="120.9504421"/>
 <node id="3692779348" visible="true" version="1" changeset="33283261" timestamp="2015-08-12T06:03:50Z" user="KUNSHAN_nshe22" uid="3137687" lat="31.3896554" lon="120.9504964"/>
 <node id="3692779349" visible="true" version="1" changeset="33283261" timestamp="2015-08-12T06:03:50Z" user="KUNSHAN_nshe22" uid="3137687" lat="31.3894232" lon="120.9505871"/>
 <node id="3692779350" visible="true" version="1" changeset="33283261" timestamp="2015-08-12T06:03:50Z" user="KUNSHAN_nshe22" uid="3137687" lat="31.3894077" lon="120.9505328"/>
 <node id="3692779359" visible="true" version="1" changeset="33283261" timestamp="2015-08-12T06:03:50Z" user="KUNSHAN_nshe22" uid="3137687" lat="31.3896149" lon="120.9506332"/>
 <node id="3692779360" visible="true" version="1" changeset="33283261" timestamp="2015-08-12T06:03:50Z" user="KUNSHAN_nshe22" uid="3137687" lat="31.3896746" lon="120.9510905"/>
 <node id="3692779361" visible="true" version="1" changeset="33283261" timestamp="2015-08-12T06:03:50Z" user="KUNSHAN_nshe22" uid="3137687" lat="31.3895550" lon="120.9511119"/>
 <node id="3692779362" visible="true" version="1" changeset="33283261" timestamp="2015-08-12T06:03:50Z" user="KUNSHAN_nshe22" uid="3137687" lat="31.3894952" lon="120.9506546"/>
 <node id="3692779363" visible="true" version="1" changeset="33283261" timestamp="2015-08-12T06:03:50Z" user="KUNSHAN_nshe22" uid="3137687" lat="31.3896947" lon="120.9511053"/>
 <node id="3692779364" visible="true" version="1" changeset="33283261" timestamp="2015-08-12T06:03:50Z" user="KUNSHAN_nshe22" uid="3137687" lat="31.3897850" lon="120.9516108"/>
 <node id="3692779365" visible="true" version="1" changeset="33283261" timestamp="2015-08-12T06:03:50Z" user="KUNSHAN_nshe22" uid="3137687" lat="31.3896890" lon="120.9516344"/>
 <node id="3692779366" visible="true" version="1" changeset="33283261" timestamp="2015-08-12T06:03:51Z" user="KUNSHAN_nshe22" uid="3137687" lat="31.3895986" lon="120.9511289"/>
 <node id="3692779375" visible="true" version="1" changeset="33283261" timestamp="2015-08-12T06:03:51Z" user="KUNSHAN_nshe22" uid="3137687" lat="31.3895268" lon="120.9512689"/>
 <node id="3692779376" visible="true" version="1" changeset="33283261" timestamp="2015-08-12T06:03:51Z" user="KUNSHAN_nshe22" uid="3137687" lat="31.3895985" lon="120.9516781"/>
 <node id="3692779377" visible="true" version="1" changeset="33283261" timestamp="2015-08-12T06:03:51Z" user="KUNSHAN_nshe22" uid="3137687" lat="31.3894690" lon="120.9517092"/>
 <node id="3692779378" visible="true" version="1" changeset="33283261" timestamp="2015-08-12T06:03:51Z" user="KUNSHAN_nshe22" uid="3137687" lat="31.3894305" lon="120.9514891"/>
 <node id="3692779379" visible="true" version="1" changeset="33283261" timestamp="2015-08-12T06:03:51Z" user="KUNSHAN_nshe22" uid="3137687" lat="31.3894647" lon="120.9514809"/>
 <node id="3692779380" visible="true" version="1" changeset="33283261" timestamp="2015-08-12T06:03:51Z" user="KUNSHAN_nshe22" uid="3137687" lat="31.3894315" lon="120.9512918"/>
 <node id="3692779393" visible="true" version="1" changeset="33283261" timestamp="2015-08-12T06:03:51Z" user="KUNSHAN_nshe22" uid="3137687" lat="31.3898135" lon="120.9516784"/>
 <node id="3692779394" visible="true" version="1" changeset="33283261" timestamp="2015-08-12T06:03:51Z" user="KUNSHAN_nshe22" uid="3137687" lat="31.3898965" lon="120.9522024"/>
 <node id="3692779395" visible="true" version="1" changeset="33283261" timestamp="2015-08-12T06:03:51Z" user="KUNSHAN_nshe22" uid="3137687" lat="31.3897816" lon="120.9522274"/>
 <node id="3692779396" visible="true" version="1" changeset="33283261" timestamp="2015-08-12T06:03:51Z" user="KUNSHAN_nshe22" uid="3137687" lat="31.3896985" lon="120.9517034"/>
 <node id="3692779397" visible="true" version="1" changeset="33283261" timestamp="2015-08-12T06:03:51Z" user="KUNSHAN_nshe22" uid="3137687" lat="31.3895924" lon="120.9517613"/>
 <node id="3692779398" visible="true" version="1" changeset="33283261" timestamp="2015-08-12T06:03:51Z" user="KUNSHAN_nshe22" uid="3137687" lat="31.3896731" lon="120.9522709"/>
 <node id="3692779399" visible="true" version="1" changeset="33283261" timestamp="2015-08-12T06:03:51Z" user="KUNSHAN_nshe22" uid="3137687" lat="31.3895458" lon="120.9522986"/>
 <node id="3692779400" visible="true" version="1" changeset="33283261" timestamp="2015-08-12T06:03:51Z" user="KUNSHAN_nshe22" uid="3137687" lat="31.3894651" lon="120.9517890"/>
 <node id="3692779401" visible="true" version="1" changeset="33283261" timestamp="2015-08-12T06:03:51Z" user="KUNSHAN_nshe22" uid="3137687" lat="31.3899131" lon="120.9522536"/>
 <node id="3692779402" visible="true" version="1" changeset="33283261" timestamp="2015-08-12T06:03:51Z" user="KUNSHAN_nshe22" uid="3137687" lat="31.3897849" lon="120.9522807"/>
 <node id="3692779403" visible="true" version="1" changeset="33283261" timestamp="2015-08-12T06:03:51Z" user="KUNSHAN_nshe22" uid="3137687" lat="31.3898555" lon="120.9527393"/>
 <node id="3692779404" visible="true" version="1" changeset="33283261" timestamp="2015-08-12T06:03:51Z" user="KUNSHAN_nshe22" uid="3137687" lat="31.3899837" lon="120.9527122"/>
 <node id="3692779405" visible="true" version="1" changeset="33283261" timestamp="2015-08-12T06:03:51Z" user="KUNSHAN_nshe22" uid="3137687" lat="31.3896303" lon="120.9523300"/>
 <node id="3692779406" visible="true" version="1" changeset="33283261" timestamp="2015-08-12T06:03:51Z" user="KUNSHAN_nshe22" uid="3137687" lat="31.3894962" lon="120.9523598"/>
 <node id="3692779407" visible="true" version="1" changeset="33283261" timestamp="2015-08-12T06:03:51Z" user="KUNSHAN_nshe22" uid="3137687" lat="31.3895975" lon="120.9529851"/>
 <node id="3692779408" visible="true" version="1" changeset="33283261" timestamp="2015-08-12T06:03:51Z" user="KUNSHAN_nshe22" uid="3137687" lat="31.3897316" lon="120.9529553"/>
 <node id="3693142410" visible="true" version="1" changeset="33288125" timestamp="2015-08-12T10:38:02Z" user="KUNSHAN_MAHUR1" uid="3137659" lat="31.3922627" lon="120.9514599"/>
 <node id="3693142411" visible="true" version="1" changeset="33288125" timestamp="2015-08-12T10:38:02Z" user="KUNSHAN_MAHUR1" uid="3137659" lat="31.3923260" lon="120.9516711"/>
 <node id="3693142412" visible="true" version="1" changeset="33288125" timestamp="2015-08-12T10:38:02Z" user="KUNSHAN_MAHUR1" uid="3137659" lat="31.3922297" lon="120.9517141"/>
 <node id="3693142413" visible="true" version="1" changeset="33288125" timestamp="2015-08-12T10:38:02Z" user="KUNSHAN_MAHUR1" uid="3137659" lat="31.3921655" lon="120.9514999"/>
 <node id="3693142414" visible="true" version="1" changeset="33288125" timestamp="2015-08-12T10:38:02Z" user="KUNSHAN_MAHUR1" uid="3137659" lat="31.3924251" lon="120.9518881"/>
 <node id="3693142415" visible="true" version="1" changeset="33288125" timestamp="2015-08-12T10:38:02Z" user="KUNSHAN_MAHUR1" uid="3137659" lat="31.3923336" lon="120.9519289"/>
 <node id="3693142416" visible="true" version="1" changeset="33288125" timestamp="2015-08-12T10:38:02Z" user="KUNSHAN_MAHUR1" uid="3137659" lat="31.3924467" lon="120.9521348"/>
 <node id="3693142417" visible="true" version="1" changeset="33288125" timestamp="2015-08-12T10:38:02Z" user="KUNSHAN_MAHUR1" uid="3137659" lat="31.3923514" lon="120.9521741"/>
 <node id="3693142418" visible="true" version="1" changeset="33288125" timestamp="2015-08-12T10:38:02Z" user="KUNSHAN_MAHUR1" uid="3137659" lat="31.3923785" lon="120.9519073"/>
 <node id="3693142419" visible="true" version="1" changeset="33288125" timestamp="2015-08-12T10:38:02Z" user="KUNSHAN_MAHUR1" uid="3137659" lat="31.3923562" lon="120.9516587"/>
 <node id="3693142420" visible="true" version="1" changeset="33288125" timestamp="2015-08-12T10:38:02Z" user="KUNSHAN_MAHUR1" uid="3137659" lat="31.3922840" lon="120.9519493"/>
 <node id="3693142421" visible="true" version="1" changeset="33288125" timestamp="2015-08-12T10:38:02Z" user="KUNSHAN_MAHUR1" uid="3137659" lat="31.3922648" lon="120.9516996"/>
 <node id="3693345828" visible="true" version="1" changeset="33290598" timestamp="2015-08-12T12:36:52Z" user="KUNSHAN_nshe22" uid="3137687" lat="31.3913262" lon="120.9516515"/>
 <node id="3693345829" visible="true" version="1" changeset="33290598" timestamp="2015-08-12T12:36:52Z" user="KUNSHAN_nshe22" uid="3137687" lat="31.3913667" lon="120.9517242"/>
 <node id="3693345830" visible="true" version="1" changeset="33290598" timestamp="2015-08-12T12:36:52Z" user="KUNSHAN_nshe22" uid="3137687" lat="31.3914044" lon="120.9518695"/>
 <node id="3693345831" visible="true" version="1" changeset="33290598" timestamp="2015-08-12T12:36:52Z" user="KUNSHAN_nshe22" uid="3137687" lat="31.3913154" lon="120.9519453"/>
 <node id="3693345832" visible="true" version="1" changeset="33290598" timestamp="2015-08-12T12:36:52Z" user="KUNSHAN_nshe22" uid="3137687" lat="31.3910943" lon="120.9519580"/>
 <node id="3693345833" visible="true" version="1" changeset="33290598" timestamp="2015-08-12T12:36:52Z" user="KUNSHAN_nshe22" uid="3137687" lat="31.3910781" lon="120.9520022"/>
 <node id="3693345834" visible="true" version="1" changeset="33290598" timestamp="2015-08-12T12:36:52Z" user="KUNSHAN_nshe22" uid="3137687" lat="31.3908381" lon="120.9520780"/>
 <node id="3693345835" visible="true" version="1" changeset="33290598" timestamp="2015-08-12T12:36:52Z" user="KUNSHAN_nshe22" uid="3137687" lat="31.3907896" lon="120.9521191"/>
 <node id="3693345836" visible="true" version="1" changeset="33290598" timestamp="2015-08-12T12:36:52Z" user="KUNSHAN_nshe22" uid="3137687" lat="31.3907141" lon="120.9521001"/>
 <node id="3693345837" visible="true" version="1" changeset="33290598" timestamp="2015-08-12T12:36:52Z" user="KUNSHAN_nshe22" uid="3137687" lat="31.3904363" lon="120.9521412"/>
 <node id="3693345838" visible="true" version="1" changeset="33290598" timestamp="2015-08-12T12:36:52Z" user="KUNSHAN_nshe22" uid="3137687" lat="31.3903932" lon="120.9521791"/>
 <node id="3693345839" visible="true" version="1" changeset="33290598" timestamp="2015-08-12T12:36:52Z" user="KUNSHAN_nshe22" uid="3137687" lat="31.3902983" lon="120.9522122"/>
 <node id="3693345840" visible="true" version="1" changeset="33290598" timestamp="2015-08-12T12:36:52Z" user="KUNSHAN_nshe22" uid="3137687" lat="31.3902503" lon="120.9520233"/>
 <node id="3693345841" visible="true" version="1" changeset="33290598" timestamp="2015-08-12T12:36:52Z" user="KUNSHAN_nshe22" uid="3137687" lat="31.3904009" lon="120.9519708"/>
 <node id="3693345842" visible="true" version="1" changeset="33290598" timestamp="2015-08-12T12:36:52Z" user="KUNSHAN_nshe22" uid="3137687" lat="31.3904385" lon="120.9521188"/>
 <node id="3693345843" visible="true" version="1" changeset="33290598" timestamp="2015-08-12T12:36:52Z" user="KUNSHAN_nshe22" uid="3137687" lat="31.3905621" lon="120.9520757"/>
 <node id="3693345844" visible="true" version="1" changeset="33290598" timestamp="2015-08-12T12:36:52Z" user="KUNSHAN_nshe22" uid="3137687" lat="31.3905509" lon="120.9520315"/>
 <node id="3693345845" visible="true" version="1" changeset="33290598" timestamp="2015-08-12T12:36:52Z" user="KUNSHAN_nshe22" uid="3137687" lat="31.3905744" lon="120.9520234"/>
 <node id="3693345846" visible="true" version="1" changeset="33290598" timestamp="2015-08-12T12:36:52Z" user="KUNSHAN_nshe22" uid="3137687" lat="31.3905631" lon="120.9519789"/>
 <node id="3693345847" visible="true" version="1" changeset="33290598" timestamp="2015-08-12T12:36:52Z" user="KUNSHAN_nshe22" uid="3137687" lat="31.3905824" lon="120.9519722"/>
 <node id="3693345848" visible="true" version="1" changeset="33290598" timestamp="2015-08-12T12:36:52Z" user="KUNSHAN_nshe22" uid="3137687" lat="31.3905687" lon="120.9519183"/>
 <node id="3693345849" visible="true" version="1" changeset="33290598" timestamp="2015-08-12T12:36:52Z" user="KUNSHAN_nshe22" uid="3137687" lat="31.3906089" lon="120.9519042"/>
 <node id="3693345850" visible="true" version="1" changeset="33290598" timestamp="2015-08-12T12:36:52Z" user="KUNSHAN_nshe22" uid="3137687" lat="31.3906089" lon="120.9518632"/>
 <node id="3693530887" visible="true" version="1" changeset="33293005" timestamp="2015-08-12T14:20:24Z" user="KUNSHAN_nshe22" uid="3137687" lat="31.3902041" lon="120.9433770"/>
 <node id="3693530888" visible="true" version="1" changeset="33293005" timestamp="2015-08-12T14:20:24Z" user="KUNSHAN_nshe22" uid="3137687" lat="31.3901618" lon="120.9433274"/>
 <node id="3693530889" visible="true" version="1" changeset="33293005" timestamp="2015-08-12T14:20:24Z" user="KUNSHAN_nshe22" uid="3137687" lat="31.3900871" lon="120.9433132"/>
 <node id="3693530890" visible="true" version="1" changeset="33293005" timestamp="2015-08-12T14:20:24Z" user="KUNSHAN_nshe22" uid="3137687" lat="31.3900024" lon="120.9433392"/>
 <node id="3693530891" visible="true" version="1" changeset="33293005" timestamp="2015-08-12T14:20:24Z" user="KUNSHAN_nshe22" uid="3137687" lat="31.3900145" lon="120.9434314"/>
 <node id="3693530892" visible="true" version="1" changeset="33293005" timestamp="2015-08-12T14:20:24Z" user="KUNSHAN_nshe22" uid="3137687" lat="31.3900326" lon="120.9434787"/>
 <node id="3693530893" visible="true" version="1" changeset="33293005" timestamp="2015-08-12T14:20:24Z" user="KUNSHAN_nshe22" uid="3137687" lat="31.3900367" lon="120.9435401"/>
 <node id="3693530894" visible="true" version="1" changeset="33293005" timestamp="2015-08-12T14:20:24Z" user="KUNSHAN_nshe22" uid="3137687" lat="31.3900367" lon="120.9435827"/>
 <node id="3693530895" visible="true" version="1" changeset="33293005" timestamp="2015-08-12T14:20:24Z" user="KUNSHAN_nshe22" uid="3137687" lat="31.3900649" lon="120.9436229"/>
 <node id="3693530896" visible="true" version="1" changeset="33293005" timestamp="2015-08-12T14:20:24Z" user="KUNSHAN_nshe22" uid="3137687" lat="31.3901073" lon="120.9436229"/>
 <node id="3693530897" visible="true" version="1" changeset="33293005" timestamp="2015-08-12T14:20:24Z" user="KUNSHAN_nshe22" uid="3137687" lat="31.3901375" lon="120.9436039"/>
 <node id="3693530898" visible="true" version="1" changeset="33293005" timestamp="2015-08-12T14:20:24Z" user="KUNSHAN_nshe22" uid="3137687" lat="31.3901880" lon="120.9435614"/>
 <node id="3693530899" visible="true" version="1" changeset="33293005" timestamp="2015-08-12T14:20:24Z" user="KUNSHAN_nshe22" uid="3137687" lat="31.3902021" lon="120.9434952"/>
 <node id="3693530900" visible="true" version="1" changeset="33293005" timestamp="2015-08-12T14:20:24Z" user="KUNSHAN_nshe22" uid="3137687" lat="31.3902122" lon="120.9434338"/>
 <node id="3694409985" visible="true" version="1" changeset="33302351" timestamp="2015-08-12T23:13:55Z" user="KUNSHAN_MAHUR1" uid="3137659" lat="31.3931497" lon="120.9531679"/>
 <node id="3694409986" visible="true" version="1" changeset="33302351" timestamp="2015-08-12T23:13:55Z" user="KUNSHAN_MAHUR1" uid="3137659" lat="31.3931771" lon="120.9527002"/>
 <node id="3694409987" visible="true" version="1" changeset="33302351" timestamp="2015-08-12T23:13:55Z" user="KUNSHAN_MAHUR1" uid="3137659" lat="31.3922798" lon="120.9529890"/>
 <node id="3694409988" visible="true" version="1" changeset="33302351" timestamp="2015-08-12T23:13:55Z" user="KUNSHAN_MAHUR1" uid="3137659" lat="31.3922915" lon="120.9530386"/>
 <node id="3694409989" visible="true" version="1" changeset="33302351" timestamp="2015-08-12T23:13:55Z" user="KUNSHAN_MAHUR1" uid="3137659" lat="31.3924200" lon="120.9529973"/>
 <node id="3694409990" visible="true" version="1" changeset="33302351" timestamp="2015-08-12T23:13:55Z" user="KUNSHAN_MAHUR1" uid="3137659" lat="31.3923783" lon="120.9531132"/>
 <node id="3694409991" visible="true" version="1" changeset="33302351" timestamp="2015-08-12T23:13:55Z" user="KUNSHAN_MAHUR1" uid="3137659" lat="31.3923731" lon="120.9532250"/>
 <node id="3694409992" visible="true" version="1" changeset="33302351" timestamp="2015-08-12T23:13:55Z" user="KUNSHAN_MAHUR1" uid="3137659" lat="31.3924252" lon="120.9533876"/>
 <node id="3694409993" visible="true" version="1" changeset="33302351" timestamp="2015-08-12T23:13:55Z" user="KUNSHAN_MAHUR1" uid="3137659" lat="31.3925085" lon="120.9534628"/>
 <node id="3694409994" visible="true" version="1" changeset="33302351" timestamp="2015-08-12T23:13:55Z" user="KUNSHAN_MAHUR1" uid="3137659" lat="31.3925883" lon="120.9534790"/>
 <node id="3694409995" visible="true" version="1" changeset="33302351" timestamp="2015-08-12T23:13:55Z" user="KUNSHAN_MAHUR1" uid="3137659" lat="31.3930203" lon="120.9533530"/>
 <node id="3694409996" visible="true" version="1" changeset="33302351" timestamp="2015-08-12T23:13:55Z" user="KUNSHAN_MAHUR1" uid="3137659" lat="31.3930984" lon="120.9532595"/>
 <node id="3694409997" visible="true" version="1" changeset="33302351" timestamp="2015-08-12T23:13:55Z" user="KUNSHAN_MAHUR1" uid="3137659" lat="31.3931383" lon="120.9531071"/>
 <node id="3694409998" visible="true" version="1" changeset="33302351" timestamp="2015-08-12T23:13:55Z" user="KUNSHAN_MAHUR1" uid="3137659" lat="31.3931158" lon="120.9529831"/>
 <node id="3694409999" visible="true" version="1" changeset="33302351" timestamp="2015-08-12T23:13:55Z" user="KUNSHAN_MAHUR1" uid="3137659" lat="31.3930759" lon="120.9528936"/>
 <node id="3694410000" visible="true" version="1" changeset="33302351" timestamp="2015-08-12T23:13:55Z" user="KUNSHAN_MAHUR1" uid="3137659" lat="31.3929926" lon="120.9528265"/>
 <node id="3694410001" visible="true" version="1" changeset="33302351" timestamp="2015-08-12T23:13:55Z" user="KUNSHAN_MAHUR1" uid="3137659" lat="31.3931917" lon="120.9527625"/>
 <node id="3694410002" visible="true" version="1" changeset="33302351" timestamp="2015-08-12T23:13:55Z" user="KUNSHAN_MAHUR1" uid="3137659" lat="31.3917465" lon="120.9517443"/>
 <node id="3694410003" visible="true" version="1" changeset="33302351" timestamp="2015-08-12T23:13:55Z" user="KUNSHAN_MAHUR1" uid="3137659" lat="31.3918728" lon="120.9522461"/>
 <node id="3694410004" visible="true" version="1" changeset="33302351" timestamp="2015-08-12T23:13:55Z" user="KUNSHAN_MAHUR1" uid="3137659" lat="31.3918201" lon="120.9522643"/>
 <node id="3694410005" visible="true" version="1" changeset="33302351" timestamp="2015-08-12T23:13:55Z" user="KUNSHAN_MAHUR1" uid="3137659" lat="31.3918775" lon="120.9524922"/>
 <node id="3694410006" visible="true" version="1" changeset="33302351" timestamp="2015-08-12T23:13:55Z" user="KUNSHAN_MAHUR1" uid="3137659" lat="31.3919006" lon="120.9524842"/>
 <node id="3694410007" visible="true" version="1" changeset="33302351" timestamp="2015-08-12T23:13:55Z" user="KUNSHAN_MAHUR1" uid="3137659" lat="31.3919400" lon="120.9526408"/>
 <node id="3694410008" visible="true" version="1" changeset="33302351" timestamp="2015-08-12T23:13:55Z" user="KUNSHAN_MAHUR1" uid="3137659" lat="31.3918664" lon="120.9526662"/>
 <node id="3694410009" visible="true" version="1" changeset="33302351" timestamp="2015-08-12T23:13:55Z" user="KUNSHAN_MAHUR1" uid="3137659" lat="31.3918452" lon="120.9525821"/>
 <node id="3694410010" visible="true" version="1" changeset="33302351" timestamp="2015-08-12T23:13:55Z" user="KUNSHAN_MAHUR1" uid="3137659" lat="31.3917866" lon="120.9526023"/>
 <node id="3694410011" visible="true" version="1" changeset="33302351" timestamp="2015-08-12T23:13:55Z" user="KUNSHAN_MAHUR1" uid="3137659" lat="31.3917112" lon="120.9523028"/>
 <node id="3694410012" visible="true" version="1" changeset="33302351" timestamp="2015-08-12T23:13:55Z" user="KUNSHAN_MAHUR1" uid="3137659" lat="31.3917533" lon="120.9522882"/>
 <node id="3694410013" visible="true" version="1" changeset="33302351" timestamp="2015-08-12T23:13:55Z" user="KUNSHAN_MAHUR1" uid="3137659" lat="31.3916267" lon="120.9517856"/>
 <node id="3694410014" visible="true" version="1" changeset="33302351" timestamp="2015-08-12T23:13:55Z" user="KUNSHAN_MAHUR1" uid="3137659" lat="31.3915279" lon="120.9514758"/>
 <node id="3694410015" visible="true" version="1" changeset="33302351" timestamp="2015-08-12T23:13:55Z" user="KUNSHAN_MAHUR1" uid="3137659" lat="31.3916034" lon="120.9517543"/>
 <node id="3694410016" visible="true" version="1" changeset="33302351" timestamp="2015-08-12T23:13:55Z" user="KUNSHAN_MAHUR1" uid="3137659" lat="31.3914978" lon="120.9517935"/>
 <node id="3694410017" visible="true" version="1" changeset="33302351" timestamp="2015-08-12T23:13:55Z" user="KUNSHAN_MAHUR1" uid="3137659" lat="31.3914223" lon="120.9515150"/>
 <node id="3694410018" visible="true" version="1" changeset="33302351" timestamp="2015-08-12T23:13:55Z" user="KUNSHAN_MAHUR1" uid="3137659" lat="31.3920275" lon="120.9516658"/>
 <node id="3694410019" visible="true" version="1" changeset="33302351" timestamp="2015-08-12T23:13:55Z" user="KUNSHAN_MAHUR1" uid="3137659" lat="31.3921593" lon="120.9521373"/>
 <node id="3694410020" visible="true" version="1" changeset="33302351" timestamp="2015-08-12T23:13:55Z" user="KUNSHAN_MAHUR1" uid="3137659" lat="31.3920557" lon="120.9521771"/>
 <node id="3694410021" visible="true" version="1" changeset="33302351" timestamp="2015-08-12T23:13:55Z" user="KUNSHAN_MAHUR1" uid="3137659" lat="31.3919240" lon="120.9517055"/>
 <node id="3694410022" visible="true" version="1" changeset="33302351" timestamp="2015-08-12T23:13:55Z" user="KUNSHAN_MAHUR1" uid="3137659" lat="31.3920250" lon="120.9513958"/>
 <node id="3694410023" visible="true" version="1" changeset="33302351" timestamp="2015-08-12T23:13:55Z" user="KUNSHAN_MAHUR1" uid="3137659" lat="31.3920722" lon="120.9515689"/>
 <node id="3694410024" visible="true" version="1" changeset="33302351" timestamp="2015-08-12T23:13:55Z" user="KUNSHAN_MAHUR1" uid="3137659" lat="31.3917636" lon="120.9516845"/>
 <node id="3694410625" visible="true" version="1" changeset="33302351" timestamp="2015-08-12T23:13:55Z" user="KUNSHAN_MAHUR1" uid="3137659" lat="31.3917164" lon="120.9515115"/>
 <node id="3694410630" visible="true" version="2" changeset="167374000" timestamp="2025-06-09T00:04:02Z" user="Maps Man" uid="10216874" lat="31.3928923" lon="120.9504071"/>
 <node id="3694410631" visible="true" version="2" changeset="167374000" timestamp="2025-06-09T00:04:02Z" user="Maps Man" uid="10216874" lat="31.3929777" lon="120.9506867"/>
 <node id="3694410632" visible="true" version="2" changeset="167374000" timestamp="2025-06-09T00:04:02Z" user="Maps Man" uid="10216874" lat="31.3928455" lon="120.9507421"/>
 <node id="3694410633" visible="true" version="2" changeset="167374000" timestamp="2025-06-09T00:04:02Z" user="Maps Man" uid="10216874" lat="31.3927601" lon="120.9504625"/>
 <node id="3694424083" visible="true" version="1" changeset="33302417" timestamp="2015-08-12T23:24:10Z" user="KUNSHAN_MAHUR1" uid="3137659" lat="31.3909588" lon="120.9526846"/>
 <node id="3694424084" visible="true" version="1" changeset="33302417" timestamp="2015-08-12T23:24:10Z" user="KUNSHAN_MAHUR1" uid="3137659" lat="31.3909914" lon="120.9528228"/>
 <node id="3694424085" visible="true" version="1" changeset="33302417" timestamp="2015-08-12T23:24:10Z" user="KUNSHAN_MAHUR1" uid="3137659" lat="31.3908893" lon="120.9528558"/>
 <node id="3694424086" visible="true" version="1" changeset="33302417" timestamp="2015-08-12T23:24:10Z" user="KUNSHAN_MAHUR1" uid="3137659" lat="31.3908567" lon="120.9527176"/>
 <node id="3694440490" visible="true" version="1" changeset="33302504" timestamp="2015-08-12T23:33:49Z" user="KUNSHAN_MAHUR1" uid="3137659" lat="31.3922776" lon="120.9586477"/>
 <node id="3694440498" visible="true" version="1" changeset="33302504" timestamp="2015-08-12T23:33:49Z" user="KUNSHAN_MAHUR1" uid="3137659" lat="31.3922783" lon="120.9589115"/>
 <node id="3694456720" visible="true" version="1" changeset="33302857" timestamp="2015-08-13T00:27:21Z" user="KUNSHAN_Sam" uid="3126748" lat="31.3917186" lon="120.9599347"/>
 <node id="3694456721" visible="true" version="1" changeset="33302857" timestamp="2015-08-13T00:27:21Z" user="KUNSHAN_Sam" uid="3126748" lat="31.3917593" lon="120.9604700"/>
 <node id="3694461146" visible="true" version="1" changeset="33302893" timestamp="2015-08-13T00:34:44Z" user="KUNSHAN_Sam" uid="3126748" lat="31.3917503" lon="120.9687947"/>
 <node id="3694464502" visible="true" version="1" changeset="33302935" timestamp="2015-08-13T00:44:59Z" user="KUNSHAN_MAHUR1" uid="3137659" lat="31.3873832" lon="120.9511396"/>
 <node id="3694465444" visible="true" version="1" changeset="33302952" timestamp="2015-08-13T00:51:10Z" user="KUNSHAN_MAHUR1" uid="3137659" lat="31.3915795" lon="120.9502572"/>
 <node id="3694465445" visible="true" version="1" changeset="33302952" timestamp="2015-08-13T00:51:10Z" user="KUNSHAN_MAHUR1" uid="3137659" lat="31.3915795" lon="120.9506331"/>
 <node id="3694465446" visible="true" version="1" changeset="33302952" timestamp="2015-08-13T00:51:10Z" user="KUNSHAN_MAHUR1" uid="3137659" lat="31.3916873" lon="120.9509227"/>
 <node id="3694465447" visible="true" version="1" changeset="33302952" timestamp="2015-08-13T00:51:10Z" user="KUNSHAN_MAHUR1" uid="3137659" lat="31.3918819" lon="120.9512431"/>
 <node id="3694465448" visible="true" version="1" changeset="33302952" timestamp="2015-08-13T00:51:10Z" user="KUNSHAN_MAHUR1" uid="3137659" lat="31.3920818" lon="120.9513633"/>
 <node id="3694465449" visible="true" version="1" changeset="33302952" timestamp="2015-08-13T00:51:10Z" user="KUNSHAN_MAHUR1" uid="3137659" lat="31.3922817" lon="120.9513910"/>
 <node id="3694465450" visible="true" version="1" changeset="33302952" timestamp="2015-08-13T00:51:10Z" user="KUNSHAN_MAHUR1" uid="3137659" lat="31.3924106" lon="120.9514865"/>
 <node id="3694465451" visible="true" version="1" changeset="33302952" timestamp="2015-08-13T00:51:10Z" user="KUNSHAN_MAHUR1" uid="3137659" lat="31.3924921" lon="120.9516930"/>
 <node id="3694465452" visible="true" version="1" changeset="33302952" timestamp="2015-08-13T00:51:10Z" user="KUNSHAN_MAHUR1" uid="3137659" lat="31.3926983" lon="120.9524208"/>
 <node id="3694465453" visible="true" version="1" changeset="33302952" timestamp="2015-08-13T00:51:10Z" user="KUNSHAN_MAHUR1" uid="3137659" lat="31.3902608" lon="120.9535545"/>
 <node id="3694465454" visible="true" version="1" changeset="33302952" timestamp="2015-08-13T00:51:10Z" user="KUNSHAN_MAHUR1" uid="3137659" lat="31.3918321" lon="120.9530831"/>
 <node id="3694465455" visible="true" version="1" changeset="33302952" timestamp="2015-08-13T00:51:10Z" user="KUNSHAN_MAHUR1" uid="3137659" lat="31.3915545" lon="120.9519081"/>
 <node id="3694465456" visible="true" version="1" changeset="33302952" timestamp="2015-08-13T00:51:10Z" user="KUNSHAN_MAHUR1" uid="3137659" lat="31.3917565" lon="120.9527628"/>
 <node id="3694465457" visible="true" version="1" changeset="33302952" timestamp="2015-08-13T00:51:10Z" user="KUNSHAN_MAHUR1" uid="3137659" lat="31.3929544" lon="120.9523244"/>
 <node id="3694465458" visible="true" version="2" changeset="115860615" timestamp="2022-01-07T03:53:23Z" user="神諭者" uid="6591408" lat="31.3923446" lon="120.9497385"/>
 <node id="3694465761" visible="true" version="1" changeset="33302957" timestamp="2015-08-13T00:53:32Z" user="KUNSHAN_MAHUR1" uid="3137659" lat="31.3904442" lon="120.9547982"/>
 <node id="3694465763" visible="true" version="1" changeset="33302957" timestamp="2015-08-13T00:53:32Z" user="KUNSHAN_MAHUR1" uid="3137659" lat="31.3905725" lon="120.9556743"/>
 <node id="3694547229" visible="true" version="1" changeset="33303655" timestamp="2015-08-13T02:42:06Z" user="KUNSHAN_MAHUR1" uid="3137659" lat="31.3904496" lon="120.9587067"/>
 <node id="3720776512" visible="true" version="1" changeset="33674772" timestamp="2015-08-30T02:01:10Z" user="KUNSHAN_Sam" uid="3126748" lat="31.3891214" lon="120.9428141"/>
 <node id="3720776513" visible="true" version="1" changeset="33674772" timestamp="2015-08-30T02:01:10Z" user="KUNSHAN_Sam" uid="3126748" lat="31.3892166" lon="120.9430883"/>
 <node id="3721610515" visible="true" version="1" changeset="33684645" timestamp="2015-08-30T15:14:23Z" user="KUNSHAN_Sam" uid="3126748" lat="31.3955951" lon="120.9485387"/>
 <node id="3721610516" visible="true" version="2" changeset="89544893" timestamp="2020-08-18T03:15:48Z" user="IjRiver" uid="10811276" lat="31.3953212" lon="120.9487197"/>
 <node id="4189969765" visible="true" version="1" changeset="39356593" timestamp="2016-05-16T16:18:51Z" user="DannyAiquipa" uid="2226712" lat="31.3960034" lon="120.9533574"/>
 <node id="4711089962" visible="true" version="1" changeset="46484785" timestamp="2017-03-01T04:55:44Z" user="Kate Diaz" uid="4803527" lat="31.3955557" lon="120.9520499"/>
 <node id="4711089963" visible="true" version="1" changeset="46484785" timestamp="2017-03-01T04:55:44Z" user="Kate Diaz" uid="4803527" lat="31.3954287" lon="120.9521003"/>
 <node id="4711089964" visible="true" version="1" changeset="46484785" timestamp="2017-03-01T04:55:44Z" user="Kate Diaz" uid="4803527" lat="31.3954441" lon="120.9521513"/>
 <node id="4711089965" visible="true" version="1" changeset="46484785" timestamp="2017-03-01T04:55:44Z" user="Kate Diaz" uid="4803527" lat="31.3955706" lon="120.9520989"/>
 <node id="5467194841" visible="true" version="1" changeset="57031262" timestamp="2018-03-09T12:41:51Z" user="JamesDHMok" uid="7682626" lat="31.3715552" lon="120.9417798"/>
 <node id="7769726742" visible="true" version="1" changeset="88728756" timestamp="2020-07-30T11:02:17Z" user="IjRiver" uid="10811276" lat="31.3873532" lon="120.9465598"/>
 <node id="7799917635" visible="true" version="1" changeset="89174995" timestamp="2020-08-10T05:12:03Z" user="Blachernae" uid="10652845" lat="31.3897368" lon="120.9504738"/>
 <node id="7799917636" visible="true" version="1" changeset="89174995" timestamp="2020-08-10T05:12:03Z" user="Blachernae" uid="10652845" lat="31.3897597" lon="120.9505999"/>
 <node id="8009681935" visible="true" version="2" changeset="134940968" timestamp="2023-04-15T13:40:49Z" user="shanhulittle" uid="11213533" lat="31.3881651" lon="120.9513038"/>
 <node id="8260651352" visible="true" version="1" changeset="96436725" timestamp="2020-12-25T22:48:19Z" user="lorenzo23622" uid="476483" lat="31.3968618" lon="120.9331712"/>
 <node id="8260651353" visible="true" version="1" changeset="96436725" timestamp="2020-12-25T22:48:19Z" user="lorenzo23622" uid="476483" lat="31.3970496" lon="120.9333936"/>
 <node id="8260651354" visible="true" version="1" changeset="96436725" timestamp="2020-12-25T22:48:19Z" user="lorenzo23622" uid="476483" lat="31.3970524" lon="120.9331514"/>
 <node id="8260655599" visible="true" version="1" changeset="96436567" timestamp="2020-12-25T22:37:06Z" user="lorenzo23622" uid="476483" lat="31.3952836" lon="120.9522628"/>
 <node id="8260655600" visible="true" version="1" changeset="96436567" timestamp="2020-12-25T22:37:06Z" user="lorenzo23622" uid="476483" lat="31.3951240" lon="120.9515080"/>
 <node id="8260655601" visible="true" version="1" changeset="96436567" timestamp="2020-12-25T22:37:06Z" user="lorenzo23622" uid="476483" lat="31.3948654" lon="120.9518650"/>
 <node id="8260655602" visible="true" version="2" changeset="134940968" timestamp="2023-04-15T13:40:49Z" user="shanhulittle" uid="11213533" lat="31.3967933" lon="120.9486500"/>
 <node id="8260655607" visible="true" version="1" changeset="96436567" timestamp="2020-12-25T22:37:06Z" user="lorenzo23622" uid="476483" lat="31.3953823" lon="120.9489228"/>
 <node id="8260655608" visible="true" version="1" changeset="96436567" timestamp="2020-12-25T22:37:06Z" user="lorenzo23622" uid="476483" lat="31.3948826" lon="120.9490392"/>
 <node id="8260655609" visible="true" version="1" changeset="96436567" timestamp="2020-12-25T22:37:06Z" user="lorenzo23622" uid="476483" lat="31.3944476" lon="120.9491545"/>
 <node id="8260655610" visible="true" version="1" changeset="96436567" timestamp="2020-12-25T22:37:06Z" user="lorenzo23622" uid="476483" lat="31.3938042" lon="120.9493450"/>
 <node id="8260655611" visible="true" version="1" changeset="96436567" timestamp="2020-12-25T22:37:06Z" user="lorenzo23622" uid="476483" lat="31.3937574" lon="120.9492898"/>
 <node id="8260655612" visible="true" version="1" changeset="96436567" timestamp="2020-12-25T22:37:06Z" user="lorenzo23622" uid="476483" lat="31.3952713" lon="120.9488851"/>
 <node id="8260655613" visible="true" version="1" changeset="96436567" timestamp="2020-12-25T22:37:06Z" user="lorenzo23622" uid="476483" lat="31.3949785" lon="120.9489449"/>
 <node id="8260655617" visible="true" version="1" changeset="96436567" timestamp="2020-12-25T22:37:06Z" user="lorenzo23622" uid="476483" lat="31.3921397" lon="120.9506737"/>
 <node id="8260655618" visible="true" version="1" changeset="96436567" timestamp="2020-12-25T22:37:06Z" user="lorenzo23622" uid="476483" lat="31.3927088" lon="120.9515559"/>
 <node id="8260655619" visible="true" version="1" changeset="96436567" timestamp="2020-12-25T22:37:06Z" user="lorenzo23622" uid="476483" lat="31.3928025" lon="120.9518567"/>
 <node id="8260655620" visible="true" version="1" changeset="96436567" timestamp="2020-12-25T22:37:06Z" user="lorenzo23622" uid="476483" lat="31.3928962" lon="120.9521372"/>
 <node id="8260655621" visible="true" version="1" changeset="96436567" timestamp="2020-12-25T22:37:06Z" user="lorenzo23622" uid="476483" lat="31.3929309" lon="120.9522348"/>
 <node id="8260655622" visible="true" version="1" changeset="96436567" timestamp="2020-12-25T22:37:06Z" user="lorenzo23622" uid="476483" lat="31.3930038" lon="120.9522673"/>
 <node id="8260655623" visible="true" version="1" changeset="96436567" timestamp="2020-12-25T22:37:06Z" user="lorenzo23622" uid="476483" lat="31.3930767" lon="120.9522470"/>
 <node id="8260655624" visible="true" version="1" changeset="96436567" timestamp="2020-12-25T22:37:06Z" user="lorenzo23622" uid="476483" lat="31.3931495" lon="120.9522104"/>
 <node id="8260655625" visible="true" version="1" changeset="96436567" timestamp="2020-12-25T22:37:06Z" user="lorenzo23622" uid="476483" lat="31.3933855" lon="120.9518608"/>
 <node id="8260655626" visible="true" version="1" changeset="96436567" timestamp="2020-12-25T22:37:06Z" user="lorenzo23622" uid="476483" lat="31.3928858" lon="120.9511412"/>
 <node id="8260655627" visible="true" version="1" changeset="96436567" timestamp="2020-12-25T22:37:06Z" user="lorenzo23622" uid="476483" lat="31.3921605" lon="120.9501126"/>
 <node id="8260655628" visible="true" version="1" changeset="96436567" timestamp="2020-12-25T22:37:06Z" user="lorenzo23622" uid="476483" lat="31.3920251" lon="120.9499582"/>
 <node id="8260655629" visible="true" version="2" changeset="134940968" timestamp="2023-04-15T13:40:49Z" user="shanhulittle" uid="11213533" lat="31.3919581" lon="120.9498962"/>
 <node id="8260655630" visible="true" version="1" changeset="96436567" timestamp="2020-12-25T22:37:06Z" user="lorenzo23622" uid="476483" lat="31.3924242" lon="120.9511148"/>
 <node id="8283958847" visible="true" version="2" changeset="115860615" timestamp="2022-01-07T03:53:23Z" user="神諭者" uid="6591408" lat="31.3890580" lon="120.9420167"/>
 <node id="8283958848" visible="true" version="2" changeset="115860615" timestamp="2022-01-07T03:53:23Z" user="神諭者" uid="6591408" lat="31.3888257" lon="120.9413541"/>
 <node id="9343568232" visible="true" version="1" changeset="115006155" timestamp="2021-12-16T12:02:05Z" user="神諭者" uid="6591408" lat="31.3919672" lon="120.9461103"/>
 <node id="9343568233" visible="true" version="1" changeset="115006155" timestamp="2021-12-16T12:02:05Z" user="神諭者" uid="6591408" lat="31.3916855" lon="120.9456994"/>
 <node id="9343568234" visible="true" version="1" changeset="115006155" timestamp="2021-12-16T12:02:05Z" user="神諭者" uid="6591408" lat="31.3914356" lon="120.9446408"/>
 <node id="9343568235" visible="true" version="1" changeset="115006155" timestamp="2021-12-16T12:02:05Z" user="神諭者" uid="6591408" lat="31.3915526" lon="120.9435263"/>
 <node id="9343568236" visible="true" version="1" changeset="115006155" timestamp="2021-12-16T12:02:05Z" user="神諭者" uid="6591408" lat="31.3917865" lon="120.9425487"/>
 <node id="9343568237" visible="true" version="1" changeset="115006155" timestamp="2021-12-16T12:02:05Z" user="神諭者" uid="6591408" lat="31.3919619" lon="120.9421439"/>
 <node id="9343568238" visible="true" version="1" changeset="115006155" timestamp="2021-12-16T12:02:05Z" user="神諭者" uid="6591408" lat="31.3923020" lon="120.9417952"/>
 <node id="9343568239" visible="true" version="1" changeset="115006155" timestamp="2021-12-16T12:02:05Z" user="神諭者" uid="6591408" lat="31.3929664" lon="120.9418139"/>
 <node id="9343568240" visible="true" version="1" changeset="115006155" timestamp="2021-12-16T12:02:05Z" user="神諭者" uid="6591408" lat="31.3937690" lon="120.9422062"/>
 <node id="9343568241" visible="true" version="1" changeset="115006155" timestamp="2021-12-16T12:02:05Z" user="神諭者" uid="6591408" lat="31.3942155" lon="120.9427230"/>
 <node id="9343568242" visible="true" version="1" changeset="115006155" timestamp="2021-12-16T12:02:05Z" user="神諭者" uid="6591408" lat="31.3943856" lon="120.9433145"/>
 <node id="9343568243" visible="true" version="1" changeset="115006155" timestamp="2021-12-16T12:02:05Z" user="神諭者" uid="6591408" lat="31.3941889" lon="120.9438936"/>
 <node id="9343568244" visible="true" version="1" changeset="115006155" timestamp="2021-12-16T12:02:05Z" user="神諭者" uid="6591408" lat="31.3938434" lon="120.9444852"/>
 <node id="9343568245" visible="true" version="1" changeset="115006155" timestamp="2021-12-16T12:02:05Z" user="神諭者" uid="6591408" lat="31.3936574" lon="120.9449273"/>
 <node id="9343568246" visible="true" version="1" changeset="115006155" timestamp="2021-12-16T12:02:05Z" user="神諭者" uid="6591408" lat="31.3937424" lon="120.9455499"/>
 <node id="9343568247" visible="true" version="1" changeset="115006155" timestamp="2021-12-16T12:02:05Z" user="神諭者" uid="6591408" lat="31.3940773" lon="120.9461228"/>
 <node id="9343568248" visible="true" version="1" changeset="115006155" timestamp="2021-12-16T12:02:05Z" user="神諭者" uid="6591408" lat="31.3944281" lon="120.9464528"/>
 <node id="9343568249" visible="true" version="1" changeset="115006155" timestamp="2021-12-16T12:02:05Z" user="神諭者" uid="6591408" lat="31.3946992" lon="120.9466085"/>
 <node id="9343568250" visible="true" version="1" changeset="115006155" timestamp="2021-12-16T12:02:05Z" user="神諭者" uid="6591408" lat="31.3949118" lon="120.9469322"/>
 <node id="9343568251" visible="true" version="1" changeset="115006155" timestamp="2021-12-16T12:02:05Z" user="神諭者" uid="6591408" lat="31.3950872" lon="120.9472187"/>
 <node id="9343568252" visible="true" version="1" changeset="115006155" timestamp="2021-12-16T12:02:05Z" user="神諭者" uid="6591408" lat="31.3949968" lon="120.9476234"/>
 <node id="9343568253" visible="true" version="1" changeset="115006155" timestamp="2021-12-16T12:02:05Z" user="神諭者" uid="6591408" lat="31.3947842" lon="120.9478911"/>
 <node id="9343568254" visible="true" version="1" changeset="115006155" timestamp="2021-12-16T12:02:05Z" user="神諭者" uid="6591408" lat="31.3944547" lon="120.9479223"/>
 <node id="9343568255" visible="true" version="1" changeset="115006155" timestamp="2021-12-16T12:02:05Z" user="神諭者" uid="6591408" lat="31.3940986" lon="120.9477355"/>
 <node id="9343568256" visible="true" version="1" changeset="115006155" timestamp="2021-12-16T12:02:05Z" user="神諭者" uid="6591408" lat="31.3936840" lon="120.9473557"/>
 <node id="9343568257" visible="true" version="1" changeset="115006155" timestamp="2021-12-16T12:02:05Z" user="神諭者" uid="6591408" lat="31.3931525" lon="120.9469073"/>
 <node id="9343568258" visible="true" version="1" changeset="115006155" timestamp="2021-12-16T12:02:05Z" user="神諭者" uid="6591408" lat="31.3927645" lon="120.9466956"/>
 <node id="9343568259" visible="true" version="1" changeset="115006155" timestamp="2021-12-16T12:02:05Z" user="神諭者" uid="6591408" lat="31.3924668" lon="120.9464839"/>
 <node id="9343568260" visible="true" version="1" changeset="115006155" timestamp="2021-12-16T12:02:05Z" user="神諭者" uid="6591408" lat="31.3942819" lon="120.9478600"/>
 <node id="9398233412" visible="true" version="1" changeset="115860615" timestamp="2022-01-07T03:53:23Z" user="神諭者" uid="6591408" lat="31.3894258" lon="120.9430321"/>
 <node id="9398233413" visible="true" version="1" changeset="115860615" timestamp="2022-01-07T03:53:23Z" user="神諭者" uid="6591408" lat="31.3906834" lon="120.9467209"/>
 <node id="9398233414" visible="true" version="1" changeset="115860615" timestamp="2022-01-07T03:53:23Z" user="神諭者" uid="6591408" lat="31.3893598" lon="120.9430642"/>
 <node id="9398233415" visible="true" version="1" changeset="115860615" timestamp="2022-01-07T03:53:23Z" user="神諭者" uid="6591408" lat="31.3906332" lon="120.9467775"/>
 <node id="9398233416" visible="true" version="1" changeset="115860615" timestamp="2022-01-07T03:53:23Z" user="神諭者" uid="6591408" lat="31.3900977" lon="120.9451253"/>
 <node id="9398253517" visible="true" version="1" changeset="115860615" timestamp="2022-01-07T03:53:23Z" user="神諭者" uid="6591408" lat="31.3915306" lon="120.9492530"/>
 <node id="9398253518" visible="true" version="2" changeset="134940968" timestamp="2023-04-15T13:40:49Z" user="shanhulittle" uid="11213533" lat="31.3918712" lon="120.9499209"/>
 <node id="9398253519" visible="true" version="1" changeset="115860615" timestamp="2022-01-07T03:53:23Z" user="神諭者" uid="6591408" lat="31.3925004" lon="120.9507984"/>
 <node id="9398253520" visible="true" version="1" changeset="115860615" timestamp="2022-01-07T03:53:23Z" user="神諭者" uid="6591408" lat="31.3915175" lon="120.9494850"/>
 <node id="9398253521" visible="true" version="1" changeset="115860615" timestamp="2022-01-07T03:53:23Z" user="神諭者" uid="6591408" lat="31.3916541" lon="120.9497354"/>
 <node id="9398253522" visible="true" version="1" changeset="115860615" timestamp="2022-01-07T03:53:23Z" user="神諭者" uid="6591408" lat="31.3920210" lon="120.9503311"/>
 <node id="9398253523" visible="true" version="1" changeset="115860615" timestamp="2022-01-07T03:53:23Z" user="神諭者" uid="6591408" lat="31.3924112" lon="120.9508762"/>
 <node id="9398253524" visible="true" version="1" changeset="115860615" timestamp="2022-01-07T03:53:23Z" user="神諭者" uid="6591408" lat="31.3916457" lon="120.9500212"/>
 <node id="9398253525" visible="true" version="1" changeset="115860615" timestamp="2022-01-07T03:53:23Z" user="神諭者" uid="6591408" lat="31.3929282" lon="120.9515933"/>
 <node id="9398253526" visible="true" version="1" changeset="115860615" timestamp="2022-01-07T03:53:23Z" user="神諭者" uid="6591408" lat="31.3931944" lon="120.9519742"/>
 <node id="9398253527" visible="true" version="1" changeset="115860615" timestamp="2022-01-07T03:53:23Z" user="神諭者" uid="6591408" lat="31.3933065" lon="120.9521924"/>
 <node id="9398253528" visible="true" version="1" changeset="115860615" timestamp="2022-01-07T03:53:23Z" user="神諭者" uid="6591408" lat="31.3933826" lon="120.9523528"/>
 <node id="9398253529" visible="true" version="1" changeset="115860615" timestamp="2022-01-07T03:53:23Z" user="神諭者" uid="6591408" lat="31.3935252" lon="120.9527069"/>
 <node id="9398253530" visible="true" version="1" changeset="115860615" timestamp="2022-01-07T03:53:23Z" user="神諭者" uid="6591408" lat="31.3936297" lon="120.9531322"/>
 <node id="9398253531" visible="true" version="1" changeset="115860615" timestamp="2022-01-07T03:53:23Z" user="神諭者" uid="6591408" lat="31.3937134" lon="120.9535331"/>
 <node id="9398253532" visible="true" version="1" changeset="115860615" timestamp="2022-01-07T03:53:23Z" user="神諭者" uid="6591408" lat="31.3937457" lon="120.9538894"/>
 <node id="9398253533" visible="true" version="1" changeset="115860615" timestamp="2022-01-07T03:53:23Z" user="神諭者" uid="6591408" lat="31.3937571" lon="120.9544128"/>
 <node id="9398253534" visible="true" version="1" changeset="115860615" timestamp="2022-01-07T03:53:23Z" user="神諭者" uid="6591408" lat="31.3937381" lon="120.9548136"/>
 <node id="9398253535" visible="true" version="1" changeset="115860615" timestamp="2022-01-07T03:53:23Z" user="神諭者" uid="6591408" lat="31.3937001" lon="120.9553325"/>
 <node id="9398253536" visible="true" version="1" changeset="115860615" timestamp="2022-01-07T03:53:23Z" user="神諭者" uid="6591408" lat="31.3935727" lon="120.9566020"/>
 <node id="9398253539" visible="true" version="1" changeset="115860615" timestamp="2022-01-07T03:53:23Z" user="神諭者" uid="6591408" lat="31.3930070" lon="120.9515400"/>
 <node id="9398253540" visible="true" version="1" changeset="115860615" timestamp="2022-01-07T03:53:23Z" user="神諭者" uid="6591408" lat="31.3932541" lon="120.9518785"/>
 <node id="9398253541" visible="true" version="1" changeset="115860615" timestamp="2022-01-07T03:53:23Z" user="神諭者" uid="6591408" lat="31.3934709" lon="120.9522994"/>
 <node id="9398253542" visible="true" version="1" changeset="115860615" timestamp="2022-01-07T03:53:23Z" user="神諭者" uid="6591408" lat="31.3935963" lon="120.9526201"/>
 <node id="9398253543" visible="true" version="1" changeset="115860615" timestamp="2022-01-07T03:53:23Z" user="神諭者" uid="6591408" lat="31.3937503" lon="120.9531591"/>
 <node id="9398253544" visible="true" version="1" changeset="115860615" timestamp="2022-01-07T03:53:23Z" user="神諭者" uid="6591408" lat="31.3938035" lon="120.9534953"/>
 <node id="9398253545" visible="true" version="1" changeset="115860615" timestamp="2022-01-07T03:53:23Z" user="神諭者" uid="6591408" lat="31.3938511" lon="120.9538762"/>
 <node id="9398253546" visible="true" version="1" changeset="115860615" timestamp="2022-01-07T03:53:23Z" user="神諭者" uid="6591408" lat="31.3938549" lon="120.9544173"/>
 <node id="9398253547" visible="true" version="1" changeset="115860615" timestamp="2022-01-07T03:53:23Z" user="神諭者" uid="6591408" lat="31.3938378" lon="120.9549541"/>
 <node id="9398253548" visible="true" version="1" changeset="115860615" timestamp="2022-01-07T03:53:23Z" user="神諭者" uid="6591408" lat="31.3938054" lon="120.9553416"/>
 <node id="9398253549" visible="true" version="1" changeset="115860615" timestamp="2022-01-07T03:53:23Z" user="神諭者" uid="6591408" lat="31.3936705" lon="120.9566221"/>
 <node id="9884263534" visible="true" version="2" changeset="158418657" timestamp="2024-10-27T15:36:50Z" user="First3h" uid="17132058" lat="31.3845984" lon="120.9521755"/>
 <node id="9898320545" visible="true" version="1" changeset="123824553" timestamp="2022-07-19T21:08:04Z" user="Wood32" uid="11693767" lat="31.3904443" lon="120.9478049"/>
 <node id="9898320546" visible="true" version="1" changeset="123824553" timestamp="2022-07-19T21:08:04Z" user="Wood32" uid="11693767" lat="31.3901987" lon="120.9479055"/>
 <node id="9898320547" visible="true" version="1" changeset="123824553" timestamp="2022-07-19T21:08:04Z" user="Wood32" uid="11693767" lat="31.3902477" lon="120.9480515"/>
 <node id="9898320548" visible="true" version="1" changeset="123824553" timestamp="2022-07-19T21:08:04Z" user="Wood32" uid="11693767" lat="31.3904904" lon="120.9479563"/>
 <node id="10206346733" visible="true" version="1" changeset="129178331" timestamp="2022-11-21T04:14:47Z" user="shanhulittle" uid="11213533" lat="31.4053498" lon="120.9420195"/>
 <node id="10206346735" visible="true" version="1" changeset="129178331" timestamp="2022-11-21T04:14:47Z" user="shanhulittle" uid="11213533" lat="31.3948111" lon="120.9425229"/>
 <node id="10206346736" visible="true" version="1" changeset="129178331" timestamp="2022-11-21T04:14:47Z" user="shanhulittle" uid="11213533" lat="31.3969409" lon="120.9424138"/>
 <node id="10206346737" visible="true" version="1" changeset="129178331" timestamp="2022-11-21T04:14:47Z" user="shanhulittle" uid="11213533" lat="31.4000294" lon="120.9422609"/>
 <node id="10206346738" visible="true" version="1" changeset="129178331" timestamp="2022-11-21T04:14:47Z" user="shanhulittle" uid="11213533" lat="31.4038778" lon="120.9420973"/>
 <node id="10814425999" visible="true" version="1" changeset="134941356" timestamp="2023-04-15T13:52:30Z" user="shanhulittle" uid="11213533" lat="31.3994280" lon="120.9501993"/>
 <node id="10814485909" visible="true" version="1" changeset="134940968" timestamp="2023-04-15T13:40:49Z" user="shanhulittle" uid="11213533" lat="31.3995091" lon="120.9501216"/>
 <node id="10814485960" visible="true" version="1" changeset="134940968" timestamp="2023-04-15T13:40:49Z" user="shanhulittle" uid="11213533" lat="31.3887431" lon="120.9473137"/>
 <node id="10814485961" visible="true" version="1" changeset="134940968" timestamp="2023-04-15T13:40:49Z" user="shanhulittle" uid="11213533" lat="31.3880209" lon="120.9477103"/>
 <node id="10814485962" visible="true" version="1" changeset="134940968" timestamp="2023-04-15T13:40:49Z" user="shanhulittle" uid="11213533" lat="31.3880044" lon="120.9485004"/>
 <node id="10814485963" visible="true" version="1" changeset="134940968" timestamp="2023-04-15T13:40:49Z" user="shanhulittle" uid="11213533" lat="31.3879056" lon="120.9491447"/>
 <node id="10814485964" visible="true" version="1" changeset="134940968" timestamp="2023-04-15T13:40:49Z" user="shanhulittle" uid="11213533" lat="31.3878870" lon="120.9494212"/>
 <node id="10814485965" visible="true" version="1" changeset="134940968" timestamp="2023-04-15T13:40:49Z" user="shanhulittle" uid="11213533" lat="31.3883910" lon="120.9493638"/>
 <node id="10814485966" visible="true" version="1" changeset="134940968" timestamp="2023-04-15T13:40:49Z" user="shanhulittle" uid="11213533" lat="31.3884157" lon="120.9496113"/>
 <node id="10814485967" visible="true" version="1" changeset="134940968" timestamp="2023-04-15T13:40:49Z" user="shanhulittle" uid="11213533" lat="31.3895864" lon="120.9496007"/>
 <node id="10814485969" visible="true" version="1" changeset="134940968" timestamp="2023-04-15T13:40:49Z" user="shanhulittle" uid="11213533" lat="31.3896748" lon="120.9496069"/>
 <node id="10814485970" visible="true" version="1" changeset="134940968" timestamp="2023-04-15T13:40:49Z" user="shanhulittle" uid="11213533" lat="31.3898843" lon="120.9494969"/>
 <node id="10814485971" visible="true" version="1" changeset="134940968" timestamp="2023-04-15T13:40:49Z" user="shanhulittle" uid="11213533" lat="31.3899029" lon="120.9494540"/>
 <node id="10814485972" visible="true" version="1" changeset="134940968" timestamp="2023-04-15T13:40:49Z" user="shanhulittle" uid="11213533" lat="31.3900594" lon="120.9493879"/>
 <node id="10814485973" visible="true" version="1" changeset="134940968" timestamp="2023-04-15T13:40:49Z" user="shanhulittle" uid="11213533" lat="31.3900273" lon="120.9488415"/>
 <node id="10814485974" visible="true" version="1" changeset="134940968" timestamp="2023-04-15T13:40:49Z" user="shanhulittle" uid="11213533" lat="31.3905911" lon="120.9475512"/>
 <node id="10814485975" visible="true" version="1" changeset="134940968" timestamp="2023-04-15T13:40:49Z" user="shanhulittle" uid="11213533" lat="31.3905681" lon="120.9476544"/>
 <node id="10814485976" visible="true" version="1" changeset="134940968" timestamp="2023-04-15T13:40:49Z" user="shanhulittle" uid="11213533" lat="31.3907895" lon="120.9483681"/>
 <node id="10814485977" visible="true" version="1" changeset="134940968" timestamp="2023-04-15T13:40:49Z" user="shanhulittle" uid="11213533" lat="31.3908711" lon="120.9489492"/>
 <node id="10814485978" visible="true" version="1" changeset="134940968" timestamp="2023-04-15T13:40:49Z" user="shanhulittle" uid="11213533" lat="31.3902185" lon="120.9492675"/>
 <node id="10814485979" visible="true" version="1" changeset="134940968" timestamp="2023-04-15T13:40:49Z" user="shanhulittle" uid="11213533" lat="31.3905487" lon="120.9491079"/>
 <node id="10814485980" visible="true" version="1" changeset="134940968" timestamp="2023-04-15T13:40:49Z" user="shanhulittle" uid="11213533" lat="31.3900861" lon="120.9489219"/>
 <node id="10814485981" visible="true" version="1" changeset="134940968" timestamp="2023-04-15T13:40:49Z" user="shanhulittle" uid="11213533" lat="31.3901358" lon="120.9490434"/>
 <node id="10814485995" visible="true" version="1" changeset="134940968" timestamp="2023-04-15T13:40:49Z" user="shanhulittle" uid="11213533" lat="31.3877950" lon="120.9509982"/>
 <node id="10814486014" visible="true" version="1" changeset="134940968" timestamp="2023-04-15T13:40:49Z" user="shanhulittle" uid="11213533" lat="31.3896791" lon="120.9500328"/>
 <node id="10814486015" visible="true" version="1" changeset="134940968" timestamp="2023-04-15T13:40:49Z" user="shanhulittle" uid="11213533" lat="31.3905969" lon="120.9495731"/>
 <node id="10814486016" visible="true" version="1" changeset="134940968" timestamp="2023-04-15T13:40:49Z" user="shanhulittle" uid="11213533" lat="31.3966950" lon="120.9414512"/>
 <node id="10814486017" visible="true" version="1" changeset="134940968" timestamp="2023-04-15T13:40:49Z" user="shanhulittle" uid="11213533" lat="31.3967091" lon="120.9414141"/>
 <node id="10814486110" visible="true" version="1" changeset="134940968" timestamp="2023-04-15T13:40:49Z" user="shanhulittle" uid="11213533" lat="31.3980287" lon="120.9483720"/>
 <node id="10814486114" visible="true" version="1" changeset="134940968" timestamp="2023-04-15T13:40:49Z" user="shanhulittle" uid="11213533" lat="31.3967852" lon="120.9485954"/>
 <node id="10814486115" visible="true" version="1" changeset="134940968" timestamp="2023-04-15T13:40:49Z" user="shanhulittle" uid="11213533" lat="31.3964291" lon="120.9486480"/>
 <node id="10814486116" visible="true" version="1" changeset="134940968" timestamp="2023-04-15T13:40:49Z" user="shanhulittle" uid="11213533" lat="31.3961226" lon="120.9486931"/>
 <node id="10814486117" visible="true" version="1" changeset="134940968" timestamp="2023-04-15T13:40:49Z" user="shanhulittle" uid="11213533" lat="31.3953911" lon="120.9488172"/>
 <node id="10814486118" visible="true" version="1" changeset="134940968" timestamp="2023-04-15T13:40:49Z" user="shanhulittle" uid="11213533" lat="31.3947910" lon="120.9489544"/>
 <node id="10814486119" visible="true" version="1" changeset="134940968" timestamp="2023-04-15T13:40:49Z" user="shanhulittle" uid="11213533" lat="31.3943492" lon="120.9490728"/>
 <node id="10814486120" visible="true" version="1" changeset="134940968" timestamp="2023-04-15T13:40:49Z" user="shanhulittle" uid="11213533" lat="31.3937588" lon="120.9492494"/>
 <node id="10814486121" visible="true" version="1" changeset="134940968" timestamp="2023-04-15T13:40:49Z" user="shanhulittle" uid="11213533" lat="31.3945685" lon="120.9490117"/>
 <node id="10814486122" visible="true" version="1" changeset="134940968" timestamp="2023-04-15T13:40:49Z" user="shanhulittle" uid="11213533" lat="31.3969618" lon="120.9486210"/>
 <node id="10814486123" visible="true" version="1" changeset="134940968" timestamp="2023-04-15T13:40:49Z" user="shanhulittle" uid="11213533" lat="31.3972232" lon="120.9485925"/>
 <node id="10814486124" visible="true" version="1" changeset="134940968" timestamp="2023-04-15T13:40:49Z" user="shanhulittle" uid="11213533" lat="31.3976044" lon="120.9485167"/>
 <node id="10814486125" visible="true" version="1" changeset="134940968" timestamp="2023-04-15T13:40:49Z" user="shanhulittle" uid="11213533" lat="31.3918219" lon="120.9498482"/>
 <node id="10814486126" visible="true" version="1" changeset="134940968" timestamp="2023-04-15T13:40:49Z" user="shanhulittle" uid="11213533" lat="31.3919384" lon="120.9496905"/>
 <node id="10814486127" visible="true" version="1" changeset="134940968" timestamp="2023-04-15T13:40:49Z" user="shanhulittle" uid="11213533" lat="31.3919124" lon="120.9496107"/>
 <node id="10814486128" visible="true" version="1" changeset="134940968" timestamp="2023-04-15T13:40:49Z" user="shanhulittle" uid="11213533" lat="31.3917847" lon="120.9496879"/>
 <node id="10814486129" visible="true" version="2" changeset="140460977" timestamp="2023-08-27T17:04:31Z" user="ParadoX_ZLWC" uid="2507347" lat="31.3917539" lon="120.9495942"/>
 <node id="10814486130" visible="true" version="1" changeset="134940968" timestamp="2023-04-15T13:40:49Z" user="shanhulittle" uid="11213533" lat="31.3917330" lon="120.9498862"/>
 <node id="10814486131" visible="true" version="1" changeset="134940968" timestamp="2023-04-15T13:40:49Z" user="shanhulittle" uid="11213533" lat="31.3955897" lon="120.9484841"/>
 <node id="10814486132" visible="true" version="1" changeset="134940968" timestamp="2023-04-15T13:40:49Z" user="shanhulittle" uid="11213533" lat="31.3954159" lon="120.9485425"/>
 <node id="10814486133" visible="true" version="1" changeset="134940968" timestamp="2023-04-15T13:40:49Z" user="shanhulittle" uid="11213533" lat="31.3951867" lon="120.9486488"/>
 <node id="10814486134" visible="true" version="1" changeset="134940968" timestamp="2023-04-15T13:40:49Z" user="shanhulittle" uid="11213533" lat="31.3949644" lon="120.9487472"/>
 <node id="10814486135" visible="true" version="1" changeset="134940968" timestamp="2023-04-15T13:40:49Z" user="shanhulittle" uid="11213533" lat="31.3947557" lon="120.9488136"/>
 <node id="10814486136" visible="true" version="1" changeset="134940968" timestamp="2023-04-15T13:40:49Z" user="shanhulittle" uid="11213533" lat="31.3944970" lon="120.9489173"/>
 <node id="10814486137" visible="true" version="1" changeset="134940968" timestamp="2023-04-15T13:40:49Z" user="shanhulittle" uid="11213533" lat="31.3942656" lon="120.9489864"/>
 <node id="10814486138" visible="true" version="1" changeset="134940968" timestamp="2023-04-15T13:40:49Z" user="shanhulittle" uid="11213533" lat="31.3927521" lon="120.9493771"/>
 <node id="10814486139" visible="true" version="1" changeset="134940968" timestamp="2023-04-15T13:40:49Z" user="shanhulittle" uid="11213533" lat="31.3924072" lon="120.9494914"/>
 <node id="10814486140" visible="true" version="1" changeset="134940968" timestamp="2023-04-15T13:40:49Z" user="shanhulittle" uid="11213533" lat="31.3919905" lon="120.9496880"/>
 <node id="10814486141" visible="true" version="1" changeset="134940968" timestamp="2023-04-15T13:40:49Z" user="shanhulittle" uid="11213533" lat="31.3915518" lon="120.9499034"/>
 <node id="10814486142" visible="true" version="1" changeset="134940968" timestamp="2023-04-15T13:40:49Z" user="shanhulittle" uid="11213533" lat="31.3906088" lon="120.9502782"/>
 <node id="10814486143" visible="true" version="1" changeset="134940968" timestamp="2023-04-15T13:40:49Z" user="shanhulittle" uid="11213533" lat="31.3901641" lon="120.9503952"/>
 <node id="10814486144" visible="true" version="1" changeset="134940968" timestamp="2023-04-15T13:40:49Z" user="shanhulittle" uid="11213533" lat="31.3898827" lon="120.9504589"/>
 <node id="10814486145" visible="true" version="1" changeset="134940968" timestamp="2023-04-15T13:40:49Z" user="shanhulittle" uid="11213533" lat="31.3895038" lon="120.9506291"/>
 <node id="10814486146" visible="true" version="1" changeset="134940968" timestamp="2023-04-15T13:40:49Z" user="shanhulittle" uid="11213533" lat="31.3889344" lon="120.9508470"/>
 <node id="10814486147" visible="true" version="1" changeset="134940968" timestamp="2023-04-15T13:40:49Z" user="shanhulittle" uid="11213533" lat="31.3887823" lon="120.9509321"/>
 <node id="10814486148" visible="true" version="1" changeset="134940968" timestamp="2023-04-15T13:40:49Z" user="shanhulittle" uid="11213533" lat="31.3883671" lon="120.9512138"/>
 <node id="10814486149" visible="true" version="1" changeset="134940968" timestamp="2023-04-15T13:40:49Z" user="shanhulittle" uid="11213533" lat="31.3882514" lon="120.9512776"/>
 <node id="10814486150" visible="true" version="2" changeset="167374000" timestamp="2025-06-09T00:04:02Z" user="Maps Man" uid="10216874" lat="31.3944118" lon="120.9489806"/>
 <node id="10814486151" visible="true" version="1" changeset="134940968" timestamp="2023-04-15T13:40:49Z" user="shanhulittle" uid="11213533" lat="31.3943879" lon="120.9488956"/>
 <node id="11036634392" visible="true" version="1" changeset="138319100" timestamp="2023-07-10T04:34:19Z" user="serySky" uid="19819528" lat="31.3903693" lon="120.9535877"/>
 <node id="11036634393" visible="true" version="1" changeset="138319100" timestamp="2023-07-10T04:34:19Z" user="serySky" uid="19819528" lat="31.3905641" lon="120.9546500"/>
 <node id="11148569493" visible="true" version="1" changeset="140460977" timestamp="2023-08-27T17:04:31Z" user="ParadoX_ZLWC" uid="2507347" lat="31.3922433" lon="120.9488616"/>
 <node id="11148569494" visible="true" version="1" changeset="140460977" timestamp="2023-08-27T17:04:31Z" user="ParadoX_ZLWC" uid="2507347" lat="31.3923922" lon="120.9492893"/>
 <node id="11148569495" visible="true" version="1" changeset="140460977" timestamp="2023-08-27T17:04:31Z" user="ParadoX_ZLWC" uid="2507347" lat="31.3916050" lon="120.9491664"/>
 <node id="11148569496" visible="true" version="1" changeset="140460977" timestamp="2023-08-27T17:04:31Z" user="ParadoX_ZLWC" uid="2507347" lat="31.3918366" lon="120.9492068"/>
 <node id="11148569497" visible="true" version="1" changeset="140460977" timestamp="2023-08-27T17:04:31Z" user="ParadoX_ZLWC" uid="2507347" lat="31.3918225" lon="120.9492133"/>
 <node id="11148569498" visible="true" version="1" changeset="140460977" timestamp="2023-08-27T17:04:31Z" user="ParadoX_ZLWC" uid="2507347" lat="31.3918784" lon="120.9493785"/>
 <node id="11148569499" visible="true" version="1" changeset="140460977" timestamp="2023-08-27T17:04:31Z" user="ParadoX_ZLWC" uid="2507347" lat="31.3918925" lon="120.9493719"/>
 <node id="11148569500" visible="true" version="1" changeset="140460977" timestamp="2023-08-27T17:04:31Z" user="ParadoX_ZLWC" uid="2507347" lat="31.3921164" lon="120.9490788"/>
 <node id="11148569501" visible="true" version="1" changeset="140460977" timestamp="2023-08-27T17:04:31Z" user="ParadoX_ZLWC" uid="2507347" lat="31.3921024" lon="120.9490853"/>
 <node id="11148569502" visible="true" version="1" changeset="140460977" timestamp="2023-08-27T17:04:31Z" user="ParadoX_ZLWC" uid="2507347" lat="31.3921582" lon="120.9492505"/>
 <node id="11148569503" visible="true" version="1" changeset="140460977" timestamp="2023-08-27T17:04:31Z" user="ParadoX_ZLWC" uid="2507347" lat="31.3921723" lon="120.9492439"/>
 <node id="11148569504" visible="true" version="1" changeset="140460977" timestamp="2023-08-27T17:04:31Z" user="ParadoX_ZLWC" uid="2507347" lat="31.3935087" lon="120.9478396"/>
 <node id="11148594205" visible="true" version="1" changeset="140460977" timestamp="2023-08-27T17:04:31Z" user="ParadoX_ZLWC" uid="2507347" lat="31.3926008" lon="120.9489444"/>
 <node id="11148594206" visible="true" version="1" changeset="140460977" timestamp="2023-08-27T17:04:31Z" user="ParadoX_ZLWC" uid="2507347" lat="31.3923205" lon="120.9490833"/>
 <node id="11148594207" visible="true" version="1" changeset="140460977" timestamp="2023-08-27T17:04:31Z" user="ParadoX_ZLWC" uid="2507347" lat="31.3929155" lon="120.9476823"/>
 <node id="11148594208" visible="true" version="1" changeset="140460977" timestamp="2023-08-27T17:04:31Z" user="ParadoX_ZLWC" uid="2507347" lat="31.3930179" lon="120.9477940"/>
 <node id="11148594209" visible="true" version="1" changeset="140460977" timestamp="2023-08-27T17:04:31Z" user="ParadoX_ZLWC" uid="2507347" lat="31.3929574" lon="120.9478700"/>
 <node id="11148594210" visible="true" version="1" changeset="140460977" timestamp="2023-08-27T17:04:31Z" user="ParadoX_ZLWC" uid="2507347" lat="31.3928551" lon="120.9477584"/>
 <node id="11148594211" visible="true" version="1" changeset="140460977" timestamp="2023-08-27T17:04:31Z" user="ParadoX_ZLWC" uid="2507347" lat="31.3929873" lon="120.9475480"/>
 <node id="11148594212" visible="true" version="1" changeset="140460977" timestamp="2023-08-27T17:04:31Z" user="ParadoX_ZLWC" uid="2507347" lat="31.3926471" lon="120.9479832"/>
 <node id="11148594213" visible="true" version="1" changeset="140460977" timestamp="2023-08-27T17:04:31Z" user="ParadoX_ZLWC" uid="2507347" lat="31.3926598" lon="120.9479968"/>
 <node id="11148594214" visible="true" version="1" changeset="140460977" timestamp="2023-08-27T17:04:31Z" user="ParadoX_ZLWC" uid="2507347" lat="31.3930000" lon="120.9475616"/>
 <node id="11148594215" visible="true" version="1" changeset="140460977" timestamp="2023-08-27T17:04:31Z" user="ParadoX_ZLWC" uid="2507347" lat="31.3931141" lon="120.9476820"/>
 <node id="11148594216" visible="true" version="1" changeset="140460977" timestamp="2023-08-27T17:04:31Z" user="ParadoX_ZLWC" uid="2507347" lat="31.3927739" lon="120.9481182"/>
 <node id="11148594217" visible="true" version="1" changeset="140460977" timestamp="2023-08-27T17:04:31Z" user="ParadoX_ZLWC" uid="2507347" lat="31.3927865" lon="120.9481307"/>
 <node id="11148594218" visible="true" version="1" changeset="140460977" timestamp="2023-08-27T17:04:31Z" user="ParadoX_ZLWC" uid="2507347" lat="31.3931267" lon="120.9476956"/>
 <node id="11148594219" visible="true" version="1" changeset="140460977" timestamp="2023-08-27T17:04:31Z" user="ParadoX_ZLWC" uid="2507347" lat="31.3929836" lon="120.9478787"/>
 <node id="11148594220" visible="true" version="1" changeset="140460977" timestamp="2023-08-27T17:04:31Z" user="ParadoX_ZLWC" uid="2507347" lat="31.3928705" lon="120.9480233"/>
 <node id="11148594221" visible="true" version="1" changeset="140460977" timestamp="2023-08-27T17:04:31Z" user="ParadoX_ZLWC" uid="2507347" lat="31.3929183" lon="120.9480748"/>
 <node id="11148594222" visible="true" version="1" changeset="140460977" timestamp="2023-08-27T17:04:31Z" user="ParadoX_ZLWC" uid="2507347" lat="31.3930326" lon="120.9479290"/>
 <node id="11148594223" visible="true" version="1" changeset="140460977" timestamp="2023-08-27T17:04:31Z" user="ParadoX_ZLWC" uid="2507347" lat="31.3927180" lon="120.9478926"/>
 <node id="11148594224" visible="true" version="1" changeset="140460977" timestamp="2023-08-27T17:04:31Z" user="ParadoX_ZLWC" uid="2507347" lat="31.3926714" lon="120.9478399"/>
 <node id="11148594225" visible="true" version="1" changeset="140460977" timestamp="2023-08-27T17:04:31Z" user="ParadoX_ZLWC" uid="2507347" lat="31.3927082" lon="120.9477940"/>
 <node id="11148594226" visible="true" version="1" changeset="140460977" timestamp="2023-08-27T17:04:31Z" user="ParadoX_ZLWC" uid="2507347" lat="31.3927186" lon="120.9478055"/>
 <node id="11148594227" visible="true" version="1" changeset="140460977" timestamp="2023-08-27T17:04:31Z" user="ParadoX_ZLWC" uid="2507347" lat="31.3927604" lon="120.9477538"/>
 <node id="11148594228" visible="true" version="1" changeset="140460977" timestamp="2023-08-27T17:04:31Z" user="ParadoX_ZLWC" uid="2507347" lat="31.3927708" lon="120.9477653"/>
 <node id="11148594229" visible="true" version="1" changeset="140460977" timestamp="2023-08-27T17:04:31Z" user="ParadoX_ZLWC" uid="2507347" lat="31.3928154" lon="120.9477100"/>
 <node id="11148594230" visible="true" version="1" changeset="140460977" timestamp="2023-08-27T17:04:31Z" user="ParadoX_ZLWC" uid="2507347" lat="31.3928407" lon="120.9477356"/>
 <node id="11148594231" visible="true" version="1" changeset="140460977" timestamp="2023-08-27T17:04:31Z" user="ParadoX_ZLWC" uid="2507347" lat="31.3928553" lon="120.9475751"/>
 <node id="11148594232" visible="true" version="1" changeset="140460977" timestamp="2023-08-27T17:04:31Z" user="ParadoX_ZLWC" uid="2507347" lat="31.3927689" lon="120.9476849"/>
 <node id="11148594233" visible="true" version="1" changeset="140460977" timestamp="2023-08-27T17:04:31Z" user="ParadoX_ZLWC" uid="2507347" lat="31.3927955" lon="120.9477137"/>
 <node id="11148594234" visible="true" version="1" changeset="140460977" timestamp="2023-08-27T17:04:31Z" user="ParadoX_ZLWC" uid="2507347" lat="31.3928819" lon="120.9476038"/>
 <node id="11148594235" visible="true" version="1" changeset="140460977" timestamp="2023-08-27T17:04:31Z" user="ParadoX_ZLWC" uid="2507347" lat="31.3927817" lon="120.9479202"/>
 <node id="11148594236" visible="true" version="1" changeset="140460977" timestamp="2023-08-27T17:04:31Z" user="ParadoX_ZLWC" uid="2507347" lat="31.3927441" lon="120.9479686"/>
 <node id="11148594237" visible="true" version="1" changeset="140460977" timestamp="2023-08-27T17:04:31Z" user="ParadoX_ZLWC" uid="2507347" lat="31.3927918" lon="120.9480216"/>
 <node id="11148594238" visible="true" version="1" changeset="140460977" timestamp="2023-08-27T17:04:31Z" user="ParadoX_ZLWC" uid="2507347" lat="31.3928303" lon="120.9479720"/>
 <node id="11148594239" visible="true" version="1" changeset="140460977" timestamp="2023-08-27T17:04:31Z" user="ParadoX_ZLWC" uid="2507347" lat="31.3928228" lon="120.9480547"/>
 <node id="11148594240" visible="true" version="1" changeset="140460977" timestamp="2023-08-27T17:04:31Z" user="ParadoX_ZLWC" uid="2507347" lat="31.3927105" lon="120.9479327"/>
 <node id="11148594241" visible="true" version="1" changeset="140460977" timestamp="2023-08-27T17:04:31Z" user="ParadoX_ZLWC" uid="2507347" lat="31.3928453" lon="120.9477592"/>
 <node id="11148594242" visible="true" version="1" changeset="140460977" timestamp="2023-08-27T17:04:31Z" user="ParadoX_ZLWC" uid="2507347" lat="31.3928543" lon="120.9477688"/>
 <node id="11148594243" visible="true" version="1" changeset="140460977" timestamp="2023-08-27T17:04:31Z" user="ParadoX_ZLWC" uid="2507347" lat="31.3927288" lon="120.9479305"/>
 <node id="11148594244" visible="true" version="1" changeset="140460977" timestamp="2023-08-27T17:04:31Z" user="ParadoX_ZLWC" uid="2507347" lat="31.3927431" lon="120.9479457"/>
 <node id="11148594245" visible="true" version="1" changeset="140460977" timestamp="2023-08-27T17:04:31Z" user="ParadoX_ZLWC" uid="2507347" lat="31.3927785" lon="120.9479000"/>
 <node id="11148594246" visible="true" version="1" changeset="140460977" timestamp="2023-08-27T17:04:31Z" user="ParadoX_ZLWC" uid="2507347" lat="31.3928457" lon="120.9479717"/>
 <node id="11148594247" visible="true" version="1" changeset="140460977" timestamp="2023-08-27T17:04:31Z" user="ParadoX_ZLWC" uid="2507347" lat="31.3928072" lon="120.9480214"/>
 <node id="11148594248" visible="true" version="1" changeset="140460977" timestamp="2023-08-27T17:04:31Z" user="ParadoX_ZLWC" uid="2507347" lat="31.3928225" lon="120.9480377"/>
 <node id="11148594249" visible="true" version="1" changeset="140460977" timestamp="2023-08-27T17:04:31Z" user="ParadoX_ZLWC" uid="2507347" lat="31.3929512" lon="120.9478720"/>
 <node id="11148594250" visible="true" version="1" changeset="140460977" timestamp="2023-08-27T17:04:31Z" user="ParadoX_ZLWC" uid="2507347" lat="31.3929569" lon="120.9478821"/>
 <node id="11148594251" visible="true" version="1" changeset="140460977" timestamp="2023-08-27T17:04:31Z" user="ParadoX_ZLWC" uid="2507347" lat="31.3929987" lon="120.9478292"/>
 <node id="11148594252" visible="true" version="1" changeset="140460977" timestamp="2023-08-27T17:04:31Z" user="ParadoX_ZLWC" uid="2507347" lat="31.3929941" lon="120.9478240"/>
 <node id="11148594253" visible="true" version="1" changeset="140460977" timestamp="2023-08-27T17:04:31Z" user="ParadoX_ZLWC" uid="2507347" lat="31.3929812" lon="120.9478398"/>
 <node id="11148594254" visible="true" version="1" changeset="140460977" timestamp="2023-08-27T17:04:31Z" user="ParadoX_ZLWC" uid="2507347" lat="31.3929858" lon="120.9478450"/>
 <node id="11148594255" visible="true" version="1" changeset="140460977" timestamp="2023-08-27T17:04:31Z" user="ParadoX_ZLWC" uid="2507347" lat="31.3928912" lon="120.9477130"/>
 <node id="11148594256" visible="true" version="1" changeset="140460977" timestamp="2023-08-27T17:04:31Z" user="ParadoX_ZLWC" uid="2507347" lat="31.3928856" lon="120.9477077"/>
 <node id="11148594257" visible="true" version="1" changeset="140460977" timestamp="2023-08-27T17:04:31Z" user="ParadoX_ZLWC" uid="2507347" lat="31.3928731" lon="120.9477237"/>
 <node id="11148594258" visible="true" version="1" changeset="140460977" timestamp="2023-08-27T17:04:31Z" user="ParadoX_ZLWC" uid="2507347" lat="31.3928784" lon="120.9477290"/>
 <node id="11148594259" visible="true" version="1" changeset="140460977" timestamp="2023-08-27T17:04:31Z" user="ParadoX_ZLWC" uid="2507347" lat="31.3931027" lon="120.9476965"/>
 <node id="11148594260" visible="true" version="1" changeset="140460977" timestamp="2023-08-27T17:04:31Z" user="ParadoX_ZLWC" uid="2507347" lat="31.3929880" lon="120.9475766"/>
 <node id="11148594261" visible="true" version="1" changeset="140460977" timestamp="2023-08-27T17:04:31Z" user="ParadoX_ZLWC" uid="2507347" lat="31.3930915" lon="120.9476972"/>
 <node id="11148594262" visible="true" version="1" changeset="140460977" timestamp="2023-08-27T17:04:31Z" user="ParadoX_ZLWC" uid="2507347" lat="31.3929885" lon="120.9475855"/>
 <node id="11148594263" visible="true" version="1" changeset="140460977" timestamp="2023-08-27T17:04:31Z" user="ParadoX_ZLWC" uid="2507347" lat="31.3929185" lon="120.9476740"/>
 <node id="11148594264" visible="true" version="1" changeset="140460977" timestamp="2023-08-27T17:04:31Z" user="ParadoX_ZLWC" uid="2507347" lat="31.3930215" lon="120.9477858"/>
 <node id="11148594265" visible="true" version="1" changeset="140460977" timestamp="2023-08-27T17:04:31Z" user="ParadoX_ZLWC" uid="2507347" lat="31.3929839" lon="120.9476228">
  <tag k="artwork_type" v="sculpture"/>
  <tag k="name" v="访鼠测字"/>
  <tag k="tourism" v="artwork"/>
 </node>
 <node id="11148594266" visible="true" version="1" changeset="140460977" timestamp="2023-08-27T17:04:31Z" user="ParadoX_ZLWC" uid="2507347" lat="31.3929350" lon="120.9477784">
  <tag k="name" v="昆曲博物馆"/>
  <tag k="tourism" v="museum"/>
 </node>
 <node id="11148594267" visible="true" version="1" changeset="140460977" timestamp="2023-08-27T17:04:31Z" user="ParadoX_ZLWC" uid="2507347" lat="31.3930940" lon="120.9474070"/>
 <node id="11148594268" visible="true" version="1" changeset="140460977" timestamp="2023-08-27T17:04:31Z" user="ParadoX_ZLWC" uid="2507347" lat="31.3926400" lon="120.9481135"/>
 <node id="11148594269" visible="true" version="1" changeset="140460977" timestamp="2023-08-27T17:04:31Z" user="ParadoX_ZLWC" uid="2507347" lat="31.3925777" lon="120.9482347"/>
 <node id="11148594270" visible="true" version="1" changeset="140460977" timestamp="2023-08-27T17:04:31Z" user="ParadoX_ZLWC" uid="2507347" lat="31.3926979" lon="120.9484328"/>
 <node id="11148594271" visible="true" version="1" changeset="140460977" timestamp="2023-08-27T17:04:31Z" user="ParadoX_ZLWC" uid="2507347" lat="31.3928790" lon="120.9486059"/>
 <node id="11148594272" visible="true" version="1" changeset="140460977" timestamp="2023-08-27T17:04:31Z" user="ParadoX_ZLWC" uid="2507347" lat="31.3933920" lon="120.9480383"/>
 <node id="11148594273" visible="true" version="1" changeset="140460977" timestamp="2023-08-27T17:04:31Z" user="ParadoX_ZLWC" uid="2507347" lat="31.3935533" lon="120.9482131"/>
 <node id="11148594274" visible="true" version="1" changeset="140460977" timestamp="2023-08-27T17:04:31Z" user="ParadoX_ZLWC" uid="2507347" lat="31.3932699" lon="120.9485721"/>
 <node id="11148594275" visible="true" version="1" changeset="140460977" timestamp="2023-08-27T17:04:31Z" user="ParadoX_ZLWC" uid="2507347" lat="31.3931085" lon="120.9483971"/>
 <node id="11549837935" visible="true" version="1" changeset="146672563" timestamp="2024-01-25T12:53:08Z" user="First3h" uid="17132058" lat="31.3916906" lon="120.9595669"/>
 <node id="11549837946" visible="true" version="1" changeset="146672563" timestamp="2024-01-25T12:53:08Z" user="First3h" uid="17132058" lat="31.3912972" lon="120.9495404"/>
 <node id="11549837947" visible="true" version="1" changeset="146672563" timestamp="2024-01-25T12:53:08Z" user="First3h" uid="17132058" lat="31.3917414" lon="120.9501654"/>
 <node id="11549837948" visible="true" version="1" changeset="146672563" timestamp="2024-01-25T12:53:08Z" user="First3h" uid="17132058" lat="31.3914346" lon="120.9503317"/>
 <node id="11549837949" visible="true" version="1" changeset="146672563" timestamp="2024-01-25T12:53:08Z" user="First3h" uid="17132058" lat="31.3913682" lon="120.9501734"/>
 <node id="11549837950" visible="true" version="1" changeset="146672563" timestamp="2024-01-25T12:53:08Z" user="First3h" uid="17132058" lat="31.3907523" lon="120.9504122"/>
 <node id="11549837951" visible="true" version="1" changeset="146672563" timestamp="2024-01-25T12:53:08Z" user="First3h" uid="17132058" lat="31.3907385" lon="120.9503236"/>
 <node id="11549837952" visible="true" version="1" changeset="146672563" timestamp="2024-01-25T12:53:08Z" user="First3h" uid="17132058" lat="31.3906057" lon="120.9503397"/>
 <node id="11549837953" visible="true" version="1" changeset="146672563" timestamp="2024-01-25T12:53:08Z" user="First3h" uid="17132058" lat="31.3898708" lon="120.9505194"/>
 <node id="11549837954" visible="true" version="1" changeset="146672563" timestamp="2024-01-25T12:53:08Z" user="First3h" uid="17132058" lat="31.3900058" lon="120.9513858"/>
 <node id="11549837955" visible="true" version="1" changeset="146672563" timestamp="2024-01-25T12:53:08Z" user="First3h" uid="17132058" lat="31.3907774" lon="120.9512061"/>
 <node id="11549837956" visible="true" version="1" changeset="146672563" timestamp="2024-01-25T12:53:08Z" user="First3h" uid="17132058" lat="31.3908576" lon="120.9517318"/>
 <node id="11549837957" visible="true" version="1" changeset="146672563" timestamp="2024-01-25T12:53:08Z" user="First3h" uid="17132058" lat="31.3913155" lon="120.9516031"/>
 <node id="11549837958" visible="true" version="1" changeset="146672563" timestamp="2024-01-25T12:53:08Z" user="First3h" uid="17132058" lat="31.3913727" lon="120.9516057"/>
 <node id="11549837959" visible="true" version="1" changeset="146672563" timestamp="2024-01-25T12:53:08Z" user="First3h" uid="17132058" lat="31.3914414" lon="120.9518498"/>
 <node id="11549837960" visible="true" version="1" changeset="146672563" timestamp="2024-01-25T12:53:08Z" user="First3h" uid="17132058" lat="31.3914987" lon="120.9518874"/>
 <node id="11549837961" visible="true" version="1" changeset="146672563" timestamp="2024-01-25T12:53:08Z" user="First3h" uid="17132058" lat="31.3917162" lon="120.9527269"/>
 <node id="11549837962" visible="true" version="1" changeset="146672563" timestamp="2024-01-25T12:53:08Z" user="First3h" uid="17132058" lat="31.3928988" lon="120.9523286"/>
 <node id="11549837963" visible="true" version="1" changeset="146672563" timestamp="2024-01-25T12:53:08Z" user="First3h" uid="17132058" lat="31.3926778" lon="120.9515896"/>
 <node id="11549837964" visible="true" version="1" changeset="146672563" timestamp="2024-01-25T12:53:08Z" user="First3h" uid="17132058" lat="31.3925244" lon="120.9513214"/>
 <node id="11549837965" visible="true" version="1" changeset="146672563" timestamp="2024-01-25T12:53:08Z" user="First3h" uid="17132058" lat="31.3922955" lon="120.9510371"/>
 <node id="11549837966" visible="true" version="1" changeset="146672563" timestamp="2024-01-25T12:53:08Z" user="First3h" uid="17132058" lat="31.3922176" lon="120.9510425"/>
 <node id="11549837967" visible="true" version="1" changeset="146672563" timestamp="2024-01-25T12:53:08Z" user="First3h" uid="17132058" lat="31.3921558" lon="120.9508467"/>
 <node id="11549837968" visible="true" version="1" changeset="146672563" timestamp="2024-01-25T12:53:08Z" user="First3h" uid="17132058" lat="31.3919406" lon="120.9507877"/>
 <node id="11549837969" visible="true" version="1" changeset="146672563" timestamp="2024-01-25T12:53:08Z" user="First3h" uid="17132058" lat="31.3917780" lon="120.9501815"/>
 <node id="11549837970" visible="true" version="1" changeset="146672563" timestamp="2024-01-25T12:53:08Z" user="First3h" uid="17132058" lat="31.3929274" lon="120.9496719"/>
 <node id="11549837971" visible="true" version="1" changeset="146672563" timestamp="2024-01-25T12:53:08Z" user="First3h" uid="17132058" lat="31.3922313" lon="120.9499615"/>
 <node id="11549837972" visible="true" version="1" changeset="146672563" timestamp="2024-01-25T12:53:08Z" user="First3h" uid="17132058" lat="31.3922199" lon="120.9499964"/>
 <node id="11549837973" visible="true" version="1" changeset="146672563" timestamp="2024-01-25T12:53:08Z" user="First3h" uid="17132058" lat="31.3922222" lon="120.9500366"/>
 <node id="11549837974" visible="true" version="1" changeset="146672563" timestamp="2024-01-25T12:53:08Z" user="First3h" uid="17132058" lat="31.3922428" lon="120.9500957"/>
 <node id="11549837975" visible="true" version="1" changeset="146672563" timestamp="2024-01-25T12:53:08Z" user="First3h" uid="17132058" lat="31.3927259" lon="120.9508494"/>
 <node id="11549837976" visible="true" version="1" changeset="146672563" timestamp="2024-01-25T12:53:08Z" user="First3h" uid="17132058" lat="31.3928564" lon="120.9508601"/>
 <node id="11549837977" visible="true" version="1" changeset="146672563" timestamp="2024-01-25T12:53:08Z" user="First3h" uid="17132058" lat="31.3930350" lon="120.9511149"/>
 <node id="11549837978" visible="true" version="1" changeset="146672563" timestamp="2024-01-25T12:53:08Z" user="First3h" uid="17132058" lat="31.3931838" lon="120.9510344"/>
 <node id="11549837979" visible="true" version="1" changeset="146672563" timestamp="2024-01-25T12:53:08Z" user="First3h" uid="17132058" lat="31.3933326" lon="120.9514475"/>
 <node id="11549837980" visible="true" version="1" changeset="146672563" timestamp="2024-01-25T12:53:08Z" user="First3h" uid="17132058" lat="31.3934219" lon="120.9514958"/>
 <node id="11549837981" visible="true" version="1" changeset="146672563" timestamp="2024-01-25T12:53:08Z" user="First3h" uid="17132058" lat="31.3937264" lon="120.9513026"/>
 <node id="11549837982" visible="true" version="1" changeset="146672563" timestamp="2024-01-25T12:53:08Z" user="First3h" uid="17132058" lat="31.3937333" lon="120.9511605"/>
 <node id="11549837983" visible="true" version="1" changeset="146672563" timestamp="2024-01-25T12:53:08Z" user="First3h" uid="17132058" lat="31.3938501" lon="120.9510827"/>
 <node id="11549837984" visible="true" version="1" changeset="146672563" timestamp="2024-01-25T12:53:08Z" user="First3h" uid="17132058" lat="31.3938615" lon="120.9510317"/>
 <node id="11549837985" visible="true" version="1" changeset="146672563" timestamp="2024-01-25T12:53:08Z" user="First3h" uid="17132058" lat="31.3939554" lon="120.9508386"/>
 <node id="11549837986" visible="true" version="1" changeset="146672563" timestamp="2024-01-25T12:53:08Z" user="First3h" uid="17132058" lat="31.3949720" lon="120.9502780"/>
 <node id="11549837987" visible="true" version="1" changeset="146672563" timestamp="2024-01-25T12:53:08Z" user="First3h" uid="17132058" lat="31.3946423" lon="120.9494251"/>
 <node id="11549837988" visible="true" version="1" changeset="146672563" timestamp="2024-01-25T12:53:08Z" user="First3h" uid="17132058" lat="31.3941271" lon="120.9496611"/>
 <node id="11549837989" visible="true" version="1" changeset="146672563" timestamp="2024-01-25T12:53:08Z" user="First3h" uid="17132058" lat="31.3941729" lon="120.9498623"/>
 <node id="11549837990" visible="true" version="1" changeset="146672563" timestamp="2024-01-25T12:53:08Z" user="First3h" uid="17132058" lat="31.3940951" lon="120.9498918"/>
 <node id="11549837991" visible="true" version="1" changeset="146672563" timestamp="2024-01-25T12:53:08Z" user="First3h" uid="17132058" lat="31.3940676" lon="120.9498355"/>
 <node id="11549837992" visible="true" version="1" changeset="146672563" timestamp="2024-01-25T12:53:08Z" user="First3h" uid="17132058" lat="31.3938959" lon="120.9498864"/>
 <node id="11549837993" visible="true" version="1" changeset="146672563" timestamp="2024-01-25T12:53:08Z" user="First3h" uid="17132058" lat="31.3938753" lon="120.9498382"/>
 <node id="11549837994" visible="true" version="1" changeset="146672563" timestamp="2024-01-25T12:53:08Z" user="First3h" uid="17132058" lat="31.3936692" lon="120.9499106"/>
 <node id="11549837995" visible="true" version="1" changeset="146672563" timestamp="2024-01-25T12:53:08Z" user="First3h" uid="17132058" lat="31.3935776" lon="120.9499106"/>
 <node id="11549837996" visible="true" version="1" changeset="146672563" timestamp="2024-01-25T12:53:08Z" user="First3h" uid="17132058" lat="31.3930968" lon="120.9501305"/>
 <node id="11549837997" visible="true" version="1" changeset="146672563" timestamp="2024-01-25T12:53:08Z" user="First3h" uid="17132058" lat="31.3929617" lon="120.9496880"/>
 <node id="11549837998" visible="true" version="1" changeset="146672563" timestamp="2024-01-25T12:53:08Z" user="First3h" uid="17132058" lat="31.3945140" lon="120.9501037"/>
 <node id="11549837999" visible="true" version="1" changeset="146672563" timestamp="2024-01-25T12:53:08Z" user="First3h" uid="17132058" lat="31.3937631" lon="120.9504911"/>
 <node id="11549838000" visible="true" version="1" changeset="146672563" timestamp="2024-01-25T12:53:08Z" user="First3h" uid="17132058" lat="31.3936806" lon="120.9502646"/>
 <node id="11549838001" visible="true" version="1" changeset="146672563" timestamp="2024-01-25T12:53:08Z" user="First3h" uid="17132058" lat="31.3938134" lon="120.9506294"/>
 <node id="12898359637" visible="true" version="1" changeset="167374000" timestamp="2025-06-09T00:04:02Z" user="Maps Man" uid="10216874" lat="31.3909297" lon="120.9498670"/>
 <node id="12898359638" visible="true" version="1" changeset="167374000" timestamp="2025-06-09T00:04:02Z" user="Maps Man" uid="10216874" lat="31.3923520" lon="120.9490665"/>
 <node id="12898359639" visible="true" version="1" changeset="167374000" timestamp="2025-06-09T00:04:02Z" user="Maps Man" uid="10216874" lat="31.3924162" lon="120.9490348"/>
 <node id="12898359640" visible="true" version="1" changeset="167374000" timestamp="2025-06-09T00:04:02Z" user="Maps Man" uid="10216874" lat="31.3915164" lon="120.9497203"/>
 <node id="12898359641" visible="true" version="1" changeset="167374000" timestamp="2025-06-09T00:04:02Z" user="Maps Man" uid="10216874" lat="31.3917388" lon="120.9495507"/>
 <node id="12898359642" visible="true" version="1" changeset="167374000" timestamp="2025-06-09T00:04:02Z" user="Maps Man" uid="10216874" lat="31.3914821" lon="120.9496908"/>
 <node id="12898359643" visible="true" version="1" changeset="167374000" timestamp="2025-06-09T00:04:02Z" user="Maps Man" uid="10216874" lat="31.3914454" lon="120.9494119"/>
 <node id="12898359644" visible="true" version="1" changeset="167374000" timestamp="2025-06-09T00:04:02Z" user="Maps Man" uid="10216874" lat="31.3916569" lon="120.9493154"/>
 <node id="12898359645" visible="true" version="1" changeset="167374000" timestamp="2025-06-09T00:04:02Z" user="Maps Man" uid="10216874" lat="31.3914874" lon="120.9493928">
  <tag k="crossing" v="marked"/>
  <tag k="crossing:markings" v="zebra"/>
  <tag k="highway" v="crossing"/>
 </node>
 <node id="12898359646" visible="true" version="1" changeset="167374000" timestamp="2025-06-09T00:04:02Z" user="Maps Man" uid="10216874" lat="31.3915698" lon="120.9493551">
  <tag k="crossing" v="marked"/>
  <tag k="crossing:markings" v="zebra"/>
  <tag k="highway" v="crossing"/>
 </node>
 <node id="12898359647" visible="true" version="1" changeset="167374000" timestamp="2025-06-09T00:04:02Z" user="Maps Man" uid="10216874" lat="31.3914570" lon="120.9495002">
  <tag k="crossing" v="marked"/>
  <tag k="crossing:markings" v="zebra"/>
  <tag k="highway" v="crossing"/>
 </node>
 <node id="12898359648" visible="true" version="1" changeset="167374000" timestamp="2025-06-09T00:04:02Z" user="Maps Man" uid="10216874" lat="31.3916777" lon="120.9495973">
  <tag k="crossing" v="marked"/>
  <tag k="crossing:markings" v="zebra"/>
  <tag k="highway" v="crossing"/>
 </node>
 <node id="12898359649" visible="true" version="1" changeset="167374000" timestamp="2025-06-09T00:04:02Z" user="Maps Man" uid="10216874" lat="31.3916078" lon="120.9496506">
  <tag k="crossing" v="marked"/>
  <tag k="crossing:markings" v="zebra"/>
  <tag k="highway" v="crossing"/>
 </node>
 <node id="12898359650" visible="true" version="1" changeset="167374000" timestamp="2025-06-09T00:04:02Z" user="Maps Man" uid="10216874" lat="31.3944263" lon="120.9490513"/>
 <node id="12898359651" visible="true" version="1" changeset="167374000" timestamp="2025-06-09T00:04:02Z" user="Maps Man" uid="10216874" lat="31.3927094" lon="120.9480496"/>
 <node id="12898359652" visible="true" version="1" changeset="167374000" timestamp="2025-06-09T00:04:02Z" user="Maps Man" uid="10216874" lat="31.3927653" lon="120.9479922"/>
 <node id="12898359653" visible="true" version="1" changeset="167374000" timestamp="2025-06-09T00:04:02Z" user="Maps Man" uid="10216874" lat="31.3928075" lon="120.9479477"/>
 <node id="12898359654" visible="true" version="1" changeset="167374000" timestamp="2025-06-09T00:04:02Z" user="Maps Man" uid="10216874" lat="31.3928155" lon="120.9479395"/>
 <node id="12998012972" visible="true" version="1" changeset="168890415" timestamp="2025-07-13T20:44:50Z" user="humanppplus" uid="23089858" lat="31.3909195" lon="120.9497049">
  <tag k="bus" v="yes"/>
  <tag k="name" v="亭林园"/>
  <tag k="public_transport" v="stop_position"/>
 </node>
 <node id="12998012973" visible="true" version="1" changeset="168890415" timestamp="2025-07-13T20:44:50Z" user="humanppplus" uid="23089858" lat="31.3909112" lon="120.9496601">
  <tag k="bus" v="yes"/>
  <tag k="highway" v="bus_stop"/>
  <tag k="name" v="亭林园"/>
  <tag k="public_transport" v="platform"/>
 </node>
 <node id="12998012974" visible="true" version="1" changeset="168890415" timestamp="2025-07-13T20:44:50Z" user="humanppplus" uid="23089858" lat="31.3871039" lon="120.9512355">
  <tag k="bus" v="yes"/>
  <tag k="name" v="奥灶馆"/>
  <tag k="public_transport" v="stop_position"/>
 </node>
 <node id="12998012976" visible="true" version="1" changeset="168890415" timestamp="2025-07-13T20:44:50Z" user="humanppplus" uid="23089858" lat="31.3851085" lon="120.9519057">
  <tag k="bus" v="yes"/>
  <tag k="name" v="昆山宾馆"/>
  <tag k="public_transport" v="stop_position"/>
 </node>
 <node id="12998021508" visible="true" version="1" changeset="168890415" timestamp="2025-07-13T20:44:50Z" user="humanppplus" uid="23089858" lat="31.3849623" lon="120.9519831">
  <tag k="bus" v="yes"/>
  <tag k="name" v="昆山宾馆"/>
  <tag k="public_transport" v="stop_position"/>
 </node>
 <node id="12998021510" visible="true" version="1" changeset="168890415" timestamp="2025-07-13T20:44:50Z" user="humanppplus" uid="23089858" lat="31.3871753" lon="120.9512110">
  <tag k="bus" v="yes"/>
  <tag k="name" v="奥灶馆"/>
  <tag k="public_transport" v="stop_position"/>
 </node>
 <node id="12998021512" visible="true" version="1" changeset="168890415" timestamp="2025-07-13T20:44:50Z" user="humanppplus" uid="23089858" lat="31.3909403" lon="120.9497598">
  <tag k="bus" v="yes"/>
  <tag k="highway" v="bus_stop"/>
  <tag k="name" v="亭林园"/>
  <tag k="public_transport" v="platform"/>
 </node>
 <way id="87678057" visible="true" version="18" changeset="143934668" timestamp="2023-11-12T14:09:26Z" user="Lepuse" uid="9560399">
  <nd ref="3421756912"/>
  <nd ref="3421756925"/>
  <nd ref="3644248507"/>
  <nd ref="10206346735"/>
  <nd ref="3421756927"/>
  <nd ref="3421756951"/>
  <nd ref="3421756948"/>
  <nd ref="3421756906"/>
  <nd ref="3421756922"/>
  <nd ref="854844292"/>
  <nd ref="3665538618"/>
  <nd ref="3421756955"/>
  <nd ref="3421756936"/>
  <nd ref="3645587513"/>
  <nd ref="3421756929"/>
  <nd ref="3643931415"/>
  <nd ref="3421756947"/>
  <nd ref="3649281849"/>
  <nd ref="3643592285"/>
  <nd ref="3643592286"/>
  <nd ref="854844719"/>
  <tag k="alt_name" v="刘家港"/>
  <tag k="alt_name:en" v="Liujia"/>
  <tag k="alt_name:zh-Latn-pinyin" v="liújiā găng"/>
  <tag k="name" v="新浏河"/>
  <tag k="name:en" v="Xinliu"/>
  <tag k="name:zh" v="新浏河"/>
  <tag k="name:zh-Hant" v="新瀏河"/>
  <tag k="name:zh-Latn-pinyin" v="xīnliú hé"/>
  <tag k="nsdi_code" v="FK2805"/>
  <tag k="waterway" v="river"/>
  <tag k="width" v="25"/>
  <tag k="zhb_code" v="11FM190000"/>
 </way>
 <way id="332119716" visible="true" version="11" changeset="167374000" timestamp="2025-06-09T00:04:02Z" user="Maps Man" uid="10216874">
  <nd ref="3392411528"/>
  <nd ref="3685004720"/>
  <nd ref="3685004721"/>
  <nd ref="3685004722"/>
  <nd ref="3686770015"/>
  <nd ref="3686770016"/>
  <nd ref="3686770017"/>
  <nd ref="3686770018"/>
  <nd ref="3686770019"/>
  <nd ref="3686770020"/>
  <nd ref="3686770021"/>
  <nd ref="3685062825"/>
  <nd ref="3685062826"/>
  <nd ref="3685062827"/>
  <nd ref="3685062828"/>
  <nd ref="3685062829"/>
  <nd ref="3686772927"/>
  <nd ref="3685062830"/>
  <nd ref="3690972695"/>
  <nd ref="3392411531"/>
  <nd ref="3690972684"/>
  <nd ref="3686769990"/>
  <nd ref="3685062831"/>
  <nd ref="3685062832"/>
  <nd ref="3692779054"/>
  <nd ref="3692779055"/>
  <nd ref="11148569495"/>
  <nd ref="12898359644"/>
  <nd ref="12898359641"/>
  <nd ref="10814486129"/>
  <nd ref="10814486128"/>
  <nd ref="10814486127"/>
  <nd ref="10814486126"/>
  <nd ref="3685062833"/>
  <nd ref="3392411529"/>
  <nd ref="3685062834"/>
  <nd ref="3392411527"/>
  <nd ref="3685062835"/>
  <nd ref="3685062836"/>
  <nd ref="3721610515"/>
  <nd ref="10814486131"/>
  <nd ref="3685062837"/>
  <nd ref="3685062838"/>
  <nd ref="3685062839"/>
  <nd ref="3685062841"/>
  <nd ref="3685062840"/>
  <nd ref="3685062842"/>
  <nd ref="3686769953"/>
  <nd ref="3685062843"/>
  <nd ref="3685062844"/>
  <nd ref="3685062845"/>
  <nd ref="3685062846"/>
  <nd ref="3685062847"/>
  <nd ref="3685062848"/>
  <nd ref="3392411528"/>
  <tag k="leisure" v="park"/>
  <tag k="name" v="亭林园"/>
 </way>
 <way id="332120056" visible="true" version="4" changeset="134940968" timestamp="2023-04-15T13:40:49Z" user="shanhulittle" uid="11213533">
  <nd ref="3392414040"/>
  <nd ref="3392414042"/>
  <nd ref="10814485960"/>
  <nd ref="10814485961"/>
  <nd ref="10814485962"/>
  <nd ref="3679866400"/>
  <nd ref="10814485963"/>
  <nd ref="10814485964"/>
  <nd ref="10814485965"/>
  <nd ref="10814485966"/>
  <nd ref="10814485967"/>
  <nd ref="10814485969"/>
  <nd ref="10814485970"/>
  <nd ref="10814485972"/>
  <nd ref="3679866401"/>
  <nd ref="10814485978"/>
  <nd ref="3392414041"/>
  <nd ref="10814485977"/>
  <nd ref="3692748822"/>
  <nd ref="10814485976"/>
  <nd ref="10814485975"/>
  <nd ref="10814485974"/>
  <nd ref="3392414044"/>
  <nd ref="3679866420"/>
  <nd ref="3679866421"/>
  <nd ref="3392414040"/>
  <tag k="amenity" v="school"/>
  <tag k="name" v="昆山市柏庐高级中学"/>
 </way>
 <way id="332120393" visible="true" version="12" changeset="89174995" timestamp="2020-08-10T05:12:03Z" user="Blachernae" uid="10652845">
  <nd ref="7799917636"/>
  <nd ref="3392418061"/>
  <nd ref="3694465453"/>
  <nd ref="3392418062"/>
  <nd ref="3694465761"/>
  <nd ref="3694465763"/>
  <nd ref="3645587497"/>
  <nd ref="3392418076"/>
  <nd ref="3694547229"/>
  <nd ref="3688796324"/>
  <nd ref="3392418066"/>
  <tag k="highway" v="tertiary"/>
 </way>
 <way id="335037155" visible="true" version="15" changeset="168890415" timestamp="2025-07-13T20:44:50Z" user="humanppplus" uid="23089858">
  <nd ref="9398253520"/>
  <nd ref="12898359647"/>
  <nd ref="11549837946"/>
  <nd ref="3421669948"/>
  <nd ref="12998012972"/>
  <nd ref="3421669937"/>
  <nd ref="3421669910"/>
  <nd ref="3421756903"/>
  <nd ref="3421669966"/>
  <nd ref="3422801459"/>
  <nd ref="3421669915"/>
  <nd ref="10814485995"/>
  <nd ref="3694464502"/>
  <nd ref="12998021510"/>
  <nd ref="12998012974"/>
  <nd ref="3421669914"/>
  <nd ref="3421669895"/>
  <nd ref="12998012976"/>
  <nd ref="12998021508"/>
  <nd ref="9884263534"/>
  <tag k="highway" v="secondary"/>
  <tag k="lanes" v="4"/>
  <tag k="name" v="亭林路"/>
  <tag k="surface" v="asphalt"/>
 </way>
 <way id="335163197" visible="true" version="17" changeset="147251815" timestamp="2024-02-09T11:18:05Z" user="carbkingg" uid="20591407">
  <nd ref="3421756902"/>
  <nd ref="9398253518"/>
  <nd ref="8260655629"/>
  <nd ref="3694465458"/>
  <nd ref="3422801482"/>
  <nd ref="8260655611"/>
  <nd ref="3422801481"/>
  <tag k="highway" v="secondary"/>
  <tag k="lanes" v="2"/>
  <tag k="lit" v="yes"/>
  <tag k="oneway" v="yes"/>
  <tag k="surface" v="asphalt"/>
 </way>
 <way id="359778072" visible="true" version="6" changeset="167374000" timestamp="2025-06-09T00:04:02Z" user="Maps Man" uid="10216874">
  <nd ref="3644248493"/>
  <nd ref="5467194841"/>
  <nd ref="3644248494"/>
  <nd ref="3644248495"/>
  <nd ref="3644248496"/>
  <nd ref="3644248497"/>
  <nd ref="3683282588"/>
  <nd ref="3683282586"/>
  <nd ref="3644248498"/>
  <nd ref="3644248499"/>
  <nd ref="3644248500"/>
  <nd ref="3691403027"/>
  <nd ref="3644248501"/>
  <nd ref="3644248502"/>
  <nd ref="3644248503"/>
  <nd ref="3644248504"/>
  <nd ref="3644248505"/>
  <nd ref="3644248506"/>
  <nd ref="3686770008"/>
  <nd ref="3644248507"/>
  <tag k="name" v="小澞河"/>
  <tag k="waterway" v="canal"/>
 </way>
 <way id="362212322" visible="true" version="15" changeset="146672563" timestamp="2024-01-25T12:53:08Z" user="First3h" uid="17132058">
  <nd ref="3659659354"/>
  <nd ref="3665538610"/>
  <nd ref="3665538608"/>
  <nd ref="3665538606"/>
  <nd ref="3665538604"/>
  <nd ref="3665538603"/>
  <nd ref="3665538602"/>
  <nd ref="3665538609"/>
  <nd ref="3694440498"/>
  <nd ref="3694440490"/>
  <nd ref="3665538607"/>
  <nd ref="3665538613"/>
  <nd ref="3665538605"/>
  <nd ref="3665538612"/>
  <nd ref="3665538614"/>
  <nd ref="3665538617"/>
  <nd ref="3665538616"/>
  <nd ref="3665538624"/>
  <nd ref="3665607328"/>
  <nd ref="3665607332"/>
  <nd ref="3665607344"/>
  <nd ref="3665607346"/>
  <nd ref="3665607351"/>
  <nd ref="8260655601"/>
  <nd ref="8260655600"/>
  <nd ref="3665607372"/>
  <nd ref="3665607375"/>
  <nd ref="3665607378"/>
  <nd ref="3665607377"/>
  <nd ref="3665607373"/>
  <nd ref="3665607371"/>
  <nd ref="3692622014"/>
  <nd ref="3692622015"/>
  <nd ref="3665607343"/>
  <nd ref="3665607341"/>
  <nd ref="3665607338"/>
  <nd ref="3665607335"/>
  <nd ref="3665607337"/>
  <nd ref="3665607340"/>
  <nd ref="3665607345"/>
  <nd ref="3665607356"/>
  <nd ref="3665607357"/>
  <nd ref="3665607359"/>
  <nd ref="3665607365"/>
  <nd ref="3665607374"/>
  <nd ref="3692698832"/>
  <nd ref="3665607379"/>
  <nd ref="3665607382"/>
  <nd ref="3665607384"/>
  <nd ref="3665607385"/>
  <nd ref="3665607390"/>
  <nd ref="3665607403"/>
  <nd ref="3665607404"/>
  <nd ref="3665607409"/>
  <nd ref="3665607410"/>
  <nd ref="3665607418"/>
  <nd ref="3665607419"/>
  <nd ref="3665607417"/>
  <nd ref="3665607416"/>
  <nd ref="3665607415"/>
  <nd ref="3665607414"/>
  <nd ref="3665607413"/>
  <nd ref="3665607412"/>
  <nd ref="3665607411"/>
  <nd ref="3665607407"/>
  <nd ref="3665607408"/>
  <nd ref="3665607402"/>
  <nd ref="3665607401"/>
  <nd ref="3665607400"/>
  <nd ref="3665607399"/>
  <nd ref="3665607396"/>
  <nd ref="3665607395"/>
  <nd ref="3665607389"/>
  <nd ref="3665607388"/>
  <nd ref="3665607387"/>
  <nd ref="3665607383"/>
  <nd ref="3665607381"/>
  <nd ref="8260651353"/>
  <nd ref="8260651354"/>
  <nd ref="8260651352"/>
  <nd ref="3665607380"/>
  <nd ref="3665607363"/>
  <nd ref="3665607355"/>
  <nd ref="3665607353"/>
  <nd ref="3665607352"/>
  <nd ref="3665607350"/>
  <nd ref="3665607348"/>
  <nd ref="3665607331"/>
  <nd ref="3665607330"/>
  <nd ref="3665538620"/>
  <nd ref="3665538615"/>
  <nd ref="3685004720"/>
  <nd ref="3392411528"/>
  <nd ref="3685062848"/>
  <nd ref="3685062847"/>
  <nd ref="3685062846"/>
  <nd ref="3685062845"/>
  <nd ref="3685062844"/>
  <nd ref="3685062843"/>
  <nd ref="3686769953"/>
  <nd ref="3685062842"/>
  <nd ref="3685062840"/>
  <nd ref="3685062841"/>
  <nd ref="3685062839"/>
  <nd ref="3685062838"/>
  <nd ref="3685062837"/>
  <nd ref="10814486131"/>
  <nd ref="3721610515"/>
  <nd ref="3685062836"/>
  <nd ref="3685062835"/>
  <nd ref="3392411527"/>
  <nd ref="3665607367"/>
  <nd ref="3665607364"/>
  <nd ref="3665607360"/>
  <nd ref="3665607342"/>
  <nd ref="3665607334"/>
  <nd ref="3665607326"/>
  <nd ref="3694409985"/>
  <nd ref="3665538623"/>
  <nd ref="3665538621"/>
  <nd ref="3665538619"/>
  <nd ref="3665538611"/>
  <nd ref="3665538601"/>
  <nd ref="3665538600"/>
  <nd ref="3665538594"/>
  <nd ref="3665538593"/>
  <nd ref="3665538595"/>
  <nd ref="3665538596"/>
  <nd ref="11549837935"/>
  <nd ref="3694456720"/>
  <nd ref="3694456721"/>
  <nd ref="3665538599"/>
  <nd ref="3665538597"/>
  <nd ref="3694461146"/>
  <nd ref="3665538598"/>
  <nd ref="3659659344"/>
  <nd ref="3659659354"/>
  <tag k="natural" v="water"/>
  <tag k="water" v="river"/>
 </way>
 <way id="363867330" visible="true" version="1" changeset="33089080" timestamp="2015-08-04T07:07:24Z" user="Sharkmouse" uid="598053">
  <nd ref="3679866402"/>
  <nd ref="3679866403"/>
  <nd ref="3679866404"/>
  <nd ref="3679866405"/>
  <nd ref="3679866406"/>
  <nd ref="3679866407"/>
  <nd ref="3679866408"/>
  <nd ref="3679866409"/>
  <nd ref="3679866410"/>
  <nd ref="3679866411"/>
  <nd ref="3679866412"/>
  <nd ref="3679866413"/>
  <nd ref="3679866414"/>
  <nd ref="3679866415"/>
  <nd ref="3679866416"/>
  <nd ref="3679866417"/>
  <nd ref="3679866418"/>
  <nd ref="3679866419"/>
  <nd ref="3679866420"/>
  <nd ref="3679866421"/>
  <nd ref="3679866422"/>
  <nd ref="3679866423"/>
  <nd ref="3679866424"/>
  <nd ref="3679867225"/>
  <nd ref="3679866402"/>
  <tag k="leisure" v="pitch"/>
 </way>
 <way id="363910572" visible="true" version="2" changeset="96436567" timestamp="2020-12-25T22:37:06Z" user="lorenzo23622" uid="476483">
  <nd ref="3665607351"/>
  <nd ref="3680259737"/>
  <nd ref="3680259738"/>
  <nd ref="3680259739"/>
  <nd ref="3680259740"/>
  <nd ref="3680259741"/>
  <nd ref="3680259742"/>
  <nd ref="8260655599"/>
  <nd ref="3680259743"/>
  <nd ref="3680259744"/>
  <nd ref="3680259745"/>
  <nd ref="3680259746"/>
  <nd ref="3680259747"/>
  <nd ref="3680259748"/>
  <nd ref="3680259749"/>
  <nd ref="3680259750"/>
  <nd ref="3680259751"/>
  <nd ref="3680259752"/>
  <nd ref="3680259753"/>
  <nd ref="3680259754"/>
  <nd ref="3680259755"/>
  <nd ref="3680259756"/>
  <nd ref="3680259757"/>
  <nd ref="3680259758"/>
  <nd ref="3665607346"/>
  <nd ref="3665607351"/>
  <tag k="natural" v="water"/>
  <tag k="water" v="river"/>
 </way>
 <way id="364638022" visible="true" version="3" changeset="98864751" timestamp="2021-02-07T20:26:54Z" user="chath_tsu" uid="6185950">
  <nd ref="3686769953"/>
  <nd ref="3686769954"/>
  <nd ref="3686769955"/>
  <nd ref="3686769956"/>
  <nd ref="3686769957"/>
  <nd ref="3686770006"/>
  <nd ref="3686769958"/>
  <nd ref="3686769959"/>
  <nd ref="3686769960"/>
  <nd ref="3686769961"/>
  <nd ref="3686769962"/>
  <nd ref="3686769963"/>
  <nd ref="3686769964"/>
  <nd ref="3686769965"/>
  <nd ref="3686769966"/>
  <nd ref="3686769967"/>
  <nd ref="3686769968"/>
  <nd ref="3686769969"/>
  <nd ref="3686769970"/>
  <nd ref="3686769971"/>
  <nd ref="3686769972"/>
  <nd ref="3686769973"/>
  <nd ref="3686769974"/>
  <nd ref="3686769975"/>
  <nd ref="3686769976"/>
  <nd ref="3686769977"/>
  <nd ref="3686769978"/>
  <nd ref="3686769979"/>
  <nd ref="3686769980"/>
  <nd ref="3686769981"/>
  <nd ref="3686769982"/>
  <nd ref="3686769983"/>
  <nd ref="3686769984"/>
  <nd ref="3686769985"/>
  <nd ref="3686769986"/>
  <nd ref="3686769987"/>
  <nd ref="3686769988"/>
  <nd ref="3686769989"/>
  <nd ref="3720776512"/>
  <nd ref="3720776513"/>
  <nd ref="3686769990"/>
  <nd ref="3686769991"/>
  <nd ref="3686769992"/>
  <nd ref="3686769993"/>
  <nd ref="3686769994"/>
  <nd ref="3686769995"/>
  <nd ref="3686769996"/>
  <nd ref="3686769997"/>
  <nd ref="3686769998"/>
  <nd ref="3686769999"/>
  <nd ref="3686770000"/>
  <nd ref="3686770001"/>
  <nd ref="3686770002"/>
  <nd ref="3686770003"/>
  <nd ref="3686770007"/>
  <nd ref="3686770004"/>
  <nd ref="3686770005"/>
  <nd ref="3685062842"/>
  <nd ref="3686769953"/>
  <tag k="natural" v="water"/>
  <tag k="water" v="river"/>
 </way>
 <way id="364638024" visible="true" version="1" changeset="33199412" timestamp="2015-08-08T11:45:22Z" user="Sharkmouse" uid="598053">
  <nd ref="3686772942"/>
  <nd ref="3686772943"/>
  <nd ref="3686772944"/>
  <nd ref="3686772945"/>
  <nd ref="3686772946"/>
  <nd ref="3686772947"/>
  <nd ref="3686772948"/>
  <nd ref="3686772949"/>
  <nd ref="3686772950"/>
  <nd ref="3686772951"/>
  <nd ref="3686772952"/>
  <nd ref="3686772953"/>
  <nd ref="3686772954"/>
  <nd ref="3686772955"/>
  <nd ref="3686772956"/>
  <nd ref="3686772957"/>
  <nd ref="3686772958"/>
  <nd ref="3686772959"/>
  <nd ref="3686772960"/>
  <nd ref="3686772961"/>
  <nd ref="3686772962"/>
  <nd ref="3686772963"/>
  <nd ref="3686772964"/>
  <nd ref="3686772965"/>
  <nd ref="3686772966"/>
  <nd ref="3686772967"/>
  <nd ref="3686772968"/>
  <nd ref="3686772969"/>
  <nd ref="3686772970"/>
  <nd ref="3686772971"/>
  <nd ref="3686772972"/>
  <nd ref="3686772973"/>
  <nd ref="3686772974"/>
  <nd ref="3686772975"/>
  <nd ref="3686772976"/>
  <nd ref="3686772977"/>
  <nd ref="3686772978"/>
  <nd ref="3686772979"/>
  <nd ref="3686772980"/>
  <nd ref="3686772981"/>
  <nd ref="3686772982"/>
  <nd ref="3686772983"/>
  <nd ref="3686772984"/>
  <nd ref="3686772985"/>
  <nd ref="3686772986"/>
  <nd ref="3686772987"/>
  <nd ref="3686772988"/>
  <nd ref="3686772989"/>
  <nd ref="3686772990"/>
  <nd ref="3686772991"/>
  <nd ref="3686772992"/>
  <nd ref="3686772993"/>
  <nd ref="3686772994"/>
  <nd ref="3686772995"/>
  <nd ref="3686772996"/>
  <nd ref="3686772997"/>
  <nd ref="3686772998"/>
  <nd ref="3686772999"/>
  <nd ref="3686773000"/>
  <nd ref="3686773001"/>
  <nd ref="3686773002"/>
  <nd ref="3686773003"/>
  <nd ref="3686773004"/>
  <nd ref="3686773005"/>
  <nd ref="3686773006"/>
  <nd ref="3686772942"/>
  <tag k="natural" v="water"/>
  <tag k="water" v="pond"/>
 </way>
 <way id="364638025" visible="true" version="1" changeset="33199412" timestamp="2015-08-08T11:45:22Z" user="Sharkmouse" uid="598053">
  <nd ref="3686773007"/>
  <nd ref="3686773008"/>
  <nd ref="3686773009"/>
  <nd ref="3686773010"/>
  <nd ref="3686773011"/>
  <nd ref="3686773012"/>
  <nd ref="3686773013"/>
  <nd ref="3686773014"/>
  <nd ref="3686773015"/>
  <nd ref="3686773016"/>
  <nd ref="3686773017"/>
  <nd ref="3686773018"/>
  <nd ref="3686773019"/>
  <nd ref="3686773020"/>
  <nd ref="3686773021"/>
  <nd ref="3686773022"/>
  <nd ref="3686773023"/>
  <nd ref="3686773024"/>
  <nd ref="3686773007"/>
  <tag k="natural" v="water"/>
  <tag k="water" v="pond"/>
 </way>
 <way id="364847514" visible="true" version="2" changeset="121705432" timestamp="2022-05-30T11:39:36Z" user="h4ic8bn3kstr" uid="12863618">
  <nd ref="3688817412"/>
  <nd ref="3688817413"/>
  <nd ref="3688817414"/>
  <nd ref="3688817415"/>
  <nd ref="3688817412"/>
  <tag k="building" v="apartments"/>
 </way>
 <way id="364847517" visible="true" version="2" changeset="121705432" timestamp="2022-05-30T11:39:36Z" user="h4ic8bn3kstr" uid="12863618">
  <nd ref="3688817416"/>
  <nd ref="3688817417"/>
  <nd ref="3688817418"/>
  <nd ref="3688817419"/>
  <nd ref="3688817416"/>
  <tag k="building" v="apartments"/>
 </way>
 <way id="364847519" visible="true" version="2" changeset="121705432" timestamp="2022-05-30T11:39:36Z" user="h4ic8bn3kstr" uid="12863618">
  <nd ref="3688817420"/>
  <nd ref="3688817421"/>
  <nd ref="3688817422"/>
  <nd ref="3688817423"/>
  <nd ref="3688817420"/>
  <tag k="building" v="apartments"/>
 </way>
 <way id="364847522" visible="true" version="2" changeset="121705432" timestamp="2022-05-30T11:39:36Z" user="h4ic8bn3kstr" uid="12863618">
  <nd ref="3688817424"/>
  <nd ref="3688819925"/>
  <nd ref="3688819926"/>
  <nd ref="3688819927"/>
  <nd ref="3688817424"/>
  <tag k="building" v="apartments"/>
 </way>
 <way id="364847524" visible="true" version="2" changeset="121705432" timestamp="2022-05-30T11:39:36Z" user="h4ic8bn3kstr" uid="12863618">
  <nd ref="3688819928"/>
  <nd ref="3688819929"/>
  <nd ref="3688819930"/>
  <nd ref="3688819931"/>
  <nd ref="3688819928"/>
  <tag k="building" v="apartments"/>
 </way>
 <way id="364847531" visible="true" version="2" changeset="121705432" timestamp="2022-05-30T11:39:36Z" user="h4ic8bn3kstr" uid="12863618">
  <nd ref="3688819940"/>
  <nd ref="3688819941"/>
  <nd ref="3688819942"/>
  <nd ref="3688819943"/>
  <nd ref="3688819940"/>
  <tag k="building" v="apartments"/>
 </way>
 <way id="364847532" visible="true" version="2" changeset="121705432" timestamp="2022-05-30T11:39:36Z" user="h4ic8bn3kstr" uid="12863618">
  <nd ref="3688819944"/>
  <nd ref="3688819945"/>
  <nd ref="3688819946"/>
  <nd ref="3688819947"/>
  <nd ref="3688819944"/>
  <tag k="building" v="apartments"/>
 </way>
 <way id="364847536" visible="true" version="2" changeset="121705432" timestamp="2022-05-30T11:39:36Z" user="h4ic8bn3kstr" uid="12863618">
  <nd ref="3688819952"/>
  <nd ref="3688819953"/>
  <nd ref="3688819954"/>
  <nd ref="3688819955"/>
  <nd ref="3688819952"/>
  <tag k="building" v="apartments"/>
 </way>
 <way id="364847541" visible="true" version="2" changeset="121705432" timestamp="2022-05-30T11:39:36Z" user="h4ic8bn3kstr" uid="12863618">
  <nd ref="3688819956"/>
  <nd ref="3688819957"/>
  <nd ref="3688819958"/>
  <nd ref="3688819959"/>
  <nd ref="3688819956"/>
  <tag k="building" v="apartments"/>
 </way>
 <way id="364847545" visible="true" version="2" changeset="121705432" timestamp="2022-05-30T11:39:36Z" user="h4ic8bn3kstr" uid="12863618">
  <nd ref="3688819964"/>
  <nd ref="3688819965"/>
  <nd ref="3688819966"/>
  <nd ref="3688819967"/>
  <nd ref="3688819964"/>
  <tag k="building" v="apartments"/>
 </way>
 <way id="364849656" visible="true" version="1" changeset="33231168" timestamp="2015-08-10T05:37:06Z" user="KUNSHAN_MAHUR1" uid="3137659">
  <nd ref="3688832447"/>
  <nd ref="3688832448"/>
  <nd ref="3688832449"/>
  <nd ref="3688832450"/>
  <nd ref="3688832451"/>
  <nd ref="3688832452"/>
  <nd ref="3688832447"/>
  <tag k="building" v="yes"/>
 </way>
 <way id="364849657" visible="true" version="1" changeset="33231168" timestamp="2015-08-10T05:37:06Z" user="KUNSHAN_MAHUR1" uid="3137659">
  <nd ref="3688832453"/>
  <nd ref="3688832454"/>
  <nd ref="3688832455"/>
  <nd ref="3688832456"/>
  <nd ref="3688832457"/>
  <nd ref="3688832458"/>
  <nd ref="3688832453"/>
  <tag k="building" v="yes"/>
 </way>
 <way id="365052022" visible="true" version="2" changeset="122431632" timestamp="2022-06-15T19:07:11Z" user="h4ic8bn3kstr" uid="12863618">
  <nd ref="3690972624"/>
  <nd ref="3690972625"/>
  <nd ref="3690972626"/>
  <nd ref="3690972627"/>
  <nd ref="3690972628"/>
  <nd ref="3690972629"/>
  <nd ref="3690972630"/>
  <nd ref="3690972631"/>
  <nd ref="3690972624"/>
  <tag k="was:building" v="house"/>
 </way>
 <way id="365052023" visible="true" version="2" changeset="122431632" timestamp="2022-06-15T19:07:11Z" user="h4ic8bn3kstr" uid="12863618">
  <nd ref="3690972632"/>
  <nd ref="3690972633"/>
  <nd ref="3690972634"/>
  <nd ref="3690972635"/>
  <nd ref="3690972632"/>
  <tag k="was:building" v="house"/>
 </way>
 <way id="365052024" visible="true" version="2" changeset="122431632" timestamp="2022-06-15T19:07:11Z" user="h4ic8bn3kstr" uid="12863618">
  <nd ref="3690972636"/>
  <nd ref="3690972637"/>
  <nd ref="3690972638"/>
  <nd ref="3690972639"/>
  <nd ref="3690972636"/>
  <tag k="was:building" v="house"/>
 </way>
 <way id="365052029" visible="true" version="2" changeset="122431632" timestamp="2022-06-15T19:07:11Z" user="h4ic8bn3kstr" uid="12863618">
  <nd ref="3690972656"/>
  <nd ref="3690972657"/>
  <nd ref="3690972658"/>
  <nd ref="3690972659"/>
  <nd ref="3690972656"/>
  <tag k="was:building" v="house"/>
 </way>
 <way id="365052030" visible="true" version="2" changeset="122431632" timestamp="2022-06-15T19:07:11Z" user="h4ic8bn3kstr" uid="12863618">
  <nd ref="3690972660"/>
  <nd ref="3690972661"/>
  <nd ref="3690972662"/>
  <nd ref="3690972663"/>
  <nd ref="3690972670"/>
  <nd ref="3690972664"/>
  <nd ref="3690972665"/>
  <nd ref="3690972666"/>
  <nd ref="3690972667"/>
  <nd ref="3690972660"/>
  <tag k="was:building" v="house"/>
 </way>
 <way id="365052032" visible="true" version="2" changeset="122431632" timestamp="2022-06-15T19:07:11Z" user="h4ic8bn3kstr" uid="12863618">
  <nd ref="3690972672"/>
  <nd ref="3690972673"/>
  <nd ref="3690972674"/>
  <nd ref="3690972675"/>
  <nd ref="3690972672"/>
  <tag k="was:building" v="house"/>
 </way>
 <way id="365052033" visible="true" version="2" changeset="122431632" timestamp="2022-06-15T19:07:11Z" user="h4ic8bn3kstr" uid="12863618">
  <nd ref="3690972676"/>
  <nd ref="3690972677"/>
  <nd ref="3690972678"/>
  <nd ref="3690972679"/>
  <nd ref="3690972680"/>
  <nd ref="3690972681"/>
  <nd ref="3690972682"/>
  <nd ref="3690972683"/>
  <nd ref="3690972676"/>
  <tag k="was:building" v="house"/>
 </way>
 <way id="365052034" visible="true" version="3" changeset="96812377" timestamp="2021-01-02T15:23:35Z" user="shanhulittle" uid="11213533">
  <nd ref="8283958847"/>
  <nd ref="3690972684"/>
  <nd ref="3690972685"/>
  <nd ref="3690972686"/>
  <nd ref="3690972687"/>
  <nd ref="3690972688"/>
  <nd ref="3690972689"/>
  <nd ref="3690972690"/>
  <nd ref="3690972691"/>
  <nd ref="3690972692"/>
  <nd ref="3690972693"/>
  <nd ref="3690972694"/>
  <nd ref="3690972695"/>
  <nd ref="8283958848"/>
  <tag k="highway" v="residential"/>
 </way>
 <way id="365052035" visible="true" version="2" changeset="122431632" timestamp="2022-06-15T19:07:11Z" user="h4ic8bn3kstr" uid="12863618">
  <nd ref="3690972696"/>
  <nd ref="3690972697"/>
  <nd ref="3690972698"/>
  <nd ref="3690972699"/>
  <nd ref="3690972696"/>
  <tag k="was:building" v="house"/>
 </way>
 <way id="365052046" visible="true" version="1" changeset="33260337" timestamp="2015-08-11T08:34:07Z" user="Leonor Gausachs" uid="3139729">
  <nd ref="3690972748"/>
  <nd ref="3690972749"/>
  <nd ref="3690972750"/>
  <nd ref="3690972751"/>
  <nd ref="3690972748"/>
  <tag k="building" v="yes"/>
 </way>
 <way id="365052047" visible="true" version="1" changeset="33260337" timestamp="2015-08-11T08:34:07Z" user="Leonor Gausachs" uid="3139729">
  <nd ref="3690972752"/>
  <nd ref="3690972753"/>
  <nd ref="3690972754"/>
  <nd ref="3690972755"/>
  <nd ref="3690972752"/>
  <tag k="building" v="house"/>
 </way>
 <way id="365052048" visible="true" version="1" changeset="33260337" timestamp="2015-08-11T08:34:08Z" user="Leonor Gausachs" uid="3139729">
  <nd ref="3690972756"/>
  <nd ref="3690972757"/>
  <nd ref="3690972758"/>
  <nd ref="3690972759"/>
  <nd ref="3690972756"/>
  <tag k="building" v="house"/>
 </way>
 <way id="365061410" visible="true" version="1" changeset="33261733" timestamp="2015-08-11T09:51:44Z" user="Leonor Gausachs" uid="3139729">
  <nd ref="3691056938"/>
  <nd ref="3691056939"/>
  <nd ref="3691056940"/>
  <nd ref="3691056941"/>
  <nd ref="3691056938"/>
  <tag k="building" v="house"/>
 </way>
 <way id="365061411" visible="true" version="1" changeset="33261733" timestamp="2015-08-11T09:51:44Z" user="Leonor Gausachs" uid="3139729">
  <nd ref="3691056942"/>
  <nd ref="3691056943"/>
  <nd ref="3691056944"/>
  <nd ref="3691056945"/>
  <nd ref="3691056942"/>
  <tag k="building" v="house"/>
 </way>
 <way id="365061458" visible="true" version="1" changeset="33261733" timestamp="2015-08-11T09:51:46Z" user="Leonor Gausachs" uid="3139729">
  <nd ref="3691057210"/>
  <nd ref="3691057211"/>
  <nd ref="3691057212"/>
  <nd ref="3691057213"/>
  <nd ref="3691057210"/>
  <tag k="building" v="house"/>
 </way>
 <way id="365061465" visible="true" version="1" changeset="33261733" timestamp="2015-08-11T09:51:47Z" user="Leonor Gausachs" uid="3139729">
  <nd ref="3691057334"/>
  <nd ref="3691057335"/>
  <nd ref="3691057336"/>
  <nd ref="3691057337"/>
  <nd ref="3691057334"/>
  <tag k="building" v="house"/>
 </way>
 <way id="365061466" visible="true" version="1" changeset="33261733" timestamp="2015-08-11T09:51:47Z" user="Leonor Gausachs" uid="3139729">
  <nd ref="3691057338"/>
  <nd ref="3691057339"/>
  <nd ref="3691057340"/>
  <nd ref="3691057341"/>
  <nd ref="3691057338"/>
  <tag k="building" v="house"/>
 </way>
 <way id="365061467" visible="true" version="1" changeset="33261733" timestamp="2015-08-11T09:51:47Z" user="Leonor Gausachs" uid="3139729">
  <nd ref="3691057342"/>
  <nd ref="3691057343"/>
  <nd ref="3691057344"/>
  <nd ref="3691057345"/>
  <nd ref="3691057342"/>
  <tag k="building" v="house"/>
 </way>
 <way id="365061468" visible="true" version="1" changeset="33261733" timestamp="2015-08-11T09:51:47Z" user="Leonor Gausachs" uid="3139729">
  <nd ref="3691057346"/>
  <nd ref="3691057347"/>
  <nd ref="3691057348"/>
  <nd ref="3691057349"/>
  <nd ref="3691057346"/>
  <tag k="building" v="house"/>
 </way>
 <way id="365061469" visible="true" version="1" changeset="33261733" timestamp="2015-08-11T09:51:47Z" user="Leonor Gausachs" uid="3139729">
  <nd ref="3691057350"/>
  <nd ref="3691057351"/>
  <nd ref="3691057352"/>
  <nd ref="3691057353"/>
  <nd ref="3691057350"/>
  <tag k="building" v="house"/>
 </way>
 <way id="365061470" visible="true" version="1" changeset="33261733" timestamp="2015-08-11T09:51:47Z" user="Leonor Gausachs" uid="3139729">
  <nd ref="3691057354"/>
  <nd ref="3691057355"/>
  <nd ref="3691057356"/>
  <nd ref="3691057357"/>
  <nd ref="3691057354"/>
  <tag k="building" v="house"/>
 </way>
 <way id="365061471" visible="true" version="1" changeset="33261733" timestamp="2015-08-11T09:51:47Z" user="Leonor Gausachs" uid="3139729">
  <nd ref="3691057358"/>
  <nd ref="3691057359"/>
  <nd ref="3691057360"/>
  <nd ref="3691057361"/>
  <nd ref="3691057358"/>
  <tag k="building" v="house"/>
 </way>
 <way id="365061472" visible="true" version="1" changeset="33261733" timestamp="2015-08-11T09:51:47Z" user="Leonor Gausachs" uid="3139729">
  <nd ref="3691057362"/>
  <nd ref="3691057363"/>
  <nd ref="3691057364"/>
  <nd ref="3691057365"/>
  <nd ref="3691057362"/>
  <tag k="building" v="house"/>
 </way>
 <way id="365061474" visible="true" version="1" changeset="33261733" timestamp="2015-08-11T09:51:47Z" user="Leonor Gausachs" uid="3139729">
  <nd ref="3691057366"/>
  <nd ref="3691057367"/>
  <nd ref="3691057368"/>
  <nd ref="3691057369"/>
  <nd ref="3691057366"/>
  <tag k="building" v="house"/>
 </way>
 <way id="365061475" visible="true" version="1" changeset="33261733" timestamp="2015-08-11T09:51:47Z" user="Leonor Gausachs" uid="3139729">
  <nd ref="3691057370"/>
  <nd ref="3691057371"/>
  <nd ref="3691057372"/>
  <nd ref="3691057373"/>
  <nd ref="3691057370"/>
  <tag k="building" v="house"/>
 </way>
 <way id="365061477" visible="true" version="2" changeset="122434471" timestamp="2022-06-15T20:41:51Z" user="h4ic8bn3kstr" uid="12863618">
  <nd ref="3691057374"/>
  <nd ref="3691057375"/>
  <nd ref="3691057376"/>
  <nd ref="3691057377"/>
  <nd ref="3691057374"/>
  <tag k="building" v="detached"/>
 </way>
 <way id="365061478" visible="true" version="2" changeset="122434471" timestamp="2022-06-15T20:41:51Z" user="h4ic8bn3kstr" uid="12863618">
  <nd ref="3691057378"/>
  <nd ref="3691057379"/>
  <nd ref="3691057380"/>
  <nd ref="3691057381"/>
  <nd ref="3691057378"/>
  <tag k="building" v="detached"/>
 </way>
 <way id="365061479" visible="true" version="2" changeset="122434471" timestamp="2022-06-15T20:41:51Z" user="h4ic8bn3kstr" uid="12863618">
  <nd ref="3691057382"/>
  <nd ref="3691057383"/>
  <nd ref="3691057384"/>
  <nd ref="3691057385"/>
  <nd ref="3691057382"/>
  <tag k="building" v="detached"/>
 </way>
 <way id="365061480" visible="true" version="2" changeset="122434471" timestamp="2022-06-15T20:41:51Z" user="h4ic8bn3kstr" uid="12863618">
  <nd ref="3691057386"/>
  <nd ref="3691057387"/>
  <nd ref="3691057388"/>
  <nd ref="3691057389"/>
  <nd ref="3691057386"/>
  <tag k="building" v="detached"/>
 </way>
 <way id="365061482" visible="true" version="2" changeset="122434471" timestamp="2022-06-15T20:41:51Z" user="h4ic8bn3kstr" uid="12863618">
  <nd ref="3691057390"/>
  <nd ref="3691057391"/>
  <nd ref="3691057392"/>
  <nd ref="3691057393"/>
  <nd ref="3691057390"/>
  <tag k="building" v="detached"/>
 </way>
 <way id="365064478" visible="true" version="1" changeset="33262279" timestamp="2015-08-11T10:21:01Z" user="Leonor Gausachs" uid="3139729">
  <nd ref="3691092250"/>
  <nd ref="3691092251"/>
  <nd ref="3691092252"/>
  <nd ref="3691092253"/>
  <nd ref="3691092254"/>
  <nd ref="3691092255"/>
  <nd ref="3691092256"/>
  <nd ref="3691092257"/>
  <nd ref="3691092250"/>
  <tag k="building" v="house"/>
 </way>
 <way id="365064479" visible="true" version="1" changeset="33262279" timestamp="2015-08-11T10:21:01Z" user="Leonor Gausachs" uid="3139729">
  <nd ref="3691092258"/>
  <nd ref="3691092259"/>
  <nd ref="3691092260"/>
  <nd ref="3691092261"/>
  <nd ref="3691092262"/>
  <nd ref="3691092263"/>
  <nd ref="3691092264"/>
  <nd ref="3691092265"/>
  <nd ref="3691092258"/>
  <tag k="building" v="house"/>
 </way>
 <way id="365064480" visible="true" version="1" changeset="33262279" timestamp="2015-08-11T10:21:02Z" user="Leonor Gausachs" uid="3139729">
  <nd ref="3691092266"/>
  <nd ref="3691092267"/>
  <nd ref="3691092268"/>
  <nd ref="3691092269"/>
  <nd ref="3691092270"/>
  <nd ref="3691092271"/>
  <nd ref="3691092272"/>
  <nd ref="3691092273"/>
  <nd ref="3691092266"/>
  <tag k="building" v="house"/>
 </way>
 <way id="365064481" visible="true" version="1" changeset="33262279" timestamp="2015-08-11T10:21:02Z" user="Leonor Gausachs" uid="3139729">
  <nd ref="3691092274"/>
  <nd ref="3691092275"/>
  <nd ref="3691092276"/>
  <nd ref="3691092277"/>
  <nd ref="3691092278"/>
  <nd ref="3691092279"/>
  <nd ref="3691092280"/>
  <nd ref="3691092281"/>
  <nd ref="3691092274"/>
  <tag k="building" v="house"/>
 </way>
 <way id="365064482" visible="true" version="1" changeset="33262279" timestamp="2015-08-11T10:21:02Z" user="Leonor Gausachs" uid="3139729">
  <nd ref="3691092282"/>
  <nd ref="3691092283"/>
  <nd ref="3691092284"/>
  <nd ref="3691092285"/>
  <nd ref="3691092286"/>
  <nd ref="3691092287"/>
  <nd ref="3691092288"/>
  <nd ref="3691092289"/>
  <nd ref="3691092282"/>
  <tag k="building" v="house"/>
 </way>
 <way id="365064502" visible="true" version="1" changeset="33262279" timestamp="2015-08-11T10:21:03Z" user="Leonor Gausachs" uid="3139729">
  <nd ref="3691092366"/>
  <nd ref="3691092367"/>
  <nd ref="3691092368"/>
  <nd ref="3691092369"/>
  <nd ref="3691092366"/>
  <tag k="building" v="yes"/>
 </way>
 <way id="365064503" visible="true" version="2" changeset="46484785" timestamp="2017-03-01T04:55:45Z" user="Kate Diaz" uid="4803527">
  <nd ref="3691092370"/>
  <nd ref="3691092371"/>
  <nd ref="4711089962"/>
  <nd ref="3691092372"/>
  <nd ref="3691092373"/>
  <nd ref="3691092370"/>
  <tag k="building" v="yes"/>
 </way>
 <way id="365064504" visible="true" version="1" changeset="33262279" timestamp="2015-08-11T10:21:03Z" user="Leonor Gausachs" uid="3139729">
  <nd ref="3691092374"/>
  <nd ref="3691092375"/>
  <nd ref="3691092376"/>
  <nd ref="3691092377"/>
  <nd ref="3691092374"/>
  <tag k="building" v="yes"/>
 </way>
 <way id="365064505" visible="true" version="1" changeset="33262279" timestamp="2015-08-11T10:21:03Z" user="Leonor Gausachs" uid="3139729">
  <nd ref="3691092378"/>
  <nd ref="3691092379"/>
  <nd ref="3691092380"/>
  <nd ref="3691092381"/>
  <nd ref="3691092378"/>
  <tag k="building" v="house"/>
 </way>
 <way id="365064509" visible="true" version="1" changeset="33262279" timestamp="2015-08-11T10:21:03Z" user="Leonor Gausachs" uid="3139729">
  <nd ref="3691092394"/>
  <nd ref="3691092395"/>
  <nd ref="3691092396"/>
  <nd ref="3691092397"/>
  <nd ref="3691092394"/>
  <tag k="building" v="house"/>
 </way>
 <way id="365066766" visible="true" version="1" changeset="33262534" timestamp="2015-08-11T10:31:54Z" user="Leonor Gausachs" uid="3139729">
  <nd ref="3691109786"/>
  <nd ref="3691109787"/>
  <nd ref="3691109788"/>
  <nd ref="3691109789"/>
  <nd ref="3691109786"/>
  <tag k="building" v="house"/>
 </way>
 <way id="365066767" visible="true" version="1" changeset="33262534" timestamp="2015-08-11T10:31:54Z" user="Leonor Gausachs" uid="3139729">
  <nd ref="3691109790"/>
  <nd ref="3691109791"/>
  <nd ref="3691109792"/>
  <nd ref="3691109793"/>
  <nd ref="3691109790"/>
  <tag k="building" v="house"/>
 </way>
 <way id="365214663" visible="true" version="1" changeset="33281232" timestamp="2015-08-12T00:59:34Z" user="Leonor Gausachs" uid="3139729">
  <nd ref="3692621971"/>
  <nd ref="3692621972"/>
  <nd ref="3692621973"/>
  <nd ref="3692621974"/>
  <nd ref="3692621971"/>
  <tag k="building" v="house"/>
 </way>
 <way id="365214664" visible="true" version="1" changeset="33281232" timestamp="2015-08-12T00:59:34Z" user="Leonor Gausachs" uid="3139729">
  <nd ref="3692621975"/>
  <nd ref="3692621976"/>
  <nd ref="3692621977"/>
  <nd ref="3692621978"/>
  <nd ref="3692621975"/>
  <tag k="building" v="house"/>
 </way>
 <way id="365214665" visible="true" version="1" changeset="33281232" timestamp="2015-08-12T00:59:34Z" user="Leonor Gausachs" uid="3139729">
  <nd ref="3692621979"/>
  <nd ref="3692621980"/>
  <nd ref="3692621981"/>
  <nd ref="3692621982"/>
  <nd ref="3692621979"/>
  <tag k="building" v="house"/>
 </way>
 <way id="365214673" visible="true" version="2" changeset="129178331" timestamp="2022-11-21T04:14:47Z" user="shanhulittle" uid="11213533">
  <nd ref="3692622011"/>
  <nd ref="3692622012"/>
  <nd ref="3692622013"/>
  <nd ref="3692622014"/>
  <nd ref="3692622015"/>
  <nd ref="3692622011"/>
  <tag k="natural" v="water"/>
 </way>
 <way id="365223017" visible="true" version="2" changeset="134940968" timestamp="2023-04-15T13:40:49Z" user="shanhulittle" uid="11213533">
  <nd ref="3692678566"/>
  <nd ref="3692678565"/>
  <nd ref="10814486017"/>
  <nd ref="10814486016"/>
  <nd ref="3692678563"/>
  <nd ref="3692678561"/>
  <nd ref="3692678562"/>
  <tag k="highway" v="service"/>
 </way>
 <way id="365223021" visible="true" version="2" changeset="134940968" timestamp="2023-04-15T13:40:49Z" user="shanhulittle" uid="11213533">
  <nd ref="3692678570"/>
  <nd ref="3692678569"/>
  <nd ref="3692678571"/>
  <tag k="highway" v="service"/>
 </way>
 <way id="365223023" visible="true" version="2" changeset="53000003" timestamp="2017-10-17T04:16:50Z" user="Austin Zhu" uid="4816761">
  <nd ref="3692678573"/>
  <nd ref="3692678574"/>
  <nd ref="3692678575"/>
  <tag k="highway" v="service"/>
 </way>
 <way id="365224895" visible="true" version="3" changeset="134940968" timestamp="2023-04-15T13:40:49Z" user="shanhulittle" uid="11213533">
  <nd ref="3692678553"/>
  <nd ref="3692703491"/>
  <nd ref="3692678631"/>
  <nd ref="3692678632"/>
  <tag k="highway" v="service"/>
 </way>
 <way id="365224899" visible="true" version="2" changeset="134940968" timestamp="2023-04-15T13:40:49Z" user="shanhulittle" uid="11213533">
  <nd ref="3692678642"/>
  <nd ref="3692678645"/>
  <tag k="highway" v="service"/>
 </way>
 <way id="365226903" visible="true" version="1" changeset="33282205" timestamp="2015-08-12T03:55:55Z" user="Leonor Gausachs" uid="3139729">
  <nd ref="3692698835"/>
  <nd ref="3692698836"/>
  <nd ref="3692698837"/>
  <nd ref="3692698838"/>
  <nd ref="3692698835"/>
  <tag k="building" v="house"/>
 </way>
 <way id="365226904" visible="true" version="1" changeset="33282205" timestamp="2015-08-12T03:55:55Z" user="Leonor Gausachs" uid="3139729">
  <nd ref="3692698839"/>
  <nd ref="3692698840"/>
  <nd ref="3692698841"/>
  <nd ref="3692698842"/>
  <nd ref="3692698839"/>
  <tag k="building" v="house"/>
 </way>
 <way id="365226905" visible="true" version="1" changeset="33282205" timestamp="2015-08-12T03:55:55Z" user="Leonor Gausachs" uid="3139729">
  <nd ref="3692698843"/>
  <nd ref="3692698844"/>
  <nd ref="3692698845"/>
  <nd ref="3692698846"/>
  <nd ref="3692698843"/>
  <tag k="building" v="house"/>
 </way>
 <way id="365226939" visible="true" version="3" changeset="53000003" timestamp="2017-10-17T04:16:51Z" user="Austin Zhu" uid="4816761">
  <nd ref="3692703283"/>
  <nd ref="4189969765"/>
  <nd ref="3692703284"/>
  <tag k="highway" v="service"/>
 </way>
 <way id="365226946" visible="true" version="1" changeset="33282205" timestamp="2015-08-12T03:55:58Z" user="Leonor Gausachs" uid="3139729">
  <nd ref="3692703304"/>
  <nd ref="3692703305"/>
  <nd ref="3692703306"/>
  <nd ref="3692703307"/>
  <nd ref="3692703304"/>
  <tag k="building" v="yes"/>
 </way>
 <way id="365226947" visible="true" version="1" changeset="33282205" timestamp="2015-08-12T03:55:58Z" user="Leonor Gausachs" uid="3139729">
  <nd ref="3692703308"/>
  <nd ref="3692703309"/>
  <nd ref="3692703310"/>
  <nd ref="3692703311"/>
  <nd ref="3692703308"/>
  <tag k="building" v="yes"/>
 </way>
 <way id="365226949" visible="true" version="2" changeset="134940968" timestamp="2023-04-15T13:40:49Z" user="shanhulittle" uid="11213533">
  <nd ref="3692703316"/>
  <nd ref="3692703317"/>
  <nd ref="3692703318"/>
  <nd ref="3692703319"/>
  <nd ref="10814486151"/>
  <tag k="highway" v="service"/>
 </way>
 <way id="365226950" visible="true" version="4" changeset="96436567" timestamp="2020-12-25T22:37:06Z" user="lorenzo23622" uid="476483">
  <nd ref="8260655611"/>
  <nd ref="8260655610"/>
  <nd ref="8260655609"/>
  <nd ref="8260655608"/>
  <nd ref="8260655607"/>
  <nd ref="3721610516"/>
  <tag k="highway" v="residential"/>
 </way>
 <way id="365226951" visible="true" version="1" changeset="33282205" timestamp="2015-08-12T03:55:58Z" user="Leonor Gausachs" uid="3139729">
  <nd ref="3692703324"/>
  <nd ref="3692703325"/>
  <nd ref="3692703326"/>
  <nd ref="3692703327"/>
  <nd ref="3692703324"/>
  <tag k="building" v="yes"/>
 </way>
 <way id="365226953" visible="true" version="1" changeset="33282205" timestamp="2015-08-12T03:55:58Z" user="Leonor Gausachs" uid="3139729">
  <nd ref="3692703332"/>
  <nd ref="3692703333"/>
  <nd ref="3692703334"/>
  <nd ref="3692703335"/>
  <nd ref="3692703332"/>
  <tag k="building" v="apartments"/>
 </way>
 <way id="365226954" visible="true" version="1" changeset="33282205" timestamp="2015-08-12T03:55:58Z" user="Leonor Gausachs" uid="3139729">
  <nd ref="3692703336"/>
  <nd ref="3692703337"/>
  <nd ref="3692703338"/>
  <nd ref="3692703339"/>
  <nd ref="3692703336"/>
  <tag k="building" v="apartments"/>
 </way>
 <way id="365226957" visible="true" version="1" changeset="33282205" timestamp="2015-08-12T03:55:58Z" user="Leonor Gausachs" uid="3139729">
  <nd ref="3692703348"/>
  <nd ref="3692703349"/>
  <nd ref="3692703350"/>
  <nd ref="3692703351"/>
  <nd ref="3692703348"/>
  <tag k="building" v="apartments"/>
 </way>
 <way id="365226958" visible="true" version="1" changeset="33282205" timestamp="2015-08-12T03:55:58Z" user="Leonor Gausachs" uid="3139729">
  <nd ref="3692703352"/>
  <nd ref="3692703353"/>
  <nd ref="3692703354"/>
  <nd ref="3692703355"/>
  <nd ref="3692703352"/>
  <tag k="building" v="apartments"/>
 </way>
 <way id="365226959" visible="true" version="1" changeset="33282205" timestamp="2015-08-12T03:55:58Z" user="Leonor Gausachs" uid="3139729">
  <nd ref="3692703356"/>
  <nd ref="3692703357"/>
  <nd ref="3692703358"/>
  <nd ref="3692703359"/>
  <nd ref="3692703356"/>
  <tag k="building" v="apartments"/>
 </way>
 <way id="365226960" visible="true" version="1" changeset="33282205" timestamp="2015-08-12T03:55:58Z" user="Leonor Gausachs" uid="3139729">
  <nd ref="3692703360"/>
  <nd ref="3692703361"/>
  <nd ref="3692703362"/>
  <nd ref="3692703363"/>
  <nd ref="3692703360"/>
  <tag k="building" v="apartments"/>
 </way>
 <way id="365226961" visible="true" version="1" changeset="33282205" timestamp="2015-08-12T03:55:58Z" user="Leonor Gausachs" uid="3139729">
  <nd ref="3692703364"/>
  <nd ref="3692703365"/>
  <nd ref="3692703366"/>
  <nd ref="3692703367"/>
  <nd ref="3692703364"/>
  <tag k="building" v="apartments"/>
 </way>
 <way id="365226962" visible="true" version="1" changeset="33282205" timestamp="2015-08-12T03:55:58Z" user="Leonor Gausachs" uid="3139729">
  <nd ref="3692703368"/>
  <nd ref="3692703369"/>
  <nd ref="3692703370"/>
  <nd ref="3692703371"/>
  <nd ref="3692703368"/>
  <tag k="building" v="apartments"/>
 </way>
 <way id="365226963" visible="true" version="1" changeset="33282205" timestamp="2015-08-12T03:55:58Z" user="Leonor Gausachs" uid="3139729">
  <nd ref="3692703372"/>
  <nd ref="3692703373"/>
  <nd ref="3692703374"/>
  <nd ref="3692703375"/>
  <nd ref="3692703372"/>
  <tag k="building" v="apartments"/>
 </way>
 <way id="365226964" visible="true" version="1" changeset="33282205" timestamp="2015-08-12T03:55:58Z" user="Leonor Gausachs" uid="3139729">
  <nd ref="3692703376"/>
  <nd ref="3692703377"/>
  <nd ref="3692703378"/>
  <nd ref="3692703379"/>
  <nd ref="3692703376"/>
  <tag k="building" v="apartments"/>
 </way>
 <way id="365226965" visible="true" version="1" changeset="33282205" timestamp="2015-08-12T03:55:59Z" user="Leonor Gausachs" uid="3139729">
  <nd ref="3692703380"/>
  <nd ref="3692703381"/>
  <nd ref="3692703382"/>
  <nd ref="3692703383"/>
  <nd ref="3692703380"/>
  <tag k="building" v="apartments"/>
 </way>
 <way id="365226966" visible="true" version="1" changeset="33282205" timestamp="2015-08-12T03:55:59Z" user="Leonor Gausachs" uid="3139729">
  <nd ref="3692703384"/>
  <nd ref="3692703385"/>
  <nd ref="3692703386"/>
  <nd ref="3692703387"/>
  <nd ref="3692703384"/>
  <tag k="building" v="apartments"/>
 </way>
 <way id="365226967" visible="true" version="1" changeset="33282205" timestamp="2015-08-12T03:55:59Z" user="Leonor Gausachs" uid="3139729">
  <nd ref="3692703388"/>
  <nd ref="3692703389"/>
  <nd ref="3692703390"/>
  <nd ref="3692703391"/>
  <nd ref="3692703388"/>
  <tag k="building" v="apartments"/>
 </way>
 <way id="365226968" visible="true" version="1" changeset="33282205" timestamp="2015-08-12T03:55:59Z" user="Leonor Gausachs" uid="3139729">
  <nd ref="3692703392"/>
  <nd ref="3692703393"/>
  <nd ref="3692703394"/>
  <nd ref="3692703395"/>
  <nd ref="3692703392"/>
  <tag k="building" v="apartments"/>
 </way>
 <way id="365226969" visible="true" version="1" changeset="33282205" timestamp="2015-08-12T03:55:59Z" user="Leonor Gausachs" uid="3139729">
  <nd ref="3692703396"/>
  <nd ref="3692703397"/>
  <nd ref="3692703398"/>
  <nd ref="3692703399"/>
  <nd ref="3692703396"/>
  <tag k="building" v="apartments"/>
 </way>
 <way id="365226970" visible="true" version="1" changeset="33282205" timestamp="2015-08-12T03:55:59Z" user="Leonor Gausachs" uid="3139729">
  <nd ref="3692703400"/>
  <nd ref="3692703401"/>
  <nd ref="3692703402"/>
  <nd ref="3692703403"/>
  <nd ref="3692703400"/>
  <tag k="building" v="apartments"/>
 </way>
 <way id="365226971" visible="true" version="1" changeset="33282205" timestamp="2015-08-12T03:55:59Z" user="Leonor Gausachs" uid="3139729">
  <nd ref="3692703404"/>
  <nd ref="3692703405"/>
  <nd ref="3692703406"/>
  <nd ref="3692703407"/>
  <nd ref="3692703404"/>
  <tag k="building" v="apartments"/>
 </way>
 <way id="365226972" visible="true" version="1" changeset="33282205" timestamp="2015-08-12T03:55:59Z" user="Leonor Gausachs" uid="3139729">
  <nd ref="3692703408"/>
  <nd ref="3692703409"/>
  <nd ref="3692703410"/>
  <nd ref="3692703411"/>
  <nd ref="3692703408"/>
  <tag k="building" v="apartments"/>
 </way>
 <way id="365226973" visible="true" version="1" changeset="33282205" timestamp="2015-08-12T03:55:59Z" user="Leonor Gausachs" uid="3139729">
  <nd ref="3692703412"/>
  <nd ref="3692703413"/>
  <nd ref="3692703414"/>
  <nd ref="3692703415"/>
  <nd ref="3692703412"/>
  <tag k="building" v="apartments"/>
 </way>
 <way id="365226974" visible="true" version="1" changeset="33282205" timestamp="2015-08-12T03:55:59Z" user="Leonor Gausachs" uid="3139729">
  <nd ref="3692703416"/>
  <nd ref="3692703417"/>
  <nd ref="3692703418"/>
  <nd ref="3692703419"/>
  <nd ref="3692703416"/>
  <tag k="building" v="apartments"/>
 </way>
 <way id="365226975" visible="true" version="1" changeset="33282205" timestamp="2015-08-12T03:55:59Z" user="Leonor Gausachs" uid="3139729">
  <nd ref="3692703420"/>
  <nd ref="3692703421"/>
  <nd ref="3692703422"/>
  <nd ref="3692703423"/>
  <nd ref="3692703420"/>
  <tag k="building" v="apartments"/>
 </way>
 <way id="365226976" visible="true" version="1" changeset="33282205" timestamp="2015-08-12T03:55:59Z" user="Leonor Gausachs" uid="3139729">
  <nd ref="3692703424"/>
  <nd ref="3692703425"/>
  <nd ref="3692703426"/>
  <nd ref="3692703427"/>
  <nd ref="3692703424"/>
  <tag k="building" v="apartments"/>
 </way>
 <way id="365226977" visible="true" version="1" changeset="33282205" timestamp="2015-08-12T03:55:59Z" user="Leonor Gausachs" uid="3139729">
  <nd ref="3692703428"/>
  <nd ref="3692703429"/>
  <nd ref="3692703430"/>
  <nd ref="3692703431"/>
  <nd ref="3692703428"/>
  <tag k="building" v="apartments"/>
 </way>
 <way id="365226978" visible="true" version="1" changeset="33282205" timestamp="2015-08-12T03:55:59Z" user="Leonor Gausachs" uid="3139729">
  <nd ref="3692703432"/>
  <nd ref="3692703433"/>
  <nd ref="3692703434"/>
  <nd ref="3692703435"/>
  <nd ref="3692703432"/>
  <tag k="building" v="apartments"/>
 </way>
 <way id="365226980" visible="true" version="1" changeset="33282205" timestamp="2015-08-12T03:55:59Z" user="Leonor Gausachs" uid="3139729">
  <nd ref="3692703440"/>
  <nd ref="3692703441"/>
  <nd ref="3692703442"/>
  <nd ref="3692703443"/>
  <nd ref="3692703440"/>
  <tag k="building" v="apartments"/>
 </way>
 <way id="365226984" visible="true" version="1" changeset="33282205" timestamp="2015-08-12T03:56:00Z" user="Leonor Gausachs" uid="3139729">
  <nd ref="3692703456"/>
  <nd ref="3692703457"/>
  <nd ref="3692703458"/>
  <nd ref="3692703459"/>
  <nd ref="3692703456"/>
  <tag k="building" v="apartments"/>
 </way>
 <way id="365226985" visible="true" version="1" changeset="33282205" timestamp="2015-08-12T03:56:00Z" user="Leonor Gausachs" uid="3139729">
  <nd ref="3692703460"/>
  <nd ref="3692703461"/>
  <nd ref="3692703462"/>
  <nd ref="3692703463"/>
  <nd ref="3692703460"/>
  <tag k="building" v="apartments"/>
 </way>
 <way id="365226986" visible="true" version="1" changeset="33282205" timestamp="2015-08-12T03:56:00Z" user="Leonor Gausachs" uid="3139729">
  <nd ref="3692703464"/>
  <nd ref="3692703465"/>
  <nd ref="3692703466"/>
  <nd ref="3692703467"/>
  <nd ref="3692703464"/>
  <tag k="building" v="apartments"/>
 </way>
 <way id="365226987" visible="true" version="1" changeset="33282205" timestamp="2015-08-12T03:56:00Z" user="Leonor Gausachs" uid="3139729">
  <nd ref="3692703468"/>
  <nd ref="3692703469"/>
  <nd ref="3692703470"/>
  <nd ref="3692703471"/>
  <nd ref="3692703468"/>
  <tag k="building" v="apartments"/>
 </way>
 <way id="365226988" visible="true" version="1" changeset="33282205" timestamp="2015-08-12T03:56:00Z" user="Leonor Gausachs" uid="3139729">
  <nd ref="3692703472"/>
  <nd ref="3692703473"/>
  <nd ref="3692703474"/>
  <nd ref="3692703475"/>
  <nd ref="3692703472"/>
  <tag k="building" v="apartments"/>
 </way>
 <way id="365226989" visible="true" version="1" changeset="33282205" timestamp="2015-08-12T03:56:00Z" user="Leonor Gausachs" uid="3139729">
  <nd ref="3692703476"/>
  <nd ref="3692703477"/>
  <nd ref="3692703478"/>
  <nd ref="3692703479"/>
  <nd ref="3692703476"/>
  <tag k="building" v="apartments"/>
 </way>
 <way id="365226990" visible="true" version="1" changeset="33282205" timestamp="2015-08-12T03:56:00Z" user="Leonor Gausachs" uid="3139729">
  <nd ref="3692703480"/>
  <nd ref="3692703481"/>
  <nd ref="3692703482"/>
  <nd ref="3692703483"/>
  <nd ref="3692703480"/>
  <tag k="building" v="apartments"/>
 </way>
 <way id="365226991" visible="true" version="2" changeset="134941356" timestamp="2023-04-15T13:52:30Z" user="shanhulittle" uid="11213533">
  <nd ref="10814485909"/>
  <nd ref="10814425999"/>
  <nd ref="3692703484"/>
  <nd ref="3692703485"/>
  <nd ref="3692703486"/>
  <tag k="highway" v="residential"/>
  <tag k="name" v="新北路"/>
 </way>
 <way id="365226997" visible="true" version="1" changeset="33282205" timestamp="2015-08-12T03:56:00Z" user="Leonor Gausachs" uid="3139729">
  <nd ref="3692703504"/>
  <nd ref="3692703505"/>
  <nd ref="3690972692"/>
  <tag k="highway" v="residential"/>
 </way>
 <way id="365230309" visible="true" version="2" changeset="121705432" timestamp="2022-05-30T11:39:36Z" user="h4ic8bn3kstr" uid="12863618">
  <nd ref="3692723472"/>
  <nd ref="3692723473"/>
  <nd ref="3692723474"/>
  <nd ref="3692723475"/>
  <nd ref="3692723472"/>
  <tag k="building" v="apartments"/>
 </way>
 <way id="365230310" visible="true" version="2" changeset="121705432" timestamp="2022-05-30T11:39:36Z" user="h4ic8bn3kstr" uid="12863618">
  <nd ref="3692723476"/>
  <nd ref="3692723477"/>
  <nd ref="3692723478"/>
  <nd ref="3692723479"/>
  <nd ref="3692723476"/>
  <tag k="building" v="apartments"/>
 </way>
 <way id="365230311" visible="true" version="2" changeset="121705432" timestamp="2022-05-30T11:39:36Z" user="h4ic8bn3kstr" uid="12863618">
  <nd ref="3692723480"/>
  <nd ref="3692723481"/>
  <nd ref="3692723482"/>
  <nd ref="3692723483"/>
  <nd ref="3692723480"/>
  <tag k="building" v="apartments"/>
 </way>
 <way id="365230312" visible="true" version="2" changeset="121705432" timestamp="2022-05-30T11:39:36Z" user="h4ic8bn3kstr" uid="12863618">
  <nd ref="3692723484"/>
  <nd ref="3692723485"/>
  <nd ref="3692723486"/>
  <nd ref="3692723487"/>
  <nd ref="3692723484"/>
  <tag k="building" v="apartments"/>
 </way>
 <way id="365230313" visible="true" version="2" changeset="121705432" timestamp="2022-05-30T11:39:36Z" user="h4ic8bn3kstr" uid="12863618">
  <nd ref="3692723488"/>
  <nd ref="3692723489"/>
  <nd ref="3692723490"/>
  <nd ref="3692723491"/>
  <nd ref="3692723488"/>
  <tag k="building" v="apartments"/>
 </way>
 <way id="365230314" visible="true" version="2" changeset="121705432" timestamp="2022-05-30T11:39:36Z" user="h4ic8bn3kstr" uid="12863618">
  <nd ref="3692723492"/>
  <nd ref="3692723493"/>
  <nd ref="3692723494"/>
  <nd ref="3692723495"/>
  <nd ref="3692723492"/>
  <tag k="building" v="apartments"/>
 </way>
 <way id="365230315" visible="true" version="2" changeset="121705432" timestamp="2022-05-30T11:39:36Z" user="h4ic8bn3kstr" uid="12863618">
  <nd ref="3692723496"/>
  <nd ref="3692723497"/>
  <nd ref="3692723498"/>
  <nd ref="3692723499"/>
  <nd ref="3692723496"/>
  <tag k="building" v="apartments"/>
 </way>
 <way id="365230316" visible="true" version="2" changeset="121705432" timestamp="2022-05-30T11:39:36Z" user="h4ic8bn3kstr" uid="12863618">
  <nd ref="3692723500"/>
  <nd ref="3692723501"/>
  <nd ref="3692723502"/>
  <nd ref="3692723503"/>
  <nd ref="3692723500"/>
  <tag k="building" v="apartments"/>
 </way>
 <way id="365230317" visible="true" version="2" changeset="121705432" timestamp="2022-05-30T11:39:36Z" user="h4ic8bn3kstr" uid="12863618">
  <nd ref="3692723504"/>
  <nd ref="3692723505"/>
  <nd ref="3692723506"/>
  <nd ref="3692723507"/>
  <nd ref="3692723504"/>
  <tag k="building" v="apartments"/>
 </way>
 <way id="365230318" visible="true" version="1" changeset="33282515" timestamp="2015-08-12T04:43:40Z" user="KUNSHAN_MAHUR1" uid="3137659">
  <nd ref="3692723508"/>
  <nd ref="3692723509"/>
  <nd ref="3692723510"/>
  <nd ref="3692723511"/>
  <nd ref="3692723508"/>
  <tag k="building" v="yes"/>
 </way>
 <way id="365230319" visible="true" version="1" changeset="33282515" timestamp="2015-08-12T04:43:40Z" user="KUNSHAN_MAHUR1" uid="3137659">
  <nd ref="3692723512"/>
  <nd ref="3692723513"/>
  <nd ref="3692723514"/>
  <nd ref="3692723515"/>
  <nd ref="3692723512"/>
  <tag k="building" v="yes"/>
 </way>
 <way id="365230320" visible="true" version="2" changeset="121705432" timestamp="2022-05-30T11:39:36Z" user="h4ic8bn3kstr" uid="12863618">
  <nd ref="3692723516"/>
  <nd ref="3692723517"/>
  <nd ref="3692723518"/>
  <nd ref="3692723519"/>
  <nd ref="3692723516"/>
  <tag k="building" v="apartments"/>
 </way>
 <way id="365230321" visible="true" version="1" changeset="33282515" timestamp="2015-08-12T04:43:40Z" user="KUNSHAN_MAHUR1" uid="3137659">
  <nd ref="3692723520"/>
  <nd ref="3692723521"/>
  <nd ref="3692723522"/>
  <nd ref="3692723523"/>
  <nd ref="3692723520"/>
  <tag k="building" v="yes"/>
 </way>
 <way id="365231036" visible="true" version="1" changeset="33282640" timestamp="2015-08-12T04:58:48Z" user="KUNSHAN_MAHUR1" uid="3137659">
  <nd ref="3692729717"/>
  <nd ref="3692729714"/>
  <nd ref="3692730232"/>
  <nd ref="3692729718"/>
  <nd ref="3692730233"/>
  <nd ref="3692730229"/>
  <nd ref="3692729724"/>
  <nd ref="3692729721"/>
  <nd ref="3692730228"/>
  <nd ref="3692730225"/>
  <nd ref="3692730226"/>
  <nd ref="3692730227"/>
  <nd ref="3692729722"/>
  <nd ref="3692729723"/>
  <nd ref="3692730230"/>
  <nd ref="3692730231"/>
  <nd ref="3692729719"/>
  <nd ref="3692729720"/>
  <nd ref="3692729715"/>
  <nd ref="3692729716"/>
  <nd ref="3692729717"/>
  <tag k="building" v="yes"/>
 </way>
 <way id="365231037" visible="true" version="2" changeset="121705432" timestamp="2022-05-30T11:39:36Z" user="h4ic8bn3kstr" uid="12863618">
  <nd ref="3692730234"/>
  <nd ref="3692730235"/>
  <nd ref="3692730236"/>
  <nd ref="3692730237"/>
  <nd ref="3692730242"/>
  <nd ref="3692730238"/>
  <nd ref="3692730239"/>
  <nd ref="3692730240"/>
  <nd ref="3692730241"/>
  <nd ref="3692730234"/>
  <tag k="building" v="apartments"/>
 </way>
 <way id="365231038" visible="true" version="2" changeset="121705432" timestamp="2022-05-30T11:39:36Z" user="h4ic8bn3kstr" uid="12863618">
  <nd ref="3692730243"/>
  <nd ref="3692730244"/>
  <nd ref="3692730245"/>
  <nd ref="3692730246"/>
  <nd ref="3692730243"/>
  <tag k="building" v="apartments"/>
 </way>
 <way id="365231039" visible="true" version="2" changeset="121705432" timestamp="2022-05-30T11:39:36Z" user="h4ic8bn3kstr" uid="12863618">
  <nd ref="3692730247"/>
  <nd ref="3692730248"/>
  <nd ref="3692730249"/>
  <nd ref="3692730250"/>
  <nd ref="3692730247"/>
  <tag k="building" v="apartments"/>
 </way>
 <way id="365231040" visible="true" version="2" changeset="121705432" timestamp="2022-05-30T11:39:36Z" user="h4ic8bn3kstr" uid="12863618">
  <nd ref="3692730251"/>
  <nd ref="3692730252"/>
  <nd ref="3692730253"/>
  <nd ref="3692730254"/>
  <nd ref="3692730251"/>
  <tag k="building" v="apartments"/>
 </way>
 <way id="365234140" visible="true" version="1" changeset="33282810" timestamp="2015-08-12T05:22:45Z" user="KUNSHAN_nshe22" uid="3137687">
  <nd ref="3692748239"/>
  <nd ref="3692748240"/>
  <nd ref="3692748241"/>
  <nd ref="3692748242"/>
  <nd ref="3692748243"/>
  <nd ref="3692748244"/>
  <nd ref="3692748245"/>
  <nd ref="3692748246"/>
  <nd ref="3692748239"/>
  <tag k="building" v="yes"/>
 </way>
 <way id="365234166" visible="true" version="1" changeset="33282810" timestamp="2015-08-12T05:22:47Z" user="KUNSHAN_nshe22" uid="3137687">
  <nd ref="3692748471"/>
  <nd ref="3692748472"/>
  <nd ref="3692748473"/>
  <nd ref="3692748474"/>
  <nd ref="3692748475"/>
  <nd ref="3692748476"/>
  <nd ref="3692748477"/>
  <nd ref="3692748478"/>
  <nd ref="3692748479"/>
  <nd ref="3692748480"/>
  <nd ref="3692748481"/>
  <nd ref="3692748482"/>
  <nd ref="3692748471"/>
  <tag k="building" v="yes"/>
 </way>
 <way id="365234170" visible="true" version="1" changeset="33282810" timestamp="2015-08-12T05:22:47Z" user="KUNSHAN_nshe22" uid="3137687">
  <nd ref="3692748497"/>
  <nd ref="3692748498"/>
  <nd ref="3692748499"/>
  <nd ref="3692748500"/>
  <nd ref="3692748501"/>
  <nd ref="3692748502"/>
  <nd ref="3692748503"/>
  <nd ref="3692748504"/>
  <nd ref="3692748497"/>
  <tag k="building" v="yes"/>
 </way>
 <way id="365234171" visible="true" version="1" changeset="33282810" timestamp="2015-08-12T05:22:47Z" user="KUNSHAN_nshe22" uid="3137687">
  <nd ref="3692748505"/>
  <nd ref="3692748506"/>
  <nd ref="3692748507"/>
  <nd ref="3692748508"/>
  <nd ref="3692748509"/>
  <nd ref="3692748510"/>
  <nd ref="3692748511"/>
  <nd ref="3692748512"/>
  <nd ref="3692748505"/>
  <tag k="building" v="yes"/>
 </way>
 <way id="365234172" visible="true" version="1" changeset="33282810" timestamp="2015-08-12T05:22:47Z" user="KUNSHAN_nshe22" uid="3137687">
  <nd ref="3692748513"/>
  <nd ref="3692748514"/>
  <nd ref="3692748515"/>
  <nd ref="3692748516"/>
  <nd ref="3692748513"/>
  <tag k="building" v="yes"/>
 </way>
 <way id="365234173" visible="true" version="1" changeset="33282810" timestamp="2015-08-12T05:22:47Z" user="KUNSHAN_nshe22" uid="3137687">
  <nd ref="3692748517"/>
  <nd ref="3692748518"/>
  <nd ref="3692748519"/>
  <nd ref="3692748520"/>
  <nd ref="3692748521"/>
  <nd ref="3692748522"/>
  <nd ref="3692748523"/>
  <nd ref="3692748524"/>
  <nd ref="3692748517"/>
  <tag k="building" v="yes"/>
 </way>
 <way id="365234174" visible="true" version="1" changeset="33282810" timestamp="2015-08-12T05:22:47Z" user="KUNSHAN_nshe22" uid="3137687">
  <nd ref="3692748525"/>
  <nd ref="3692748526"/>
  <nd ref="3692748527"/>
  <nd ref="3692748528"/>
  <nd ref="3692748525"/>
  <tag k="building" v="yes"/>
 </way>
 <way id="365234175" visible="true" version="1" changeset="33282810" timestamp="2015-08-12T05:22:47Z" user="KUNSHAN_nshe22" uid="3137687">
  <nd ref="3692748529"/>
  <nd ref="3692748530"/>
  <nd ref="3692748531"/>
  <nd ref="3692748532"/>
  <nd ref="3692748529"/>
  <tag k="building" v="yes"/>
 </way>
 <way id="365234176" visible="true" version="1" changeset="33282810" timestamp="2015-08-12T05:22:47Z" user="KUNSHAN_nshe22" uid="3137687">
  <nd ref="3692748533"/>
  <nd ref="3692748534"/>
  <nd ref="3692748535"/>
  <nd ref="3692748536"/>
  <nd ref="3692748533"/>
  <tag k="building" v="yes"/>
 </way>
 <way id="365234209" visible="true" version="1" changeset="33282810" timestamp="2015-08-12T05:22:49Z" user="KUNSHAN_nshe22" uid="3137687">
  <nd ref="3692748724"/>
  <nd ref="3692748725"/>
  <nd ref="3692748726"/>
  <nd ref="3692748727"/>
  <nd ref="3692748728"/>
  <nd ref="3692748729"/>
  <nd ref="3692748730"/>
  <nd ref="3692748731"/>
  <nd ref="3692748732"/>
  <nd ref="3692748733"/>
  <nd ref="3692748734"/>
  <nd ref="3692748735"/>
  <nd ref="3692748736"/>
  <nd ref="3692748737"/>
  <nd ref="3692748738"/>
  <nd ref="3692748739"/>
  <nd ref="3692748740"/>
  <nd ref="3692748741"/>
  <nd ref="3692748724"/>
  <tag k="building" v="yes"/>
 </way>
 <way id="365234211" visible="true" version="1" changeset="33282810" timestamp="2015-08-12T05:22:50Z" user="KUNSHAN_nshe22" uid="3137687">
  <nd ref="3692748746"/>
  <nd ref="3692748747"/>
  <nd ref="3692748748"/>
  <nd ref="3692748749"/>
  <nd ref="3692748750"/>
  <nd ref="3692748751"/>
  <nd ref="3692748746"/>
  <tag k="building" v="yes"/>
 </way>
 <way id="365234212" visible="true" version="1" changeset="33282810" timestamp="2015-08-12T05:22:50Z" user="KUNSHAN_nshe22" uid="3137687">
  <nd ref="3692748752"/>
  <nd ref="3692748753"/>
  <nd ref="3692748754"/>
  <nd ref="3692748755"/>
  <nd ref="3692748752"/>
  <tag k="building" v="yes"/>
 </way>
 <way id="365234217" visible="true" version="1" changeset="33282810" timestamp="2015-08-12T05:22:50Z" user="KUNSHAN_nshe22" uid="3137687">
  <nd ref="3692748764"/>
  <nd ref="3692748765"/>
  <nd ref="3692748766"/>
  <nd ref="3692748767"/>
  <nd ref="3692748764"/>
  <tag k="building" v="yes"/>
 </way>
 <way id="365234219" visible="true" version="1" changeset="33282810" timestamp="2015-08-12T05:22:50Z" user="KUNSHAN_nshe22" uid="3137687">
  <nd ref="3692748768"/>
  <nd ref="3692748769"/>
  <nd ref="3692748770"/>
  <nd ref="3692748771"/>
  <nd ref="3692748772"/>
  <nd ref="3692748773"/>
  <nd ref="3692748774"/>
  <nd ref="3692748775"/>
  <nd ref="3692748776"/>
  <nd ref="3692748777"/>
  <nd ref="3692748778"/>
  <nd ref="3692748779"/>
  <nd ref="3692748780"/>
  <nd ref="3692748781"/>
  <nd ref="3692748768"/>
  <tag k="building" v="yes"/>
 </way>
 <way id="365234237" visible="true" version="2" changeset="134940968" timestamp="2023-04-15T13:40:49Z" user="shanhulittle" uid="11213533">
  <nd ref="3692748813"/>
  <nd ref="3692748814"/>
  <nd ref="3692748815"/>
  <nd ref="3692748816"/>
  <nd ref="3692748817"/>
  <nd ref="3692748818"/>
  <nd ref="3692748819"/>
  <nd ref="3692748820"/>
  <nd ref="3692748821"/>
  <nd ref="10814485973"/>
  <nd ref="10814485980"/>
  <nd ref="10814485981"/>
  <nd ref="3692748823"/>
  <nd ref="3692748824"/>
  <nd ref="3692748825"/>
  <nd ref="3692748826"/>
  <nd ref="3692748827"/>
  <nd ref="3692748828"/>
  <nd ref="3692748829"/>
  <nd ref="3692748830"/>
  <nd ref="3692748831"/>
  <nd ref="3692748832"/>
  <nd ref="3692748833"/>
  <nd ref="3692748834"/>
  <nd ref="3692748813"/>
  <tag k="building" v="yes"/>
 </way>
 <way id="365234240" visible="true" version="1" changeset="33282810" timestamp="2015-08-12T05:22:50Z" user="KUNSHAN_nshe22" uid="3137687">
  <nd ref="3692748835"/>
  <nd ref="3692748836"/>
  <nd ref="3692748837"/>
  <nd ref="3692748838"/>
  <nd ref="3692748835"/>
  <tag k="building" v="yes"/>
 </way>
 <way id="365234243" visible="true" version="1" changeset="33282810" timestamp="2015-08-12T05:22:50Z" user="KUNSHAN_nshe22" uid="3137687">
  <nd ref="3692748839"/>
  <nd ref="3692748840"/>
  <nd ref="3692748841"/>
  <nd ref="3692748842"/>
  <nd ref="3692748839"/>
  <tag k="building" v="yes"/>
 </way>
 <way id="365234245" visible="true" version="1" changeset="33282810" timestamp="2015-08-12T05:22:51Z" user="KUNSHAN_nshe22" uid="3137687">
  <nd ref="3692748843"/>
  <nd ref="3692748844"/>
  <nd ref="3692748845"/>
  <nd ref="3692748846"/>
  <nd ref="3692748843"/>
  <tag k="building" v="yes"/>
 </way>
 <way id="365234247" visible="true" version="1" changeset="33282810" timestamp="2015-08-12T05:22:51Z" user="KUNSHAN_nshe22" uid="3137687">
  <nd ref="3692748847"/>
  <nd ref="3692748848"/>
  <nd ref="3692748849"/>
  <nd ref="3692748850"/>
  <nd ref="3692748851"/>
  <nd ref="3692748852"/>
  <nd ref="3692748853"/>
  <nd ref="3692748854"/>
  <nd ref="3692748847"/>
  <tag k="building" v="yes"/>
 </way>
 <way id="365234249" visible="true" version="2" changeset="134940968" timestamp="2023-04-15T13:40:49Z" user="shanhulittle" uid="11213533">
  <nd ref="3692748855"/>
  <nd ref="3692748856"/>
  <nd ref="3692748857"/>
  <nd ref="10814485971"/>
  <nd ref="3692748855"/>
  <tag k="building" v="yes"/>
 </way>
 <way id="365234252" visible="true" version="1" changeset="33282810" timestamp="2015-08-12T05:22:51Z" user="KUNSHAN_nshe22" uid="3137687">
  <nd ref="3692748858"/>
  <nd ref="3692748859"/>
  <nd ref="3692748860"/>
  <nd ref="3692748861"/>
  <nd ref="3692748858"/>
  <tag k="building" v="yes"/>
 </way>
 <way id="365234253" visible="true" version="1" changeset="33282810" timestamp="2015-08-12T05:22:51Z" user="KUNSHAN_nshe22" uid="3137687">
  <nd ref="3692748862"/>
  <nd ref="3692748863"/>
  <nd ref="3692748864"/>
  <nd ref="3692748865"/>
  <nd ref="3692748866"/>
  <nd ref="3692748867"/>
  <nd ref="3692748862"/>
  <tag k="building" v="yes"/>
 </way>
 <way id="365234254" visible="true" version="1" changeset="33282810" timestamp="2015-08-12T05:22:51Z" user="KUNSHAN_nshe22" uid="3137687">
  <nd ref="3692748868"/>
  <nd ref="3692748869"/>
  <nd ref="3692748870"/>
  <nd ref="3692748871"/>
  <nd ref="3692748872"/>
  <nd ref="3692748873"/>
  <nd ref="3692748868"/>
  <tag k="building" v="yes"/>
 </way>
 <way id="365234255" visible="true" version="2" changeset="134940968" timestamp="2023-04-15T13:40:49Z" user="shanhulittle" uid="11213533">
  <nd ref="3692748874"/>
  <nd ref="3692748875"/>
  <nd ref="3692748876"/>
  <nd ref="10814486014"/>
  <nd ref="3692748874"/>
  <tag k="building" v="yes"/>
 </way>
 <way id="365234256" visible="true" version="1" changeset="33282810" timestamp="2015-08-12T05:22:51Z" user="KUNSHAN_nshe22" uid="3137687">
  <nd ref="3692748877"/>
  <nd ref="3692748878"/>
  <nd ref="3692748879"/>
  <nd ref="3692748880"/>
  <nd ref="3692748881"/>
  <nd ref="3692748882"/>
  <nd ref="3692748877"/>
  <tag k="building" v="yes"/>
 </way>
 <way id="365234257" visible="true" version="1" changeset="33282810" timestamp="2015-08-12T05:22:51Z" user="KUNSHAN_nshe22" uid="3137687">
  <nd ref="3692748883"/>
  <nd ref="3692748884"/>
  <nd ref="3692748885"/>
  <nd ref="3692748886"/>
  <nd ref="3692748887"/>
  <nd ref="3692748888"/>
  <nd ref="3692748889"/>
  <nd ref="3692748890"/>
  <nd ref="3692748883"/>
  <tag k="building" v="yes"/>
 </way>
 <way id="365234258" visible="true" version="1" changeset="33282810" timestamp="2015-08-12T05:22:51Z" user="KUNSHAN_nshe22" uid="3137687">
  <nd ref="3692748891"/>
  <nd ref="3692748892"/>
  <nd ref="3692748893"/>
  <nd ref="3692748894"/>
  <nd ref="3692748895"/>
  <nd ref="3692748896"/>
  <nd ref="3692748897"/>
  <nd ref="3692748898"/>
  <nd ref="3692748899"/>
  <nd ref="3692748900"/>
  <nd ref="3692748901"/>
  <nd ref="3692748902"/>
  <nd ref="3692748903"/>
  <nd ref="3692748904"/>
  <nd ref="3692748905"/>
  <nd ref="3692748906"/>
  <nd ref="3692748891"/>
  <tag k="building" v="yes"/>
 </way>
 <way id="365234259" visible="true" version="1" changeset="33282810" timestamp="2015-08-12T05:22:51Z" user="KUNSHAN_nshe22" uid="3137687">
  <nd ref="3692748907"/>
  <nd ref="3692748908"/>
  <nd ref="3692748909"/>
  <nd ref="3692748910"/>
  <nd ref="3692748911"/>
  <nd ref="3692748912"/>
  <nd ref="3692748913"/>
  <nd ref="3692748914"/>
  <nd ref="3692748915"/>
  <nd ref="3692748916"/>
  <nd ref="3692748917"/>
  <nd ref="3692748918"/>
  <nd ref="3692748919"/>
  <nd ref="3692748907"/>
  <tag k="building" v="yes"/>
 </way>
 <way id="365234260" visible="true" version="1" changeset="33282810" timestamp="2015-08-12T05:22:51Z" user="KUNSHAN_nshe22" uid="3137687">
  <nd ref="3692748920"/>
  <nd ref="3692748921"/>
  <nd ref="3692748922"/>
  <nd ref="3692748923"/>
  <nd ref="3692748924"/>
  <nd ref="3692748925"/>
  <nd ref="3692748920"/>
  <tag k="building" v="yes"/>
 </way>
 <way id="365234261" visible="true" version="1" changeset="33282810" timestamp="2015-08-12T05:22:51Z" user="KUNSHAN_nshe22" uid="3137687">
  <nd ref="3692748926"/>
  <nd ref="3692748927"/>
  <nd ref="3692748928"/>
  <nd ref="3692748939"/>
  <nd ref="3692748929"/>
  <nd ref="3692748926"/>
  <tag k="building" v="yes"/>
 </way>
 <way id="365234262" visible="true" version="1" changeset="33282810" timestamp="2015-08-12T05:22:51Z" user="KUNSHAN_nshe22" uid="3137687">
  <nd ref="3692748930"/>
  <nd ref="3692748931"/>
  <nd ref="3692748932"/>
  <nd ref="3692748933"/>
  <nd ref="3692748930"/>
  <tag k="building" v="yes"/>
 </way>
 <way id="365234263" visible="true" version="2" changeset="134940968" timestamp="2023-04-15T13:40:49Z" user="shanhulittle" uid="11213533">
  <nd ref="3692748934"/>
  <nd ref="3692748935"/>
  <nd ref="3692748936"/>
  <nd ref="3692748937"/>
  <nd ref="3692748953"/>
  <nd ref="3692748938"/>
  <nd ref="10814485979"/>
  <nd ref="3692748934"/>
  <tag k="building" v="yes"/>
 </way>
 <way id="365234264" visible="true" version="1" changeset="33282810" timestamp="2015-08-12T05:22:51Z" user="KUNSHAN_nshe22" uid="3137687">
  <nd ref="3692748940"/>
  <nd ref="3692748941"/>
  <nd ref="3692748942"/>
  <nd ref="3692748943"/>
  <nd ref="3692748944"/>
  <nd ref="3692748945"/>
  <nd ref="3692748940"/>
  <tag k="building" v="yes"/>
 </way>
 <way id="365234265" visible="true" version="1" changeset="33282810" timestamp="2015-08-12T05:22:52Z" user="KUNSHAN_nshe22" uid="3137687">
  <nd ref="3692748946"/>
  <nd ref="3692748947"/>
  <nd ref="3692748948"/>
  <nd ref="3692748949"/>
  <nd ref="3692748946"/>
  <tag k="building" v="yes"/>
 </way>
 <way id="365234266" visible="true" version="2" changeset="134940968" timestamp="2023-04-15T13:40:49Z" user="shanhulittle" uid="11213533">
  <nd ref="3692748950"/>
  <nd ref="3692748951"/>
  <nd ref="3692748952"/>
  <nd ref="10814486015"/>
  <nd ref="3692748950"/>
  <tag k="building" v="yes"/>
 </way>
 <way id="365234267" visible="true" version="1" changeset="33282810" timestamp="2015-08-12T05:22:52Z" user="KUNSHAN_nshe22" uid="3137687">
  <nd ref="3692748954"/>
  <nd ref="3692748955"/>
  <nd ref="3692748956"/>
  <nd ref="3692748957"/>
  <nd ref="3692748954"/>
  <tag k="building" v="yes"/>
 </way>
 <way id="365234303" visible="true" version="1" changeset="33282810" timestamp="2015-08-12T05:22:54Z" user="KUNSHAN_nshe22" uid="3137687">
  <nd ref="3692749120"/>
  <nd ref="3692749121"/>
  <nd ref="3692749122"/>
  <nd ref="3692749123"/>
  <nd ref="3692749124"/>
  <nd ref="3692749125"/>
  <nd ref="3692749120"/>
  <tag k="building" v="yes"/>
 </way>
 <way id="365234307" visible="true" version="2" changeset="167374000" timestamp="2025-06-09T00:04:02Z" user="Maps Man" uid="10216874">
  <nd ref="3692749146"/>
  <nd ref="3692749147"/>
  <nd ref="3692749148"/>
  <nd ref="12898359639"/>
  <nd ref="3692749149"/>
  <nd ref="3692749150"/>
  <nd ref="3692749151"/>
  <nd ref="3692749152"/>
  <nd ref="3692749153"/>
  <nd ref="3692749154"/>
  <nd ref="12898359638"/>
  <nd ref="3692749155"/>
  <nd ref="3692749156"/>
  <nd ref="3692749157"/>
  <nd ref="3692749146"/>
  <tag k="building" v="yes"/>
 </way>
 <way id="365237590" visible="true" version="1" changeset="33283261" timestamp="2015-08-12T06:03:53Z" user="KUNSHAN_nshe22" uid="3137687">
  <nd ref="3692779035"/>
  <nd ref="3692779036"/>
  <nd ref="3692779037"/>
  <nd ref="3692779038"/>
  <nd ref="3692779039"/>
  <nd ref="3692779040"/>
  <nd ref="3692778822"/>
  <nd ref="3692778823"/>
  <nd ref="3692778824"/>
  <nd ref="3692779028"/>
  <nd ref="3692779029"/>
  <nd ref="3692779030"/>
  <nd ref="3692779031"/>
  <nd ref="3692779032"/>
  <nd ref="3692779033"/>
  <nd ref="3692779034"/>
  <nd ref="3692779025"/>
  <nd ref="3692779026"/>
  <nd ref="3692779027"/>
  <nd ref="3692779035"/>
  <tag k="building" v="yes"/>
 </way>
 <way id="365237591" visible="true" version="1" changeset="33283261" timestamp="2015-08-12T06:03:53Z" user="KUNSHAN_nshe22" uid="3137687">
  <nd ref="3692779041"/>
  <nd ref="3692779042"/>
  <nd ref="3692779043"/>
  <nd ref="3692779044"/>
  <nd ref="3692779045"/>
  <nd ref="3692779046"/>
  <nd ref="3692779041"/>
  <tag k="building" v="yes"/>
 </way>
 <way id="365237592" visible="true" version="1" changeset="33283261" timestamp="2015-08-12T06:03:53Z" user="KUNSHAN_nshe22" uid="3137687">
  <nd ref="3692779047"/>
  <nd ref="3692779048"/>
  <nd ref="3692779049"/>
  <nd ref="3692779050"/>
  <nd ref="3692779051"/>
  <nd ref="3692779052"/>
  <nd ref="3692779047"/>
  <tag k="building" v="yes"/>
 </way>
 <way id="365237593" visible="true" version="1" changeset="33283261" timestamp="2015-08-12T06:03:53Z" user="KUNSHAN_nshe22" uid="3137687">
  <nd ref="3692779053"/>
  <nd ref="3692779054"/>
  <nd ref="3692779055"/>
  <nd ref="3692779056"/>
  <nd ref="3692779057"/>
  <nd ref="3692749111"/>
  <nd ref="3692779058"/>
  <nd ref="3692779059"/>
  <nd ref="3692779053"/>
  <tag k="building" v="yes"/>
 </way>
 <way id="365237594" visible="true" version="1" changeset="33283261" timestamp="2015-08-12T06:03:53Z" user="KUNSHAN_nshe22" uid="3137687">
  <nd ref="3692779060"/>
  <nd ref="3692779061"/>
  <nd ref="3692779062"/>
  <nd ref="3692779063"/>
  <nd ref="3692779060"/>
  <tag k="building" v="yes"/>
 </way>
 <way id="365237595" visible="true" version="1" changeset="33283261" timestamp="2015-08-12T06:03:53Z" user="KUNSHAN_nshe22" uid="3137687">
  <nd ref="3692779064"/>
  <nd ref="3692779065"/>
  <nd ref="3692779066"/>
  <nd ref="3692779067"/>
  <nd ref="3692779068"/>
  <nd ref="3692779069"/>
  <nd ref="3692779070"/>
  <nd ref="3692779071"/>
  <nd ref="3692779064"/>
  <tag k="building" v="yes"/>
 </way>
 <way id="365237596" visible="true" version="1" changeset="33283261" timestamp="2015-08-12T06:03:53Z" user="KUNSHAN_nshe22" uid="3137687">
  <nd ref="3692779072"/>
  <nd ref="3692779073"/>
  <nd ref="3692779074"/>
  <nd ref="3692779075"/>
  <nd ref="3692779072"/>
  <tag k="building" v="yes"/>
 </way>
 <way id="365237599" visible="true" version="1" changeset="33283261" timestamp="2015-08-12T06:03:53Z" user="KUNSHAN_nshe22" uid="3137687">
  <nd ref="3692779084"/>
  <nd ref="3692779085"/>
  <nd ref="3692779086"/>
  <nd ref="3692779087"/>
  <nd ref="3692779084"/>
  <tag k="building" v="yes"/>
 </way>
 <way id="365237600" visible="true" version="1" changeset="33283261" timestamp="2015-08-12T06:03:54Z" user="KUNSHAN_nshe22" uid="3137687">
  <nd ref="3692779088"/>
  <nd ref="3692779089"/>
  <nd ref="3692779090"/>
  <nd ref="3692779091"/>
  <nd ref="3692779088"/>
  <tag k="building" v="yes"/>
 </way>
 <way id="365237601" visible="true" version="1" changeset="33283261" timestamp="2015-08-12T06:03:54Z" user="KUNSHAN_nshe22" uid="3137687">
  <nd ref="3692779092"/>
  <nd ref="3692779093"/>
  <nd ref="3692779094"/>
  <nd ref="3692779095"/>
  <nd ref="3692779096"/>
  <nd ref="3692779097"/>
  <nd ref="3692779092"/>
  <tag k="building" v="yes"/>
 </way>
 <way id="365237602" visible="true" version="1" changeset="33283261" timestamp="2015-08-12T06:03:54Z" user="KUNSHAN_nshe22" uid="3137687">
  <nd ref="3692779098"/>
  <nd ref="3692779099"/>
  <nd ref="3692779100"/>
  <nd ref="3692779101"/>
  <nd ref="3692779102"/>
  <nd ref="3692779103"/>
  <nd ref="3692779098"/>
  <tag k="building" v="yes"/>
 </way>
 <way id="365237603" visible="true" version="1" changeset="33283261" timestamp="2015-08-12T06:03:54Z" user="KUNSHAN_nshe22" uid="3137687">
  <nd ref="3692779104"/>
  <nd ref="3692779105"/>
  <nd ref="3692779106"/>
  <nd ref="3692779107"/>
  <nd ref="3692779108"/>
  <nd ref="3692779109"/>
  <nd ref="3692779104"/>
  <tag k="building" v="yes"/>
 </way>
 <way id="365237604" visible="true" version="1" changeset="33283261" timestamp="2015-08-12T06:03:54Z" user="KUNSHAN_nshe22" uid="3137687">
  <nd ref="3692779110"/>
  <nd ref="3692779111"/>
  <nd ref="3692779112"/>
  <nd ref="3692779113"/>
  <nd ref="3692779110"/>
  <tag k="building" v="yes"/>
 </way>
 <way id="365237605" visible="true" version="1" changeset="33283261" timestamp="2015-08-12T06:03:54Z" user="KUNSHAN_nshe22" uid="3137687">
  <nd ref="3692779114"/>
  <nd ref="3692779115"/>
  <nd ref="3692779116"/>
  <nd ref="3692779117"/>
  <nd ref="3692779114"/>
  <tag k="building" v="yes"/>
 </way>
 <way id="365237606" visible="true" version="1" changeset="33283261" timestamp="2015-08-12T06:03:54Z" user="KUNSHAN_nshe22" uid="3137687">
  <nd ref="3692779118"/>
  <nd ref="3692779119"/>
  <nd ref="3692779120"/>
  <nd ref="3692779121"/>
  <nd ref="3692779118"/>
  <tag k="building" v="yes"/>
 </way>
 <way id="365237607" visible="true" version="1" changeset="33283261" timestamp="2015-08-12T06:03:54Z" user="KUNSHAN_nshe22" uid="3137687">
  <nd ref="3692779122"/>
  <nd ref="3692779123"/>
  <nd ref="3692779124"/>
  <nd ref="3692779125"/>
  <nd ref="3692779122"/>
  <tag k="building" v="yes"/>
 </way>
 <way id="365237608" visible="true" version="1" changeset="33283261" timestamp="2015-08-12T06:03:54Z" user="KUNSHAN_nshe22" uid="3137687">
  <nd ref="3692779126"/>
  <nd ref="3692779127"/>
  <nd ref="3692779128"/>
  <nd ref="3692779129"/>
  <nd ref="3692779130"/>
  <nd ref="3692779131"/>
  <nd ref="3692779126"/>
  <tag k="building" v="yes"/>
 </way>
 <way id="365237609" visible="true" version="1" changeset="33283261" timestamp="2015-08-12T06:03:54Z" user="KUNSHAN_nshe22" uid="3137687">
  <nd ref="3692779132"/>
  <nd ref="3692779133"/>
  <nd ref="3692779134"/>
  <nd ref="3692779135"/>
  <nd ref="3692779136"/>
  <nd ref="3692779137"/>
  <nd ref="3692779138"/>
  <nd ref="3692779139"/>
  <nd ref="3692779140"/>
  <nd ref="3692779141"/>
  <nd ref="3692779132"/>
  <tag k="building" v="yes"/>
 </way>
 <way id="365237610" visible="true" version="1" changeset="33283261" timestamp="2015-08-12T06:03:54Z" user="KUNSHAN_nshe22" uid="3137687">
  <nd ref="3692779142"/>
  <nd ref="3692779143"/>
  <nd ref="3692779144"/>
  <nd ref="3692779145"/>
  <nd ref="3692779142"/>
  <tag k="building" v="yes"/>
 </way>
 <way id="365237611" visible="true" version="1" changeset="33283261" timestamp="2015-08-12T06:03:54Z" user="KUNSHAN_nshe22" uid="3137687">
  <nd ref="3692779146"/>
  <nd ref="3692779147"/>
  <nd ref="3692779148"/>
  <nd ref="3692779149"/>
  <nd ref="3692779146"/>
  <tag k="building" v="yes"/>
 </way>
 <way id="365237612" visible="true" version="1" changeset="33283261" timestamp="2015-08-12T06:03:54Z" user="KUNSHAN_nshe22" uid="3137687">
  <nd ref="3692779150"/>
  <nd ref="3692779151"/>
  <nd ref="3692779152"/>
  <nd ref="3692779153"/>
  <nd ref="3692779150"/>
  <tag k="building" v="yes"/>
 </way>
 <way id="365237613" visible="true" version="1" changeset="33283261" timestamp="2015-08-12T06:03:54Z" user="KUNSHAN_nshe22" uid="3137687">
  <nd ref="3692779154"/>
  <nd ref="3692779155"/>
  <nd ref="3692779156"/>
  <nd ref="3692779157"/>
  <nd ref="3692779154"/>
  <tag k="building" v="yes"/>
 </way>
 <way id="365237614" visible="true" version="1" changeset="33283261" timestamp="2015-08-12T06:03:54Z" user="KUNSHAN_nshe22" uid="3137687">
  <nd ref="3692779158"/>
  <nd ref="3692779159"/>
  <nd ref="3692779160"/>
  <nd ref="3692779161"/>
  <nd ref="3692779162"/>
  <nd ref="3692779163"/>
  <nd ref="3692779164"/>
  <nd ref="3692779165"/>
  <nd ref="3692779166"/>
  <nd ref="3692779158"/>
  <tag k="building" v="yes"/>
 </way>
 <way id="365237615" visible="true" version="1" changeset="33283261" timestamp="2015-08-12T06:03:54Z" user="KUNSHAN_nshe22" uid="3137687">
  <nd ref="3692779167"/>
  <nd ref="3692779168"/>
  <nd ref="3692779169"/>
  <nd ref="3692779170"/>
  <nd ref="3692779167"/>
  <tag k="building" v="yes"/>
 </way>
 <way id="365237616" visible="true" version="1" changeset="33283261" timestamp="2015-08-12T06:03:54Z" user="KUNSHAN_nshe22" uid="3137687">
  <nd ref="3692779171"/>
  <nd ref="3692779172"/>
  <nd ref="3692779173"/>
  <nd ref="3692779174"/>
  <nd ref="3692779171"/>
  <tag k="building" v="yes"/>
 </way>
 <way id="365237617" visible="true" version="2" changeset="167374000" timestamp="2025-06-09T00:04:02Z" user="Maps Man" uid="10216874">
  <nd ref="3692779175"/>
  <nd ref="3692779176"/>
  <nd ref="3692779177"/>
  <nd ref="3692779216"/>
  <nd ref="12898359637"/>
  <nd ref="3692779178"/>
  <nd ref="3692779175"/>
  <tag k="building" v="yes"/>
 </way>
 <way id="365237618" visible="true" version="1" changeset="33283261" timestamp="2015-08-12T06:03:54Z" user="KUNSHAN_nshe22" uid="3137687">
  <nd ref="3692779179"/>
  <nd ref="3692779180"/>
  <nd ref="3692779181"/>
  <nd ref="3692779182"/>
  <nd ref="3692779179"/>
  <tag k="building" v="yes"/>
 </way>
 <way id="365237619" visible="true" version="1" changeset="33283261" timestamp="2015-08-12T06:03:55Z" user="KUNSHAN_nshe22" uid="3137687">
  <nd ref="3692779183"/>
  <nd ref="3692779184"/>
  <nd ref="3692779185"/>
  <nd ref="3692779186"/>
  <nd ref="3692779183"/>
  <tag k="building" v="yes"/>
 </way>
 <way id="365237620" visible="true" version="1" changeset="33283261" timestamp="2015-08-12T06:03:55Z" user="KUNSHAN_nshe22" uid="3137687">
  <nd ref="3692779187"/>
  <nd ref="3692779188"/>
  <nd ref="3692779189"/>
  <nd ref="3692779190"/>
  <nd ref="3692779187"/>
  <tag k="building" v="yes"/>
 </way>
 <way id="365237621" visible="true" version="1" changeset="33283261" timestamp="2015-08-12T06:03:55Z" user="KUNSHAN_nshe22" uid="3137687">
  <nd ref="3692779191"/>
  <nd ref="3692779192"/>
  <nd ref="3692779193"/>
  <nd ref="3692779194"/>
  <nd ref="3692779191"/>
  <tag k="building" v="yes"/>
 </way>
 <way id="365237622" visible="true" version="1" changeset="33283261" timestamp="2015-08-12T06:03:55Z" user="KUNSHAN_nshe22" uid="3137687">
  <nd ref="3692779195"/>
  <nd ref="3692779196"/>
  <nd ref="3692779197"/>
  <nd ref="3692779198"/>
  <nd ref="3692779195"/>
  <tag k="building" v="yes"/>
 </way>
 <way id="365237623" visible="true" version="1" changeset="33283261" timestamp="2015-08-12T06:03:55Z" user="KUNSHAN_nshe22" uid="3137687">
  <nd ref="3692779199"/>
  <nd ref="3692779200"/>
  <nd ref="3692779201"/>
  <nd ref="3692779202"/>
  <nd ref="3692779199"/>
  <tag k="building" v="yes"/>
 </way>
 <way id="365237624" visible="true" version="1" changeset="33283261" timestamp="2015-08-12T06:03:55Z" user="KUNSHAN_nshe22" uid="3137687">
  <nd ref="3692779203"/>
  <nd ref="3692779204"/>
  <nd ref="3692779205"/>
  <nd ref="3692779206"/>
  <nd ref="3692779203"/>
  <tag k="building" v="yes"/>
 </way>
 <way id="365237625" visible="true" version="1" changeset="33283261" timestamp="2015-08-12T06:03:55Z" user="KUNSHAN_nshe22" uid="3137687">
  <nd ref="3692779207"/>
  <nd ref="3692779208"/>
  <nd ref="3692779209"/>
  <nd ref="3692779210"/>
  <nd ref="3692779207"/>
  <tag k="building" v="yes"/>
 </way>
 <way id="365237626" visible="true" version="2" changeset="167374000" timestamp="2025-06-09T00:04:02Z" user="Maps Man" uid="10216874">
  <nd ref="3692779211"/>
  <nd ref="3692779212"/>
  <nd ref="3692779216"/>
  <nd ref="3692779213"/>
  <nd ref="3692779214"/>
  <nd ref="12898359637"/>
  <nd ref="3692779211"/>
  <tag k="building" v="yes"/>
 </way>
 <way id="365237627" visible="true" version="1" changeset="33283261" timestamp="2015-08-12T06:03:55Z" user="KUNSHAN_nshe22" uid="3137687">
  <nd ref="3692779213"/>
  <nd ref="3692779215"/>
  <nd ref="3692779177"/>
  <nd ref="3692779216"/>
  <nd ref="3692779213"/>
  <tag k="building" v="yes"/>
 </way>
 <way id="365237628" visible="true" version="1" changeset="33283261" timestamp="2015-08-12T06:03:55Z" user="KUNSHAN_nshe22" uid="3137687">
  <nd ref="3692779217"/>
  <nd ref="3692779218"/>
  <nd ref="3692779219"/>
  <nd ref="3692779220"/>
  <nd ref="3692779221"/>
  <nd ref="3692779222"/>
  <nd ref="3692779223"/>
  <nd ref="3692779224"/>
  <nd ref="3692779325"/>
  <nd ref="3692779326"/>
  <nd ref="3692779217"/>
  <tag k="building" v="yes"/>
 </way>
 <way id="365237631" visible="true" version="1" changeset="33283261" timestamp="2015-08-12T06:03:55Z" user="KUNSHAN_nshe22" uid="3137687">
  <nd ref="3692779347"/>
  <nd ref="3692779348"/>
  <nd ref="3692779349"/>
  <nd ref="3692779350"/>
  <nd ref="3692779347"/>
  <tag k="building" v="yes"/>
 </way>
 <way id="365237634" visible="true" version="2" changeset="121705432" timestamp="2022-05-30T11:39:36Z" user="h4ic8bn3kstr" uid="12863618">
  <nd ref="3692779359"/>
  <nd ref="3692779360"/>
  <nd ref="3692779361"/>
  <nd ref="3692779362"/>
  <nd ref="3692779359"/>
  <tag k="building" v="apartments"/>
 </way>
 <way id="365237635" visible="true" version="2" changeset="121705432" timestamp="2022-05-30T11:39:36Z" user="h4ic8bn3kstr" uid="12863618">
  <nd ref="3692779363"/>
  <nd ref="3692779364"/>
  <nd ref="3692779365"/>
  <nd ref="3692779366"/>
  <nd ref="3692779363"/>
  <tag k="building" v="apartments"/>
 </way>
 <way id="365237638" visible="true" version="1" changeset="33283261" timestamp="2015-08-12T06:03:55Z" user="KUNSHAN_nshe22" uid="3137687">
  <nd ref="3692779375"/>
  <nd ref="3692779376"/>
  <nd ref="3692779377"/>
  <nd ref="3692779378"/>
  <nd ref="3692779379"/>
  <nd ref="3692779380"/>
  <nd ref="3692779375"/>
  <tag k="building" v="yes"/>
 </way>
 <way id="365237642" visible="true" version="2" changeset="121705432" timestamp="2022-05-30T11:39:36Z" user="h4ic8bn3kstr" uid="12863618">
  <nd ref="3692779393"/>
  <nd ref="3692779394"/>
  <nd ref="3692779395"/>
  <nd ref="3692779396"/>
  <nd ref="3692779393"/>
  <tag k="building" v="apartments"/>
 </way>
 <way id="365237643" visible="true" version="2" changeset="121705432" timestamp="2022-05-30T11:39:36Z" user="h4ic8bn3kstr" uid="12863618">
  <nd ref="3692779397"/>
  <nd ref="3692779398"/>
  <nd ref="3692779399"/>
  <nd ref="3692779400"/>
  <nd ref="3692779397"/>
  <tag k="building" v="apartments"/>
 </way>
 <way id="365237644" visible="true" version="1" changeset="33283261" timestamp="2015-08-12T06:03:56Z" user="KUNSHAN_nshe22" uid="3137687">
  <nd ref="3692779401"/>
  <nd ref="3692779402"/>
  <nd ref="3692779403"/>
  <nd ref="3692779404"/>
  <nd ref="3692779401"/>
  <tag k="building" v="yes"/>
 </way>
 <way id="365237645" visible="true" version="2" changeset="121705432" timestamp="2022-05-30T11:39:36Z" user="h4ic8bn3kstr" uid="12863618">
  <nd ref="3692779405"/>
  <nd ref="3692779406"/>
  <nd ref="3692779407"/>
  <nd ref="3692779408"/>
  <nd ref="3692779405"/>
  <tag k="building" v="apartments"/>
 </way>
 <way id="365288008" visible="true" version="2" changeset="121705432" timestamp="2022-05-30T11:39:36Z" user="h4ic8bn3kstr" uid="12863618">
  <nd ref="3693142410"/>
  <nd ref="3693142411"/>
  <nd ref="3693142419"/>
  <nd ref="3693142414"/>
  <nd ref="3693142418"/>
  <nd ref="3693142416"/>
  <nd ref="3693142417"/>
  <nd ref="3693142420"/>
  <nd ref="3693142415"/>
  <nd ref="3693142421"/>
  <nd ref="3693142412"/>
  <nd ref="3693142413"/>
  <nd ref="3693142410"/>
  <tag k="building" v="apartments"/>
 </way>
 <way id="365315046" visible="true" version="1" changeset="33290598" timestamp="2015-08-12T12:36:52Z" user="KUNSHAN_nshe22" uid="3137687">
  <nd ref="3693345828"/>
  <nd ref="3693345829"/>
  <nd ref="3693345830"/>
  <nd ref="3693345831"/>
  <nd ref="3693345832"/>
  <nd ref="3693345833"/>
  <nd ref="3693345834"/>
  <nd ref="3693345835"/>
  <nd ref="3693345836"/>
  <nd ref="3693345837"/>
  <nd ref="3693345838"/>
  <nd ref="3693345839"/>
  <nd ref="3693345840"/>
  <nd ref="3693345841"/>
  <nd ref="3693345842"/>
  <nd ref="3693345843"/>
  <nd ref="3693345844"/>
  <nd ref="3693345845"/>
  <nd ref="3693345846"/>
  <nd ref="3693345847"/>
  <nd ref="3693345848"/>
  <nd ref="3693345849"/>
  <nd ref="3693345850"/>
  <nd ref="3693345828"/>
  <tag k="natural" v="water"/>
 </way>
 <way id="365338804" visible="true" version="1" changeset="33293005" timestamp="2015-08-12T14:20:24Z" user="KUNSHAN_nshe22" uid="3137687">
  <nd ref="3693530887"/>
  <nd ref="3693530888"/>
  <nd ref="3693530889"/>
  <nd ref="3693530890"/>
  <nd ref="3693530891"/>
  <nd ref="3693530892"/>
  <nd ref="3693530893"/>
  <nd ref="3693530894"/>
  <nd ref="3693530895"/>
  <nd ref="3693530896"/>
  <nd ref="3693530897"/>
  <nd ref="3693530898"/>
  <nd ref="3693530899"/>
  <nd ref="3693530900"/>
  <nd ref="3693530887"/>
  <tag k="leisure" v="park"/>
  <tag k="name" v="Yu Feng Yi Ji (Jade Peak Heritage Spot)"/>
 </way>
 <way id="365421247" visible="true" version="1" changeset="33302351" timestamp="2015-08-12T23:13:56Z" user="KUNSHAN_MAHUR1" uid="3137659">
  <nd ref="3694409986"/>
  <nd ref="3694409987"/>
  <nd ref="3694409988"/>
  <nd ref="3694409989"/>
  <nd ref="3694409990"/>
  <nd ref="3694409991"/>
  <nd ref="3694409992"/>
  <nd ref="3694409993"/>
  <nd ref="3694409994"/>
  <nd ref="3694409995"/>
  <nd ref="3694409996"/>
  <nd ref="3694409997"/>
  <nd ref="3694409998"/>
  <nd ref="3694409999"/>
  <nd ref="3694410000"/>
  <nd ref="3694410001"/>
  <nd ref="3694409986"/>
  <tag k="leisure" v="pitch"/>
 </way>
 <way id="365421249" visible="true" version="2" changeset="121705432" timestamp="2022-05-30T11:39:36Z" user="h4ic8bn3kstr" uid="12863618">
  <nd ref="3694410002"/>
  <nd ref="3694410003"/>
  <nd ref="3694410004"/>
  <nd ref="3694410005"/>
  <nd ref="3694410006"/>
  <nd ref="3694410007"/>
  <nd ref="3694410008"/>
  <nd ref="3694410009"/>
  <nd ref="3694410010"/>
  <nd ref="3694410011"/>
  <nd ref="3694410012"/>
  <nd ref="3694410013"/>
  <nd ref="3694410002"/>
  <tag k="building" v="apartments"/>
 </way>
 <way id="365421251" visible="true" version="2" changeset="121705432" timestamp="2022-05-30T11:39:36Z" user="h4ic8bn3kstr" uid="12863618">
  <nd ref="3694410014"/>
  <nd ref="3694410015"/>
  <nd ref="3694410016"/>
  <nd ref="3694410017"/>
  <nd ref="3694410014"/>
  <tag k="building" v="apartments"/>
 </way>
 <way id="365421252" visible="true" version="2" changeset="121705432" timestamp="2022-05-30T11:39:36Z" user="h4ic8bn3kstr" uid="12863618">
  <nd ref="3694410018"/>
  <nd ref="3694410019"/>
  <nd ref="3694410020"/>
  <nd ref="3694410021"/>
  <nd ref="3694410018"/>
  <tag k="building" v="apartments"/>
 </way>
 <way id="365421254" visible="true" version="1" changeset="33302351" timestamp="2015-08-12T23:13:56Z" user="KUNSHAN_MAHUR1" uid="3137659">
  <nd ref="3694410022"/>
  <nd ref="3694410023"/>
  <nd ref="3694410024"/>
  <nd ref="3694410625"/>
  <nd ref="3694410022"/>
  <tag k="leisure" v="pitch"/>
  <tag k="sport" v="tennis"/>
 </way>
 <way id="365421258" visible="true" version="1" changeset="33302351" timestamp="2015-08-12T23:13:56Z" user="KUNSHAN_MAHUR1" uid="3137659">
  <nd ref="3694410630"/>
  <nd ref="3694410631"/>
  <nd ref="3694410632"/>
  <nd ref="3694410633"/>
  <nd ref="3694410630"/>
  <tag k="building" v="yes"/>
 </way>
 <way id="365426928" visible="true" version="1" changeset="33302417" timestamp="2015-08-12T23:24:12Z" user="KUNSHAN_MAHUR1" uid="3137659">
  <nd ref="3694424083"/>
  <nd ref="3694424084"/>
  <nd ref="3694424085"/>
  <nd ref="3694424086"/>
  <nd ref="3694424083"/>
  <tag k="building" v="yes"/>
 </way>
 <way id="365431511" visible="true" version="2" changeset="115860615" timestamp="2022-01-07T03:53:23Z" user="神諭者" uid="6591408">
  <nd ref="3421756902"/>
  <nd ref="9398253524"/>
  <nd ref="3694465444"/>
  <nd ref="3694465445"/>
  <nd ref="3694465446"/>
  <nd ref="3694465447"/>
  <nd ref="3694465448"/>
  <nd ref="3694465449"/>
  <nd ref="3694465450"/>
  <nd ref="3694465451"/>
  <nd ref="3694465452"/>
  <tag k="highway" v="residential"/>
 </way>
 <way id="365431512" visible="true" version="1" changeset="33302952" timestamp="2015-08-13T00:51:11Z" user="KUNSHAN_MAHUR1" uid="3137659">
  <nd ref="3694465453"/>
  <nd ref="3694465454"/>
  <nd ref="3694465456"/>
  <nd ref="3694465455"/>
  <tag k="highway" v="residential"/>
 </way>
 <way id="477806384" visible="true" version="1" changeset="46484785" timestamp="2017-03-01T04:55:44Z" user="Kate Diaz" uid="4803527">
  <nd ref="4711089962"/>
  <nd ref="4711089965"/>
  <nd ref="4711089964"/>
  <nd ref="4711089963"/>
  <nd ref="3691092372"/>
  <nd ref="4711089962"/>
  <tag k="building" v="yes"/>
 </way>
 <way id="830611226" visible="true" version="5" changeset="168890415" timestamp="2025-07-13T20:44:50Z" user="humanppplus" uid="23089858">
  <nd ref="9398233414"/>
  <nd ref="9398233416"/>
  <nd ref="9398233415"/>
  <nd ref="12898359645"/>
  <nd ref="9398253520"/>
  <tag k="highway" v="secondary"/>
  <tag k="name" v="马鞍山东路"/>
  <tag k="oneway" v="yes"/>
 </way>
 <way id="832180675" visible="true" version="3" changeset="134940968" timestamp="2023-04-15T13:40:49Z" user="shanhulittle" uid="11213533">
  <nd ref="3422801481"/>
  <nd ref="8260655613"/>
  <nd ref="8260655612"/>
  <nd ref="8260655602"/>
  <nd ref="10814486122"/>
  <nd ref="10814486123"/>
  <nd ref="10814486124"/>
  <nd ref="3422801703"/>
  <tag k="bridge" v="yes"/>
  <tag k="highway" v="secondary"/>
  <tag k="layer" v="1"/>
  <tag k="oneway" v="yes"/>
 </way>
 <way id="832198356" visible="true" version="3" changeset="123542487" timestamp="2022-07-13T04:20:35Z" user="shanhulittle" uid="11213533">
  <nd ref="7769726742"/>
  <nd ref="3422801728"/>
  <nd ref="9398233416"/>
  <nd ref="3392418072"/>
  <tag k="highway" v="tertiary"/>
  <tag k="name" v="中山路"/>
 </way>
 <way id="832218110" visible="true" version="5" changeset="168890415" timestamp="2025-07-13T20:44:50Z" user="humanppplus" uid="23089858">
  <nd ref="3421669922"/>
  <nd ref="12898359646"/>
  <nd ref="9398253517"/>
  <nd ref="9398233413"/>
  <nd ref="3392418072"/>
  <nd ref="9398233412"/>
  <tag k="highway" v="secondary"/>
  <tag k="name" v="马鞍山东路"/>
  <tag k="oneway" v="yes"/>
 </way>
 <way id="835649880" visible="true" version="1" changeset="89174995" timestamp="2020-08-10T05:12:03Z" user="Blachernae" uid="10652845">
  <nd ref="7799917635"/>
  <nd ref="7799917636"/>
  <tag k="bridge" v="yes"/>
  <tag k="highway" v="tertiary"/>
  <tag k="layer" v="1"/>
 </way>
 <way id="835649881" visible="true" version="1" changeset="89174995" timestamp="2020-08-10T05:12:03Z" user="Blachernae" uid="10652845">
  <nd ref="3421756903"/>
  <nd ref="7799917635"/>
  <tag k="highway" v="tertiary"/>
 </way>
 <way id="838026281" visible="true" version="1" changeset="89544893" timestamp="2020-08-18T03:15:48Z" user="IjRiver" uid="10811276">
  <nd ref="3692703322"/>
  <nd ref="3692703323"/>
  <tag k="highway" v="residential"/>
 </way>
 <way id="838026282" visible="true" version="1" changeset="89544893" timestamp="2020-08-18T03:15:48Z" user="IjRiver" uid="10811276">
  <nd ref="3721610516"/>
  <nd ref="3692703322"/>
  <tag k="bridge" v="yes"/>
  <tag k="highway" v="residential"/>
  <tag k="layer" v="1"/>
 </way>
 <way id="888500745" visible="true" version="1" changeset="96436567" timestamp="2020-12-25T22:37:06Z" user="lorenzo23622" uid="476483">
  <nd ref="8260655599"/>
  <nd ref="8260655600"/>
  <nd ref="8260655601"/>
  <nd ref="3665607351"/>
  <nd ref="3680259737"/>
  <nd ref="3680259738"/>
  <nd ref="3680259739"/>
  <nd ref="3680259740"/>
  <nd ref="3680259741"/>
  <nd ref="3680259742"/>
  <nd ref="8260655599"/>
  <tag k="leisure" v="park"/>
 </way>
 <way id="888500748" visible="true" version="1" changeset="96436567" timestamp="2020-12-25T22:37:06Z" user="lorenzo23622" uid="476483">
  <nd ref="3694465456"/>
  <nd ref="3694465452"/>
  <nd ref="3694465457"/>
  <nd ref="8260655622"/>
  <tag k="highway" v="residential"/>
 </way>
 <way id="888500749" visible="true" version="2" changeset="115860615" timestamp="2022-01-07T03:53:23Z" user="神諭者" uid="6591408">
  <nd ref="9398253522"/>
  <nd ref="8260655617"/>
  <nd ref="8260655630"/>
  <nd ref="8260655618"/>
  <nd ref="8260655619"/>
  <nd ref="8260655620"/>
  <nd ref="8260655621"/>
  <nd ref="8260655622"/>
  <nd ref="8260655623"/>
  <nd ref="8260655624"/>
  <nd ref="8260655625"/>
  <nd ref="8260655626"/>
  <nd ref="8260655627"/>
  <nd ref="8260655628"/>
  <nd ref="8260655629"/>
  <tag k="highway" v="residential"/>
  <tag k="oneway" v="yes"/>
 </way>
 <way id="1012754444" visible="true" version="1" changeset="115006155" timestamp="2021-12-16T12:02:05Z" user="神諭者" uid="6591408">
  <nd ref="9343568232"/>
  <nd ref="9343568233"/>
  <nd ref="9343568234"/>
  <nd ref="9343568235"/>
  <nd ref="9343568236"/>
  <nd ref="9343568237"/>
  <nd ref="9343568238"/>
  <nd ref="9343568239"/>
  <nd ref="9343568240"/>
  <nd ref="9343568241"/>
  <nd ref="9343568242"/>
  <nd ref="9343568243"/>
  <nd ref="9343568244"/>
  <nd ref="9343568245"/>
  <nd ref="9343568246"/>
  <nd ref="9343568247"/>
  <nd ref="9343568248"/>
  <nd ref="9343568249"/>
  <nd ref="9343568250"/>
  <nd ref="9343568251"/>
  <nd ref="9343568252"/>
  <nd ref="9343568253"/>
  <nd ref="9343568254"/>
  <nd ref="9343568260"/>
  <nd ref="9343568255"/>
  <nd ref="9343568256"/>
  <nd ref="9343568257"/>
  <nd ref="9343568258"/>
  <nd ref="9343568259"/>
  <nd ref="9343568232"/>
  <tag k="natural" v="wood"/>
 </way>
 <way id="1018947768" visible="true" version="1" changeset="115860615" timestamp="2022-01-07T03:53:23Z" user="神諭者" uid="6591408">
  <nd ref="9398253523"/>
  <nd ref="9398253525"/>
  <nd ref="9398253526"/>
  <nd ref="9398253527"/>
  <nd ref="9398253528"/>
  <nd ref="9398253529"/>
  <nd ref="9398253530"/>
  <nd ref="9398253531"/>
  <nd ref="9398253532"/>
  <nd ref="9398253533"/>
  <nd ref="9398253534"/>
  <nd ref="9398253535"/>
  <nd ref="9398253536"/>
  <tag k="bridge" v="yes"/>
  <tag k="highway" v="secondary"/>
  <tag k="layer" v="1"/>
  <tag k="name" v="马鞍山东路"/>
  <tag k="oneway" v="yes"/>
 </way>
 <way id="1018947770" visible="true" version="1" changeset="115860615" timestamp="2022-01-07T03:53:23Z" user="神諭者" uid="6591408">
  <nd ref="9398253549"/>
  <nd ref="9398253548"/>
  <nd ref="9398253547"/>
  <nd ref="9398253546"/>
  <nd ref="9398253545"/>
  <nd ref="9398253544"/>
  <nd ref="9398253543"/>
  <nd ref="9398253542"/>
  <nd ref="9398253541"/>
  <nd ref="9398253540"/>
  <nd ref="9398253539"/>
  <nd ref="9398253519"/>
  <tag k="bridge" v="yes"/>
  <tag k="highway" v="secondary"/>
  <tag k="layer" v="1"/>
  <tag k="name" v="马鞍山东路"/>
  <tag k="oneway" v="yes"/>
 </way>
 <way id="1079862804" visible="true" version="1" changeset="123824553" timestamp="2022-07-19T21:08:04Z" user="Wood32" uid="11693767">
  <nd ref="9898320545"/>
  <nd ref="9898320546"/>
  <nd ref="9898320547"/>
  <nd ref="9898320548"/>
  <nd ref="9898320545"/>
  <tag k="leisure" v="pitch"/>
  <tag k="sport" v="basketball"/>
 </way>
 <way id="1115893403" visible="true" version="1" changeset="129178331" timestamp="2022-11-21T04:14:47Z" user="shanhulittle" uid="11213533">
  <nd ref="10206346733"/>
  <nd ref="10206346738"/>
  <nd ref="10206346737"/>
  <nd ref="10206346736"/>
  <nd ref="10206346735"/>
  <tag k="name" v="团结河"/>
  <tag k="waterway" v="drain"/>
 </way>
 <way id="1162800108" visible="true" version="6" changeset="168890415" timestamp="2025-07-13T20:44:50Z" user="humanppplus" uid="23089858">
  <nd ref="10814486121"/>
  <nd ref="12898359650"/>
  <nd ref="10814486119"/>
  <nd ref="10814486120"/>
  <nd ref="10814486125"/>
  <tag k="highway" v="secondary"/>
  <tag k="lanes" v="3"/>
  <tag k="lit" v="yes"/>
  <tag k="name" v="北门路"/>
  <tag k="oneway" v="yes"/>
  <tag k="surface" v="asphalt"/>
 </way>
 <way id="1162800109" visible="true" version="1" changeset="134940968" timestamp="2023-04-15T13:40:49Z" user="shanhulittle" uid="11213533">
  <nd ref="10814486110"/>
  <nd ref="10814486114"/>
  <nd ref="10814486115"/>
  <nd ref="10814486116"/>
  <nd ref="10814486117"/>
  <nd ref="10814486118"/>
  <nd ref="10814486121"/>
  <tag k="bridge" v="yes"/>
  <tag k="highway" v="secondary"/>
  <tag k="layer" v="1"/>
  <tag k="name" v="北门路"/>
  <tag k="oneway" v="yes"/>
 </way>
 <way id="1162800110" visible="true" version="1" changeset="134940968" timestamp="2023-04-15T13:40:49Z" user="shanhulittle" uid="11213533">
  <nd ref="10814486131"/>
  <nd ref="10814486132"/>
  <nd ref="10814486133"/>
  <nd ref="10814486134"/>
  <nd ref="10814486135"/>
  <nd ref="10814486136"/>
  <nd ref="10814486137"/>
  <nd ref="10814486138"/>
  <nd ref="10814486139"/>
  <nd ref="10814486140"/>
  <tag k="waterway" v="ditch"/>
 </way>
 <way id="1162800111" visible="true" version="1" changeset="134940968" timestamp="2023-04-15T13:40:49Z" user="shanhulittle" uid="11213533">
  <nd ref="10814486141"/>
  <nd ref="10814486142"/>
  <nd ref="10814486143"/>
  <nd ref="10814486144"/>
  <nd ref="10814486145"/>
  <nd ref="10814486146"/>
  <nd ref="10814486147"/>
  <nd ref="10814486148"/>
  <nd ref="10814486149"/>
  <nd ref="8009681935"/>
  <tag k="waterway" v="ditch"/>
 </way>
 <way id="1162800112" visible="true" version="1" changeset="134940968" timestamp="2023-04-15T13:40:49Z" user="shanhulittle" uid="11213533">
  <nd ref="10814486140"/>
  <nd ref="10814486141"/>
  <tag k="layer" v="-1"/>
  <tag k="tunnel" v="culvert"/>
  <tag k="waterway" v="ditch"/>
 </way>
 <way id="1162800113" visible="true" version="1" changeset="134940968" timestamp="2023-04-15T13:40:49Z" user="shanhulittle" uid="11213533">
  <nd ref="10814486151"/>
  <nd ref="10814486150"/>
  <tag k="bridge" v="yes"/>
  <tag k="highway" v="service"/>
  <tag k="layer" v="1"/>
 </way>
 <way id="1188568777" visible="true" version="1" changeset="138319100" timestamp="2023-07-10T04:34:19Z" user="serySky" uid="19819528">
  <nd ref="3694409986"/>
  <nd ref="11036634392"/>
  <nd ref="11036634393"/>
  <nd ref="3665538621"/>
  <nd ref="3665538623"/>
  <nd ref="3694409997"/>
  <nd ref="3694409986"/>
  <tag k="amenity" v="school"/>
  <tag k="grades" v="7-9"/>
  <tag k="name" v="昆山市第二中学（本部校区）"/>
  <tag k="website" v="https://ksez.ksecloud.cn/"/>
 </way>
 <way id="1202581374" visible="true" version="2" changeset="167374000" timestamp="2025-06-09T00:04:02Z" user="Maps Man" uid="10216874">
  <nd ref="11148569493"/>
  <nd ref="11148594206"/>
  <nd ref="3692749153"/>
  <nd ref="3692749152"/>
  <nd ref="11148569494"/>
  <nd ref="10814486129"/>
  <nd ref="12898359641"/>
  <nd ref="12898359644"/>
  <nd ref="11148569495"/>
  <nd ref="11148569493"/>
 </way>
 <way id="1202581375" visible="true" version="1" changeset="140460977" timestamp="2023-08-27T17:04:31Z" user="ParadoX_ZLWC" uid="2507347">
  <nd ref="11148569496"/>
  <nd ref="11148569497"/>
  <nd ref="11148569498"/>
  <nd ref="11148569499"/>
  <nd ref="11148569496"/>
  <tag k="building" v="yes"/>
 </way>
 <way id="1202581376" visible="true" version="1" changeset="140460977" timestamp="2023-08-27T17:04:31Z" user="ParadoX_ZLWC" uid="2507347">
  <nd ref="11148569500"/>
  <nd ref="11148569501"/>
  <nd ref="11148569502"/>
  <nd ref="11148569503"/>
  <nd ref="11148569500"/>
  <tag k="building" v="yes"/>
 </way>
 <way id="1202581377" visible="true" version="2" changeset="167374000" timestamp="2025-06-09T00:04:02Z" user="Maps Man" uid="10216874">
  <nd ref="11148569504"/>
  <nd ref="11148594271"/>
  <nd ref="11148594205"/>
  <nd ref="12898359639"/>
  <nd ref="12898359638"/>
  <nd ref="11148594206"/>
  <tag k="highway" v="pedestrian"/>
 </way>
 <way id="1202581378" visible="true" version="1" changeset="140460977" timestamp="2023-08-27T17:04:31Z" user="ParadoX_ZLWC" uid="2507347">
  <nd ref="11148594207"/>
  <nd ref="11148594208"/>
  <nd ref="11148594252"/>
  <nd ref="11148594253"/>
  <nd ref="11148594209"/>
  <nd ref="11148594210"/>
  <nd ref="11148594258"/>
  <nd ref="11148594255"/>
  <nd ref="11148594207"/>
  <tag k="building" v="yes"/>
 </way>
 <way id="1202581379" visible="true" version="1" changeset="140460977" timestamp="2023-08-27T17:04:31Z" user="ParadoX_ZLWC" uid="2507347">
  <nd ref="11148594211"/>
  <nd ref="11148594230"/>
  <nd ref="11148594223"/>
  <nd ref="11148594212"/>
  <nd ref="11148594213"/>
  <nd ref="11148594240"/>
  <nd ref="11148594241"/>
  <nd ref="11148594257"/>
  <nd ref="11148594256"/>
  <nd ref="11148594260"/>
  <nd ref="11148594214"/>
  <nd ref="11148594211"/>
  <tag k="building" v="yes"/>
 </way>
 <way id="1202581380" visible="true" version="1" changeset="140460977" timestamp="2023-08-27T17:04:31Z" user="ParadoX_ZLWC" uid="2507347">
  <nd ref="11148594215"/>
  <nd ref="11148594259"/>
  <nd ref="11148594251"/>
  <nd ref="11148594254"/>
  <nd ref="11148594250"/>
  <nd ref="11148594239"/>
  <nd ref="11148594216"/>
  <nd ref="11148594217"/>
  <nd ref="11148594220"/>
  <nd ref="11148594219"/>
  <nd ref="11148594218"/>
  <nd ref="11148594215"/>
  <tag k="building" v="yes"/>
 </way>
 <way id="1202581381" visible="true" version="1" changeset="140460977" timestamp="2023-08-27T17:04:31Z" user="ParadoX_ZLWC" uid="2507347">
  <nd ref="11148594219"/>
  <nd ref="11148594220"/>
  <nd ref="11148594221"/>
  <nd ref="11148594222"/>
  <nd ref="11148594219"/>
  <tag k="building" v="yes"/>
 </way>
 <way id="1202581382" visible="true" version="1" changeset="140460977" timestamp="2023-08-27T17:04:31Z" user="ParadoX_ZLWC" uid="2507347">
  <nd ref="11148594223"/>
  <nd ref="11148594224"/>
  <nd ref="11148594225"/>
  <nd ref="11148594226"/>
  <nd ref="11148594227"/>
  <nd ref="11148594228"/>
  <nd ref="11148594229"/>
  <nd ref="11148594230"/>
  <nd ref="11148594223"/>
  <tag k="building" v="yes"/>
 </way>
 <way id="1202581383" visible="true" version="1" changeset="140460977" timestamp="2023-08-27T17:04:31Z" user="ParadoX_ZLWC" uid="2507347">
  <nd ref="11148594231"/>
  <nd ref="11148594232"/>
  <nd ref="11148594233"/>
  <nd ref="11148594234"/>
  <nd ref="11148594231"/>
  <tag k="building" v="yes"/>
 </way>
 <way id="1202581384" visible="true" version="2" changeset="167374000" timestamp="2025-06-09T00:04:02Z" user="Maps Man" uid="10216874">
  <nd ref="11148594235"/>
  <nd ref="11148594236"/>
  <nd ref="12898359652"/>
  <nd ref="11148594237"/>
  <nd ref="11148594238"/>
  <nd ref="12898359653"/>
  <nd ref="11148594235"/>
  <tag k="building" v="xitai"/>
 </way>
 <way id="1202581385" visible="true" version="2" changeset="167374000" timestamp="2025-06-09T00:04:02Z" user="Maps Man" uid="10216874">
  <nd ref="11148594239"/>
  <nd ref="11148594237"/>
  <nd ref="12898359652"/>
  <nd ref="11148594236"/>
  <nd ref="11148594240"/>
  <nd ref="11148594213"/>
  <nd ref="12898359651"/>
  <nd ref="11148594216"/>
  <nd ref="11148594239"/>
  <tag k="building" v="yes"/>
 </way>
 <way id="1202581386" visible="true" version="2" changeset="167374000" timestamp="2025-06-09T00:04:02Z" user="Maps Man" uid="10216874">
  <nd ref="11148594241"/>
  <nd ref="11148594242"/>
  <nd ref="11148594243"/>
  <nd ref="11148594244"/>
  <nd ref="11148594245"/>
  <nd ref="12898359654"/>
  <nd ref="11148594246"/>
  <nd ref="11148594247"/>
  <nd ref="11148594248"/>
  <nd ref="11148594249"/>
  <nd ref="11148594250"/>
  <nd ref="11148594239"/>
  <nd ref="11148594237"/>
  <nd ref="11148594238"/>
  <nd ref="12898359653"/>
  <nd ref="11148594235"/>
  <nd ref="11148594236"/>
  <nd ref="11148594240"/>
  <nd ref="11148594241"/>
  <tag k="natural" v="water"/>
 </way>
 <way id="1202581387" visible="true" version="2" changeset="167374000" timestamp="2025-06-09T00:04:02Z" user="Maps Man" uid="10216874">
  <nd ref="11148594242"/>
  <nd ref="11148594249"/>
  <nd ref="11148594248"/>
  <nd ref="11148594247"/>
  <nd ref="11148594246"/>
  <nd ref="12898359654"/>
  <nd ref="11148594245"/>
  <nd ref="11148594244"/>
  <nd ref="11148594243"/>
  <nd ref="11148594242"/>
  <tag k="area" v="yes"/>
  <tag k="highway" v="pedestrian"/>
 </way>
 <way id="1202581388" visible="true" version="1" changeset="140460977" timestamp="2023-08-27T17:04:31Z" user="ParadoX_ZLWC" uid="2507347">
  <nd ref="11148594251"/>
  <nd ref="11148594252"/>
  <nd ref="11148594253"/>
  <nd ref="11148594254"/>
  <nd ref="11148594251"/>
  <tag k="building" v="yes"/>
 </way>
 <way id="1202581389" visible="true" version="1" changeset="140460977" timestamp="2023-08-27T17:04:31Z" user="ParadoX_ZLWC" uid="2507347">
  <nd ref="11148594255"/>
  <nd ref="11148594256"/>
  <nd ref="11148594257"/>
  <nd ref="11148594258"/>
  <nd ref="11148594255"/>
  <tag k="building" v="yes"/>
 </way>
 <way id="1202581390" visible="true" version="1" changeset="140460977" timestamp="2023-08-27T17:04:31Z" user="ParadoX_ZLWC" uid="2507347">
  <nd ref="11148594259"/>
  <nd ref="11148594260"/>
  <nd ref="11148594214"/>
  <nd ref="11148594215"/>
  <nd ref="11148594259"/>
  <tag k="building" v="yes"/>
 </way>
 <way id="1202581391" visible="true" version="1" changeset="140460977" timestamp="2023-08-27T17:04:31Z" user="ParadoX_ZLWC" uid="2507347">
  <nd ref="11148594261"/>
  <nd ref="11148594262"/>
  <nd ref="11148594263"/>
  <nd ref="11148594264"/>
  <nd ref="11148594261"/>
  <tag k="leisure" v="garden"/>
 </way>
 <way id="1202581392" visible="true" version="1" changeset="140460977" timestamp="2023-08-27T17:04:31Z" user="ParadoX_ZLWC" uid="2507347">
  <nd ref="11148569504"/>
  <nd ref="11148594267"/>
  <tag k="highway" v="footway"/>
 </way>
 <way id="1202581393" visible="true" version="2" changeset="167374000" timestamp="2025-06-09T00:04:02Z" user="Maps Man" uid="10216874">
  <nd ref="12898359654"/>
  <nd ref="12898359653"/>
  <nd ref="12898359652"/>
  <nd ref="12898359651"/>
  <nd ref="11148594268"/>
  <nd ref="11148594269"/>
  <nd ref="11148594270"/>
  <nd ref="11148594271"/>
  <tag k="highway" v="footway"/>
 </way>
 <way id="1202581394" visible="true" version="1" changeset="140460977" timestamp="2023-08-27T17:04:31Z" user="ParadoX_ZLWC" uid="2507347">
  <nd ref="11148594272"/>
  <nd ref="11148594273"/>
  <nd ref="11148594274"/>
  <nd ref="11148594275"/>
  <nd ref="11148594272"/>
  <tag k="landuse" v="grass"/>
 </way>
 <way id="1242814824" visible="true" version="1" changeset="146672563" timestamp="2024-01-25T12:53:08Z" user="First3h" uid="17132058">
  <nd ref="11549837969"/>
  <nd ref="11549837968"/>
  <nd ref="11549837967"/>
  <nd ref="11549837966"/>
  <nd ref="11549837965"/>
  <nd ref="11549837964"/>
  <nd ref="11549837963"/>
  <nd ref="11549837962"/>
  <nd ref="11549837961"/>
  <nd ref="11549837960"/>
  <nd ref="11549837959"/>
  <nd ref="11549837958"/>
  <nd ref="11549837957"/>
  <nd ref="11549837956"/>
  <nd ref="11549837955"/>
  <nd ref="11549837954"/>
  <nd ref="11549837953"/>
  <nd ref="11549837952"/>
  <nd ref="11549837951"/>
  <nd ref="11549837950"/>
  <nd ref="11549837949"/>
  <nd ref="11549837948"/>
  <nd ref="11549837947"/>
  <nd ref="11549837969"/>
  <tag k="landuse" v="residential"/>
  <tag k="name" v="香樟园"/>
 </way>
 <way id="1242814825" visible="true" version="1" changeset="146672563" timestamp="2024-01-25T12:53:08Z" user="First3h" uid="17132058">
  <nd ref="11549837997"/>
  <nd ref="11549837996"/>
  <nd ref="11549837995"/>
  <nd ref="11549837994"/>
  <nd ref="11549837993"/>
  <nd ref="11549837992"/>
  <nd ref="11549837991"/>
  <nd ref="11549837990"/>
  <nd ref="11549837989"/>
  <nd ref="11549837988"/>
  <nd ref="11549837987"/>
  <nd ref="11549837986"/>
  <nd ref="11549837985"/>
  <nd ref="11549837984"/>
  <nd ref="11549837983"/>
  <nd ref="11549837982"/>
  <nd ref="11549837981"/>
  <nd ref="11549837980"/>
  <nd ref="11549837979"/>
  <nd ref="11549837978"/>
  <nd ref="11549837977"/>
  <nd ref="11549837976"/>
  <nd ref="11549837975"/>
  <nd ref="11549837974"/>
  <nd ref="11549837973"/>
  <nd ref="11549837972"/>
  <nd ref="11549837971"/>
  <nd ref="11549837970"/>
  <nd ref="11549837997"/>
  <tag k="landuse" v="residential"/>
  <tag k="name" v="通山新村"/>
 </way>
 <way id="1242814826" visible="true" version="1" changeset="146672563" timestamp="2024-01-25T12:53:08Z" user="First3h" uid="17132058">
  <nd ref="11549837999"/>
  <nd ref="11549837998"/>
  <tag k="highway" v="residential"/>
 </way>
 <way id="1242814827" visible="true" version="1" changeset="146672563" timestamp="2024-01-25T12:53:08Z" user="First3h" uid="17132058">
  <nd ref="8260655626"/>
  <nd ref="11549838001"/>
  <nd ref="11549837999"/>
  <nd ref="11549838000"/>
  <tag k="highway" v="residential"/>
 </way>
 <way id="1393408247" visible="true" version="1" changeset="167374000" timestamp="2025-06-09T00:04:02Z" user="Maps Man" uid="10216874">
  <nd ref="12898359644"/>
  <nd ref="12898359646"/>
  <nd ref="12898359645"/>
  <nd ref="12898359643"/>
  <nd ref="12898359647"/>
  <nd ref="12898359642"/>
  <nd ref="12898359640"/>
  <nd ref="12898359649"/>
  <nd ref="12898359648"/>
  <nd ref="12898359641"/>
  <tag k="crossing" v="marked"/>
  <tag k="crossing:markings" v="zebra"/>
  <tag k="footway" v="crossing"/>
  <tag k="highway" v="footway"/>
 </way>
 <way id="1393408248" visible="true" version="1" changeset="167374000" timestamp="2025-06-09T00:04:02Z" user="Maps Man" uid="10216874">
  <nd ref="10814486150"/>
  <nd ref="12898359650"/>
  <tag k="highway" v="service"/>
 </way>
 <way id="1414502739" visible="true" version="1" changeset="168890415" timestamp="2025-07-13T20:44:50Z" user="humanppplus" uid="23089858">
  <nd ref="9398253519"/>
  <nd ref="9398253518"/>
  <nd ref="10814486125"/>
  <tag k="highway" v="secondary"/>
  <tag k="name" v="马鞍山东路"/>
  <tag k="oneway" v="yes"/>
 </way>
 <way id="1414502740" visible="true" version="1" changeset="168890415" timestamp="2025-07-13T20:44:50Z" user="humanppplus" uid="23089858">
  <nd ref="3421756902"/>
  <nd ref="9398253522"/>
  <nd ref="9398253523"/>
  <tag k="highway" v="secondary"/>
  <tag k="name" v="马鞍山东路"/>
  <tag k="oneway" v="yes"/>
 </way>
 <way id="1414502741" visible="true" version="1" changeset="168890415" timestamp="2025-07-13T20:44:50Z" user="humanppplus" uid="23089858">
  <nd ref="3421669922"/>
  <nd ref="9398253520"/>
  <tag k="highway" v="secondary"/>
  <tag k="lanes" v="4"/>
  <tag k="name" v="亭林路"/>
  <tag k="surface" v="asphalt"/>
 </way>
 <way id="1414502742" visible="true" version="1" changeset="168890415" timestamp="2025-07-13T20:44:50Z" user="humanppplus" uid="23089858">
  <nd ref="9398253520"/>
  <nd ref="12898359649"/>
  <nd ref="9398253521"/>
  <nd ref="10814486130"/>
  <nd ref="3421756902"/>
  <tag k="highway" v="secondary"/>
  <tag k="name" v="马鞍山东路"/>
  <tag k="oneway" v="yes"/>
 </way>
 <way id="1414502743" visible="true" version="1" changeset="168890415" timestamp="2025-07-13T20:44:50Z" user="humanppplus" uid="23089858">
  <nd ref="10814486125"/>
  <nd ref="10814486130"/>
  <tag k="highway" v="secondary"/>
  <tag k="lanes" v="3"/>
  <tag k="lit" v="yes"/>
  <tag k="name" v="北门路"/>
  <tag k="oneway" v="yes"/>
  <tag k="surface" v="asphalt"/>
 </way>
 <way id="1414502744" visible="true" version="1" changeset="168890415" timestamp="2025-07-13T20:44:50Z" user="humanppplus" uid="23089858">
  <nd ref="10814486125"/>
  <nd ref="3692703299"/>
  <nd ref="12898359648"/>
  <nd ref="3421669922"/>
  <tag k="highway" v="secondary"/>
  <tag k="name" v="马鞍山东路"/>
  <tag k="oneway" v="yes"/>
 </way>
 <relation id="9064899" visible="true" version="5" changeset="122982777" timestamp="2022-06-29T05:19:50Z" user="926zzz" uid="12729734">
  <member type="way" ref="401154344" role=""/>
  <member type="way" ref="984003891" role=""/>
  <member type="way" ref="335046504" role=""/>
  <member type="way" ref="87678057" role=""/>
  <member type="way" ref="71919534" role=""/>
  <member type="way" ref="888268979" role=""/>
  <member type="way" ref="749920038" role=""/>
  <member type="way" ref="749920037" role=""/>
  <tag k="name" v="新浏河"/>
  <tag k="type" v="waterway"/>
  <tag k="waterway" v="river"/>
 </relation>
 <relation id="16248331" visible="true" version="1" changeset="140460977" timestamp="2023-08-27T17:04:31Z" user="ParadoX_ZLWC" uid="2507347">
  <member type="way" ref="1202581374" role="outer"/>
  <member type="way" ref="1202581375" role="inner"/>
  <member type="way" ref="1202581376" role="inner"/>
  <tag k="highway" v="pedestrian"/>
  <tag k="type" v="multipolygon"/>
 </relation>
 <relation id="19350001" visible="true" version="1" changeset="168890415" timestamp="2025-07-13T20:44:50Z" user="humanppplus" uid="23089858">
  <member type="node" ref="12998012972" role="stop"/>
  <member type="node" ref="12998012973" role="platform"/>
  <member type="node" ref="12998021512" role="platform"/>
  <tag k="name" v="亭林园"/>
  <tag k="public_transport" v="stop_area"/>
  <tag k="type" v="public_transport"/>
 </relation>
 <relation id="19350002" visible="true" version="1" changeset="168890415" timestamp="2025-07-13T20:44:50Z" user="humanppplus" uid="23089858">
  <member type="node" ref="12998012974" role="stop"/>
  <member type="node" ref="12998012975" role="platform"/>
  <member type="node" ref="12998021510" role="stop"/>
  <member type="node" ref="12998021511" role="platform"/>
  <tag k="name" v="奥灶馆"/>
  <tag k="public_transport" v="stop_area"/>
  <tag k="type" v="public_transport"/>
 </relation>
 <relation id="19350003" visible="true" version="1" changeset="168890415" timestamp="2025-07-13T20:44:50Z" user="humanppplus" uid="23089858">
  <member type="node" ref="12998012976" role="stop"/>
  <member type="node" ref="12998012977" role="platform"/>
  <member type="node" ref="12998021508" role="stop"/>
  <member type="node" ref="12998021509" role="platform"/>
  <tag k="name" v="昆山宾馆"/>
  <tag k="public_transport" v="stop_area"/>
  <tag k="type" v="public_transport"/>
 </relation>
 <relation id="19350008" visible="true" version="2" changeset="175200409" timestamp="2025-11-27T14:20:07Z" user="神諭者" uid="6591408">
  <member type="way" ref="1414502751" role=""/>
  <member type="way" ref="1414502750" role=""/>
  <member type="way" ref="340200491" role=""/>
  <member type="way" ref="888488823" role=""/>
  <member type="way" ref="1162800103" role=""/>
  <member type="way" ref="1414502753" role=""/>
  <member type="way" ref="1414502754" role=""/>
  <member type="way" ref="1162800102" role=""/>
  <member type="way" ref="1162800109" role=""/>
  <member type="way" ref="1162800108" role=""/>
  <member type="way" ref="1414502744" role=""/>
  <member type="way" ref="1414502741" role=""/>
  <member type="way" ref="335037155" role=""/>
  <member type="way" ref="1202581373" role=""/>
  <member type="way" ref="359754206" role=""/>
  <member type="way" ref="1454171775" role=""/>
  <member type="way" ref="359754212" role=""/>
  <member type="way" ref="1414502747" role=""/>
  <member type="way" ref="1414502749" role=""/>
  <member type="way" ref="1414502746" role=""/>
  <member type="way" ref="1414502748" role=""/>
  <member type="way" ref="1414502742" role=""/>
  <member type="way" ref="335163197" role=""/>
  <member type="way" ref="832180675" role=""/>
  <member type="way" ref="832180676" role=""/>
  <member type="way" ref="122452472" role=""/>
  <member type="way" ref="1414502756" role=""/>
  <member type="way" ref="1414502755" role=""/>
  <member type="way" ref="888510309" role=""/>
  <member type="way" ref="888488821" role=""/>
  <member type="way" ref="1414502737" role=""/>
  <member type="node" ref="12998012934" role=""/>
  <member type="node" ref="12998021552" role=""/>
  <member type="node" ref="12998012936" role=""/>
  <member type="node" ref="12998021549" role=""/>
  <member type="node" ref="12998021548" role=""/>
  <member type="node" ref="12998012938" role=""/>
  <member type="node" ref="12998021546" role=""/>
  <member type="node" ref="12998012940" role=""/>
  <member type="node" ref="12998012942" role=""/>
  <member type="node" ref="12998021544" role=""/>
  <member type="node" ref="12998012944" role=""/>
  <member type="node" ref="12998021542" role=""/>
  <member type="node" ref="12998012946" role=""/>
  <member type="node" ref="12998021540" role=""/>
  <member type="node" ref="12998012948" role=""/>
  <member type="node" ref="12998021538" role=""/>
  <member type="node" ref="12998012950" role=""/>
  <member type="node" ref="12998021536" role=""/>
  <member type="node" ref="12998012952" role=""/>
  <member type="node" ref="12998021534" role=""/>
  <member type="node" ref="12998012954" role=""/>
  <member type="node" ref="12998021532" role=""/>
  <member type="node" ref="12998012956" role=""/>
  <member type="node" ref="12998021530" role=""/>
  <member type="node" ref="12998021528" role=""/>
  <member type="node" ref="12998012958" role=""/>
  <member type="node" ref="12998012960" role=""/>
  <member type="node" ref="12998021526" role=""/>
  <member type="node" ref="12998021524" role=""/>
  <member type="node" ref="12998012962" role=""/>
  <member type="node" ref="12998012964" role=""/>
  <member type="node" ref="12998021522" role=""/>
  <member type="node" ref="12998021520" role=""/>
  <member type="node" ref="12998012966" role=""/>
  <member type="node" ref="12998021518" role=""/>
  <member type="node" ref="12998012968" role=""/>
  <member type="node" ref="12998021516" role=""/>
  <member type="node" ref="12998012970" role=""/>
  <member type="node" ref="12998021514" role=""/>
  <member type="node" ref="12998012971" role=""/>
  <member type="node" ref="12998021512" role=""/>
  <member type="node" ref="12998012973" role=""/>
  <member type="node" ref="12998021511" role=""/>
  <member type="node" ref="12998012975" role=""/>
  <member type="node" ref="12998012977" role=""/>
  <member type="node" ref="12998021509" role=""/>
  <member type="node" ref="12998012979" role=""/>
  <member type="node" ref="12998021507" role=""/>
  <member type="node" ref="12998012981" role=""/>
  <member type="node" ref="12998021503" role=""/>
  <member type="node" ref="12998021502" role=""/>
  <member type="node" ref="12998012983" role=""/>
  <member type="node" ref="12998013000" role=""/>
  <tag k="name" v="昆山公交1路"/>
  <tag k="ref" v="1"/>
  <tag k="route" v="bus"/>
  <tag k="type" v="route"/>
 </relation>
</osm>
